No.,Pokémon,Entry,Bucket,Weight,Lv. Min,Lv. Max,Biomes,Excluded Biomes,Time,Weather,Multipliers,Context,Presets,Conditions,Anticonditions,skyLightMin,skyLightMax,canSeeSky,Patternkey=Value
0001,Bulbasaur,1,ultra-rare,6,5,32,"Jungle, Tropical Island",,any,any,,grounded,Natural,,,8,15,,
0002,Ivysaur,1,ultra-rare,3.6,16,40,"Jungle, Tropical Island",,any,any,,grounded,Natural,,,8,15,,
0003,Venusaur,1,ultra-rare,0.4,32,52,"Jungle, Tropical Island",,any,any,,grounded,Natural,,,8,15,,
0004,Charmander,1,ultra-rare,6,5,31,"Hills, Volcanic",,any,clear,,grounded,Natural,,,8,15,,
0004,Charmander,2,ultra-rare,6,5,31,Nether Basalt,,any,any,,grounded,Natural,,,,,any,
0005,Charmeleon,1,ultra-rare,3.6,16,40,"Hills, Volcanic",,any,clear,,grounded,Natural,,,8,15,,
0005,Charmeleon,2,ultra-rare,3.6,16,40,Nether Basalt,,any,any,,grounded,Natural,,,,,any,
0006,Charizard,1,ultra-rare,0.4,36,53,"Hills, Volcanic",,any,clear,,grounded,Natural,,,8,15,,
0006,Charizard,2,ultra-rare,0.4,36,53,Nether Basalt,,any,any,,grounded,Natural,,,,,any,
0007,Squirtle,1,ultra-rare,6,5,31,"Freshwater, Hills, Jungle, Temperate, Tropical Island",Freezing,any,any,,grounded,Natural,minecraft:water,,8,15,,
0007,Squirtle,2,ultra-rare,6,5,31,"Freshwater, Hills, Jungle, Temperate, Tropical Island",Freezing,any,any,,submerged,Water,,,,,TRUE,
0007,Squirtle,3,ultra-rare,6,5,31,"Freshwater, Hills, Jungle, Temperate, Tropical Island",Freezing,any,any,,fishing,,,,,,TRUE,
0007,Squirtle,4,ultra-rare,6,5,31,"Freshwater, Hills, Jungle, Temperate, Tropical Island",Freezing,any,any,,submerged,Water,,,8,15,FALSE,
0007,Squirtle,5,ultra-rare,6,5,31,"Freshwater, Hills, Jungle, Temperate, Tropical Island",Freezing,any,any,,fishing,,,,8,15,FALSE,
0008,Wartortle,1,ultra-rare,3.6,16,40,"Freshwater, Hills, Jungle, Temperate, Tropical Island",Freezing,any,any,,grounded,Natural,minecraft:water,,8,15,,
0008,Wartortle,2,ultra-rare,3.6,16,40,"Freshwater, Hills, Jungle, Temperate, Tropical Island",Freezing,any,any,,submerged,Water,,,,,TRUE,
0008,Wartortle,3,ultra-rare,3.6,16,40,"Freshwater, Hills, Jungle, Temperate, Tropical Island",Freezing,any,any,,fishing,,,,,,TRUE,
0008,Wartortle,4,ultra-rare,3.6,16,40,"Freshwater, Hills, Jungle, Temperate, Tropical Island",Freezing,any,any,,submerged,Water,,,8,15,FALSE,
0008,Wartortle,5,ultra-rare,3.6,16,40,"Freshwater, Hills, Jungle, Temperate, Tropical Island",Freezing,any,any,,fishing,,,,8,15,FALSE,
0009,Blastoise,1,ultra-rare,0.4,36,53,"Freshwater, Hills, Jungle, Temperate, Tropical Island",Freezing,any,any,,grounded,Natural,minecraft:water,,8,15,,
0009,Blastoise,2,ultra-rare,0.4,36,53,"Freshwater, Hills, Jungle, Temperate, Tropical Island",Freezing,any,any,,submerged,Water,,,,,TRUE,
0009,Blastoise,3,ultra-rare,0.4,36,53,"Freshwater, Hills, Jungle, Temperate, Tropical Island",Freezing,any,any,,fishing,,,,,,TRUE,
0009,Blastoise,4,ultra-rare,0.4,36,53,"Freshwater, Hills, Jungle, Temperate, Tropical Island",Freezing,any,any,,submerged,Water,,,8,15,FALSE,
0009,Blastoise,5,ultra-rare,0.4,36,53,"Freshwater, Hills, Jungle, Temperate, Tropical Island",Freezing,any,any,,fishing,,,,8,15,FALSE,
0010,Caterpie,1,common,7,1,20,"Forest, Plains, Skyroot Forest, Skyroot Woodland","Freezing, Spooky",any,any,,grounded,"Natural, Foliage, Treetop",,,8,15,,
0010,Caterpie [Valencian],2,common,7,1,20,"Jungle, Tropical Island",,any,any,,grounded,"Natural, Treetop",,,8,15,,
0010,Caterpie [Valencian],3,common,4.5,1,20,Floral Meadow,,any,any,,grounded,,,structure:#the_bumblezone:sempiternal_sanctums,,,any,
0011,Metapod,1,common,2,7,21,"Forest, Plains, Skyroot Forest, Skyroot Woodland","Freezing, Spooky",any,any,,grounded,"Natural, Foliage, Treetop",,,8,15,,
0011,Metapod [Valencian],2,common,2,7,21,"Jungle, Tropical Island",,any,any,,grounded,"Natural, Treetop",,,8,15,,
0011,Metapod [Valencian],3,common,1,7,21,Floral Meadow,,any,any,,grounded,,,structure:#the_bumblezone:sempiternal_sanctums,,,any,
0012,Butterfree,1,common,1,10,40,Temperate,"Floral, Freezing, Spooky",day,any,,grounded,Natural,,,8,15,,
0012,Butterfree,2,common,10,10,40,Floral,,day,any,,grounded,Natural,,,8,15,,
0012,Butterfree,3,common,1,10,40,Aether,,any,any,,grounded,Natural,,,8,15,,
0012,Butterfree [Valencian],4,common,1,10,40,"Jungle, Tropical Island",,day,any,,grounded,Natural,,,8,15,,
0012,Butterfree [Valencian],5,common,5,10,40,Floral Meadow,,any,any,,grounded,,,structure:#the_bumblezone:sempiternal_sanctums,,,any,
0013,Weedle,1,common,7,1,20,"Forest, Jungle, Skyroot Forest, Skyroot Woodland",Freezing,any,any,,grounded,"Natural, Treetop",,,8,15,,
0013,Weedle,2,common,3,1,20,Bumblezone,,any,any,,grounded,,,structure:#the_bumblezone:sempiternal_sanctums,,,any,
0014,Kakuna,1,common,2,7,21,"Forest, Jungle, Skyroot Forest, Skyroot Woodland",Freezing,any,any,,grounded,"Natural, Treetop",,,8,15,,
0014,Kakuna,2,common,2,7,21,Bumblezone,,any,any,,grounded,,,structure:#the_bumblezone:sempiternal_sanctums,,,any,
0015,Beedrill,1,common,1,10,40,"Forest, Jungle, Skyroot Forest, Skyroot Woodland",Freezing,day,clear,,grounded,Natural,,,8,15,,
0015,Beedrill,2,common,5,10,40,Bumblezone,,any,any,,grounded,,,structure:#the_bumblezone:sempiternal_sanctums,,,any,
0016,Pidgey,1,common,9,1,25,"Temperate, Sky",Spooky,day,any,,grounded,"Natural, Treetop",,,8,15,,
0016,Pidgey,3,common,9,1,25,"Skyroot Forest, Skyroot Woodland",,any,any,,grounded,"Natural, Treetop",,,8,15,,
0017,Pidgeotto,1,common,0.9,18,35,"Temperate, Sky",Spooky,day,any,,grounded,"Natural, Treetop",,,8,15,,
0017,Pidgeotto,3,common,0.9,18,35,"Skyroot Forest, Skyroot Woodland",,any,any,,grounded,"Natural, Treetop",,,8,15,,
0018,Pidgeot,1,common,0.1,36,48,"Temperate, Sky",Spooky,day,any,,grounded,"Natural, Treetop",,,8,15,,
0018,Pidgeot,3,common,0.1,36,48,"Skyroot Forest, Skyroot Woodland",,any,any,,grounded,"Natural, Treetop",,,8,15,,
0019,Rattata,1,common,9,1,25,Grassland,Spooky,night,any,,grounded,Natural,,,8,15,,
0019,Rattata,2,common,9,1,25,Overworld,Deep Dark,any,any,,grounded,Natural,minY = 0,,0,7,,
0019,Rattata,3,uncommon,8.4,1,25,Overworld,Deep Dark,any,any,,grounded,Derelict,minY = 0,,,,FALSE,
0019,Rattata [Alolan],4,common,9,1,25,Overworld,Deep Dark,any,any,,grounded,Natural,maxY = 0,,0,7,,
0019,Rattata [Alolan],5,uncommon,8.4,1,25,Overworld,Deep Dark,any,any,,grounded,Derelict,maxY = 0,,,,FALSE,
0019,Rattata [Alolan],6,common,9,1,25,Spooky,,night,any,,grounded,Natural,,,8,15,,
0019,Rattata [Alolan],7,uncommon,8.4,1,25,Spooky,Deep Dark,any,any,,grounded,Derelict,,,,,FALSE,
0020,Raticate,1,common,1,20,41,Grassland,Spooky,night,any,,grounded,Natural,,,8,15,,
0020,Raticate,2,common,1,20,41,Overworld,Deep Dark,any,any,,grounded,Natural,minY = 0,,0,7,,
0020,Raticate,3,uncommon,1.6,20,41,Overworld,Deep Dark,any,any,,grounded,Derelict,minY = 0,,,,FALSE,
0020,Raticate [Alolan],4,common,1,20,41,Overworld,Deep Dark,any,any,,grounded,Natural,maxY = 0,,0,7,,
0020,Raticate [Alolan],5,uncommon,1.6,20,41,Overworld,Deep Dark,any,any,,grounded,Derelict,maxY = 0,,,,FALSE,
0020,Raticate [Alolan],6,common,1,20,41,Spooky,,night,any,,grounded,Natural,,,8,15,,
0020,Raticate [Alolan],7,uncommon,1.6,20,41,Spooky,Deep Dark,any,any,,grounded,Derelict,,,,,FALSE,
0021,Spearow,1,common,9,1,26,"Badlands, Savanna, Sky",,day,any,,grounded,"Natural, Treetop",,,8,15,,
0022,Fearow,1,common,1,20,44,"Badlands, Savanna, Sky",,day,any,,grounded,"Natural, Treetop",,,8,15,,
0023,Ekans,1,common,4.05,4,29,Arid,,any,any,,grounded,Natural,,,8,15,,snake_pattern=classic
0023,Ekans,2,common,0.27,4,29,Arid,,any,any,,grounded,Natural,,,8,15,,"snake_pattern=legacy, attack, speed, elusive, sound"
0023,Ekans,3,common,5.4,4,29,Nether Desert,,any,any,,grounded,Natural,,,,,any,snake_pattern=dark
0024,Arbok,1,common,0.45,22,45,Arid,,any,any,,grounded,Natural,,,8,15,,snake_pattern=classic
0024,Arbok,2,common,0.03,22,45,Arid,,any,any,,grounded,Natural,,,8,15,,"snake_pattern=legacy, attack, speed, elusive, sound"
0024,Arbok,3,common,0.6,22,45,Nether Desert,,any,any,,grounded,Natural,,,,,any,snake_pattern=dark
0025,Pikachu,1,uncommon,0.712,16,32,Forest,Spooky,any,any,Storm x5,grounded,Natural,,,8,15,,
0025,Pikachu,2,uncommon,0.304,16,32,"Beach, Skyroot Forest, Skyroot Woodland, Tropical Island",Freezing,any,any,Storm x5,grounded,Natural,,,8,15,,region_bias=alola
0026,Raichu,1,uncommon,0.048,27,49,Forest,Spooky,any,any,Storm x5,grounded,Natural,,,8,15,,
0026,Raichu [Alolan],2,uncommon,0.016,27,49,"Beach, Skyroot Forest, Skyroot Woodland, Tropical Island",Freezing,any,any,Storm x5,grounded,Natural,,,8,15,,
0027,Sandshrew,1,common,9,5,30,Arid,,any,any,,grounded,Natural,,,,,any,
0028,Sandslash,1,common,1,22,45,Arid,,any,any,,grounded,Natural,,,,,any,
0029,Nidoran♀,1,uncommon,8.4,3,28,Savanna,,any,any,,grounded,"Natural, Wild",,,8,15,,
0030,Nidorina,1,uncommon,1.52,16,37,Savanna,,any,any,,grounded,"Natural, Wild",,,8,15,,
0031,Nidoqueen,1,uncommon,0.08,37,51,Savanna,,any,any,,grounded,"Natural, Wild",,,8,15,,
0032,Nidoran♂,1,uncommon,8.4,3,28,Savanna,,any,any,,grounded,"Natural, Wild",,,8,15,,
0033,Nidorino,1,uncommon,1.52,16,37,Savanna,,any,any,,grounded,"Natural, Wild",,,8,15,,
0034,Nidoking,1,uncommon,0.08,37,51,Savanna,,any,any,,grounded,"Natural, Wild",,,8,15,,
0035,Clefairy,1,uncommon,1.52,17,32,Dripstone,,night,any,,grounded,Natural,,,8,15,,
0035,Clefairy,2,uncommon,1.52,17,32,"Aether, Dripstone",,any,any,,grounded,Natural,,,0,7,,
0035,Clefairy,3,uncommon,1.52,17,32,Hills,,night,any,,grounded,Natural,Full Moon,,8,15,,
0035,Clefairy,4,uncommon,1.52,17,32,Magical,Spooky,night,any,,grounded,Natural,,,8,15,,
0036,Clefable,1,uncommon,0.08,27,48,Dripstone,,night,any,,grounded,Natural,,,8,15,,
0036,Clefable,2,uncommon,0.08,27,48,"Aether, Dripstone",,any,any,,grounded,Natural,,,0,7,,
0036,Clefable,3,uncommon,0.08,27,48,Hills,,night,any,,grounded,Natural,Full Moon,,8,15,,
0036,Clefable,4,uncommon,0.08,27,48,Magical,Spooky,night,any,,grounded,Natural,,,8,15,,
0037,Vulpix,1,uncommon,5.52,5,30,"Forest, Taiga",Freezing,any,any,Twilight x2.5,grounded,Natural,,,8,15,,
0037,Vulpix,2,common,1.9,5,30,Nether Forest,Nether Frozen,any,any,,grounded,Natural,,,,,any,
0037,Vulpix [Alolan],3,uncommon,5.52,5,30,"Snowy Forest, Snowy Taiga",,any,any,Twilight x2.5,grounded,Natural,,,8,15,,
0037,Vulpix [Alolan],4,common,1.9,5,30,Nether Frozen,,any,any,,grounded,Natural,,,,,any,
0038,Ninetales,1,uncommon,0.48,25,51,"Forest, Taiga",Freezing,any,any,Twilight x2.5,grounded,Natural,,,8,15,,
0038,Ninetales,2,common,0.1,25,51,Nether Forest,Nether Frozen,any,any,,grounded,Natural,,,,,any,
0038,Ninetales [Alolan],3,uncommon,0.48,25,51,"Snowy Forest, Snowy Taiga",,any,any,Twilight x2.5,grounded,Natural,,,8,15,,
0038,Ninetales [Alolan],4,common,0.1,25,51,Nether Frozen,,any,any,,grounded,Natural,,,,,any,
0039,Jigglypuff,1,common,0.95,16,27,Floral,,any,any,Night x1.5,grounded,Natural,,,8,15,,
0039,Jigglypuff,2,common,0.19,16,27,Plains,Floral,any,any,Night x1.5,grounded,Natural,,,8,15,,
0039,Jigglypuff,3,common,0.95,16,27,"Skyroot Grove, Skyroot Meadow",,any,any,,grounded,Natural,,,8,15,,
0040,Wigglytuff,1,common,0.05,22,44,Floral,,any,any,Night x1.5,grounded,Natural,,,8,15,,
0040,Wigglytuff,2,common,0.01,22,44,Plains,Floral,any,any,Night x1.5,grounded,Natural,,,8,15,,
0040,Wigglytuff,3,common,0.05,22,44,"Skyroot Grove, Skyroot Meadow",,any,any,,grounded,Natural,,,8,15,,
0041,Zubat,1,common,1.8,1,25,"Forest, Swamp","Spooky, Freezing",night,clear,,grounded,Natural,,,8,15,,
0041,Zubat,3,common,1.8,1,25,"Forest, Swamp","Spooky, Freezing",any,any,Night x0.25,grounded,Natural,,,0,7,,
0041,Zubat,4,common,9,1,25,Overworld,"Deep Dark, Forest, Swamp",any,any,Day x1.5,grounded,Natural,,,0,7,,
0041,Zubat,5,uncommon,8.4,1,25,Overworld,"Deep Dark, Forest, Swamp",any,any,Day x1.5,grounded,Derelict,,,,,FALSE,
0041,Zubat,6,common,9,1,25,Spooky,,any,clear,Night x1.5,grounded,Natural,,,8,15,,
0041,Zubat,8,uncommon,8.4,1,25,Deep Dark,,any,any,,grounded,Natural,,,0,7,,
0041,Zubat,9,common,9,1,25,Aether,,any,any,,grounded,Natural,,,0,7,,
0042,Golbat,1,common,0.18,22,46,"Forest, Swamp","Spooky, Freezing",night,clear,,grounded,Natural,,,8,15,,
0042,Golbat,3,common,0.18,22,46,"Forest, Swamp","Spooky, Freezing",any,any,Night x0.25,grounded,Natural,,,0,7,,
0042,Golbat,4,common,0.9,22,46,Overworld,"Deep Dark, Forest, Swamp",any,any,Day x1.5,grounded,Natural,,,0,7,,
0042,Golbat,5,uncommon,1.52,22,46,Overworld,"Deep Dark, Forest, Swamp",any,any,Day x1.5,grounded,Derelict,,,,,FALSE,
0042,Golbat,6,common,0.9,22,46,Spooky,,any,clear,Night x1.5,grounded,Natural,,,8,15,,
0042,Golbat,8,uncommon,1.52,22,46,Deep Dark,,any,any,,grounded,Natural,,,0,7,,
0042,Golbat,9,common,0.9,22,46,Aether,,any,any,,grounded,Natural,,,0,7,,
0043,Oddish,1,common,9,7,32,Jungle,,any,any,Day x0.25,grounded,Natural,,,8,15,,
0043,Oddish,2,common,1.8,7,32,Temperate,,any,any,Day x0.25,grounded,Natural,,,8,15,,
0043,Oddish [Valencian],3,common,1.8,7,32,"Savanna, Tropical Island",,any,any,Day x0.25,grounded,Natural,,,8,15,,
0044,Gloom,1,common,0.95,21,40,Jungle,,any,any,Day x0.25,grounded,Natural,,,8,15,,
0044,Gloom,2,common,0.19,21,40,Temperate,,any,any,Day x0.25,grounded,Natural,,,8,15,,
0044,Gloom [Valencian],3,common,0.19,21,40,"Savanna, Tropical Island",,any,any,Day x0.25,grounded,Natural,,,8,15,,
0045,Vileplume,1,common,0.05,35,49,Jungle,,night,any,,grounded,Natural,,,8,15,,
0045,Vileplume,2,common,0.01,35,49,Temperate,,night,any,,grounded,Natural,,,8,15,,
0045,Vileplume [Valencian],3,common,0.01,35,49,"Savanna, Tropical Island",,night,any,,grounded,Natural,,,8,15,,
0046,Paras,1,uncommon,8.4,4,29,Lush,,any,any,,grounded,Natural,,"structure:cobblemon:shipwreck_coves/lush_shipwreck_cove, minY = -41, maxY = 9",0,7,,
0046,Paras,2,common,9,4,29,Mushroom,,any,any,,grounded,Natural,,,,,any,
0046,Paras,3,common,9,4,29,Nether Fungus,Nether Warped,any,any,,grounded,Natural,,,,,any,
0046,Paras,4,uncommon,8.4,4,29,Overworld,Lush,any,any,,grounded,Natural,"structure:cobblemon:shipwreck_coves/lush_shipwreck_cove, minY = -41, maxY = 9",,0,7,,
0047,Parasect,1,uncommon,1.6,24,41,Lush,,any,any,,grounded,Natural,,"structure:cobblemon:shipwreck_coves/lush_shipwreck_cove, minY = -41, maxY = 9",0,7,,
0047,Parasect,2,common,1,24,41,Mushroom,,any,any,,grounded,Natural,,,,,any,
0047,Parasect,3,common,1,24,41,Nether Fungus,Nether Warped,any,any,,grounded,Natural,,,,,any,
0047,Parasect,4,uncommon,1.6,24,41,Overworld,Lush,any,any,,grounded,Natural,"structure:cobblemon:shipwreck_coves/lush_shipwreck_cove, minY = -41, maxY = 9",,0,7,,
0048,Venonat,1,common,5.4,6,31,"Spooky, Swamp",,night,any,,grounded,Natural,,,8,15,,
0049,Venomoth,1,common,0.6,31,45,"Spooky, Swamp",,night,clear,,grounded,Natural,,,8,15,,
0050,Diglett,1,common,9,2,27,Overworld,Deep Dark,any,any,,grounded,Natural,minY = 0,,0,7,,
0050,Diglett [Alolan],2,common,9,2,27,Overworld,Deep Dark,any,any,,grounded,Natural,maxY = 0,,0,7,,
0051,Dugtrio,1,common,1,26,43,Overworld,Deep Dark,any,any,,grounded,Natural,minY = 0,,0,7,,
0051,Dugtrio [Alolan],2,common,1,26,43,Overworld,Deep Dark,any,any,,grounded,Natural,maxY = 0,,0,7,,
0052,Meowth,1,common,9,4,29,Overworld,"Arid, Freezing, Taiga",any,clear,Night x1.5,grounded,"Natural, Urban",,,8,15,,
0052,Meowth,2,common,9,4,29,Overworld,"Arid, Freezing, Taiga",any,clear,Night x1.5,grounded,Natural,structure:#minecraft:village,,8,15,,
0052,Meowth,3,common,9,4,29,Arid,,any,any,Night x1.5,grounded,"Natural, Urban",,,8,15,,
0052,Meowth,4,common,9,4,29,Arid,,any,any,Night x1.5,grounded,Natural,structure:#minecraft:village,,8,15,,
0052,Meowth [Alolan],5,common,54,4,29,Overworld,"Arid, Freezing",any,clear,Night x1.5,grounded,"Natural, Illager_Structures",,,8,15,,
0052,Meowth [Alolan],6,common,54,4,29,"Arid, Freezing",,any,any,Night x1.5,grounded,"Natural, Illager_Structures",,,8,15,,
0052,Meowth [Alolan],7,uncommon,50.4,4,29,Overworld,,any,any,,grounded,Illager_Structures,minY = 62,,,,FALSE,
0052,Meowth [Galarian],8,common,9,4,29,"Freezing, Taiga",,any,any,Night x1.5,grounded,"Natural, Urban",,,8,15,,
0052,Meowth [Galarian],9,common,9,4,29,"Freezing, Taiga",,any,any,Night x1.5,grounded,Natural,structure:#minecraft:village,,8,15,,
0053,Persian,1,common,1,28,44,Overworld,"Arid, Freezing, Taiga",any,clear,Night x1.5,grounded,"Natural, Urban",,,8,15,,
0053,Persian,2,common,1,28,44,Overworld,"Arid, Freezing, Taiga",any,clear,Night x1.5,grounded,Natural,structure:#minecraft:village,,8,15,,
0053,Persian,3,common,1,28,44,Arid,,any,any,Night x1.5,grounded,"Natural, Urban",,,8,15,,
0053,Persian,4,common,1,28,44,Arid,,any,any,Night x1.5,grounded,Natural,structure:#minecraft:village,,8,15,,
0053,Persian [Alolan],5,common,6,28,44,Overworld,"Arid, Freezing",any,clear,Night x1.5,grounded,"Natural, Illager_Structures",,,8,15,,
0053,Persian [Alolan],6,common,6,28,44,"Arid, Freezing",,any,any,Night x1.5,grounded,"Natural, Illager_Structures",,,8,15,,
0053,Persian [Alolan],7,uncommon,9.6,28,44,Overworld,,any,any,,grounded,Illager_Structures,minY = 62,,,,FALSE,
0054,Psyduck,1,common,5.4,7,32,Swamp,,any,any,,grounded,Natural,,,8,15,,
0054,Psyduck,2,common,5.4,7,32,"Forest, Freshwater, Grassland, Magical, Tropical Island","Freezing, Swamp",any,any,,grounded,Natural,minecraft:water,,8,15,,
0054,Psyduck,3,common,5.4,7,32,"Forest, Freshwater, Grassland, Magical, Tropical Island",Freezing,any,any,,submerged,Water,,,8,15,TRUE,
0054,Psyduck,4,common,1.8,7,32,"Forest, Freshwater, Grassland, Magical, Tropical Island",Freezing,any,any,"Lure2 x3, Lure3 x5",fishing,,,,8,15,TRUE,
0055,Golduck,1,common,0.6,33,50,Swamp,,any,any,,grounded,Natural,,,8,15,,
0055,Golduck,2,common,0.6,33,50,"Forest, Freshwater, Grassland, Magical, Tropical Island","Freezing, Swamp",any,any,,grounded,Natural,minecraft:water,,8,15,,
0055,Golduck,3,common,0.6,33,50,"Forest, Freshwater, Grassland, Magical, Tropical Island",Freezing,any,any,,submerged,Water,,,8,15,TRUE,
0055,Golduck,4,common,0.2,33,50,"Forest, Freshwater, Grassland, Magical, Tropical Island",Freezing,any,any,"Lure2 x3, Lure3 x5",fishing,,,,8,15,TRUE,
0056,Mankey,1,common,5.4,6,31,"Hills, Jungle",,any,any,,grounded,"Natural, Treetop",,,8,15,,
0057,Primeape,1,common,0.54,28,46,"Hills, Jungle",,any,any,,grounded,"Natural, Treetop",,,8,15,,
0058,Growlithe,1,uncommon,9.2,10,35,Overworld,Desert,any,any,,grounded,"Natural, Urban",,,8,15,,
0058,Growlithe,2,uncommon,9.2,10,35,Overworld,Desert,any,any,,grounded,Natural,structure:#minecraft:village,,8,15,,
0059,Arcanine,1,uncommon,0.8,30,56,Overworld,Desert,any,any,,grounded,"Natural, Urban",,,8,15,,
0059,Arcanine,2,uncommon,0.8,30,56,Overworld,Desert,any,any,,grounded,Natural,structure:#minecraft:village,,8,15,,
0060,Poliwag,1,common,9,5,30,Swamp,,any,rain,,grounded,Natural,,,8,15,,
0060,Poliwag,2,common,9,5,30,Swamp,,any,any,,submerged,Water,minecraft:lily_pad,,,,TRUE,
0060,Poliwag,3,common,5.4,5,30,"Freshwater, Hills, Jungle, Magical, Mushroom, Temperate","Freezing, Swamp",any,rain,,grounded,Natural,minecraft:water,,8,15,,
0060,Poliwag,4,common,5.4,5,30,"Freshwater, Hills, Jungle, Magical, Mushroom, Temperate","Freezing, Swamp",any,any,,submerged,Water,,,,,TRUE,
0060,Poliwag,5,common,1.8,5,30,Lush,,any,any,,grounded,Natural,,"structure:cobblemon:shipwreck_coves/lush_shipwreck_cove, minY = -41, maxY = 9",0,7,,
0060,Poliwag,6,common,5.4,5,30,Lush,,any,any,,submerged,Water,,"structure:cobblemon:shipwreck_coves/lush_shipwreck_cove, minY = -41, maxY = 9",0,7,,
0060,Poliwag,7,common,9,5,30,"Freshwater, Hills, Jungle, Magical, Mushroom, Temperate",Freezing,any,any,,fishing,,,,,,TRUE,
0060,Poliwag,8,common,9,5,30,Lush,,any,any,Lure0/1 x0.6,fishing,,,"structure:cobblemon:shipwreck_coves/lush_shipwreck_cove, minY = -41, maxY = 9",0,7,,
0060,Poliwag,9,common,9,5,30,Swamp,,any,any,,submerged,Water,minecraft:lily_pad,,8,15,FALSE,
0060,Poliwag,10,common,5.4,5,30,"Freshwater, Hills, Jungle, Magical, Mushroom, Temperate","Freezing, Swamp",any,any,,submerged,Water,,,8,15,FALSE,
0060,Poliwag,11,common,9,5,30,"Freshwater, Hills, Jungle, Magical, Mushroom, Temperate",Freezing,any,any,,fishing,,,,8,15,FALSE,
0060,Poliwag,12,common,1.8,5,30,Overworld,Lush,any,any,,grounded,Natural,"structure:cobblemon:shipwreck_coves/lush_shipwreck_cove, minY = -41, maxY = 9",,0,7,,
0060,Poliwag,13,common,5.4,5,30,Overworld,Lush,any,any,,submerged,Water,"structure:cobblemon:shipwreck_coves/lush_shipwreck_cove, minY = -41, maxY = 9",,0,7,,
0060,Poliwag,14,common,9,5,30,Overworld,Lush,any,any,Lure0/1 x0.6,fishing,,"structure:cobblemon:shipwreck_coves/lush_shipwreck_cove, minY = -41, maxY = 9",,0,7,,
0061,Poliwhirl,1,common,0.95,25,39,Swamp,,any,rain,,grounded,Natural,,,8,15,,
0061,Poliwhirl,2,common,0.95,25,39,Swamp,,any,any,,submerged,Water,minecraft:lily_pad,,,,TRUE,
0061,Poliwhirl,3,common,0.57,25,39,"Freshwater, Hills, Jungle, Magical, Mushroom, Temperate","Freezing, Swamp",any,rain,,grounded,Natural,minecraft:water,,8,15,,
0061,Poliwhirl,4,common,0.57,25,39,"Freshwater, Hills, Jungle, Magical, Mushroom, Temperate","Freezing, Swamp",any,any,,submerged,Water,,,,,TRUE,
0061,Poliwhirl,5,common,0.19,25,39,Lush,,any,any,,grounded,Natural,,"structure:cobblemon:shipwreck_coves/lush_shipwreck_cove, minY = -41, maxY = 9",0,7,,
0061,Poliwhirl,6,common,0.57,25,39,Lush,,any,any,,submerged,Water,,"structure:cobblemon:shipwreck_coves/lush_shipwreck_cove, minY = -41, maxY = 9",0,7,,
0061,Poliwhirl,7,common,0.95,25,39,"Freshwater, Hills, Jungle, Magical, Mushroom, Temperate",Freezing,any,any,,fishing,,,,,,TRUE,
0061,Poliwhirl,8,common,0.95,25,39,Lush,,any,any,Lure0/1 x0.6,fishing,,,"structure:cobblemon:shipwreck_coves/lush_shipwreck_cove, minY = -41, maxY = 9",0,7,,
0061,Poliwhirl,9,common,0.95,25,39,Swamp,,any,any,,submerged,Water,minecraft:lily_pad,,8,15,FALSE,
0061,Poliwhirl,10,common,0.57,25,39,"Freshwater, Hills, Jungle, Magical, Mushroom, Temperate","Freezing, Swamp",any,any,,submerged,Water,,,8,15,FALSE,
0061,Poliwhirl,11,common,0.95,25,39,"Freshwater, Hills, Jungle, Magical, Mushroom, Temperate",Freezing,any,any,,fishing,,,,8,15,FALSE,
0061,Poliwhirl,12,common,0.19,25,39,Overworld,Lush,any,any,,grounded,Natural,"structure:cobblemon:shipwreck_coves/lush_shipwreck_cove, minY = -41, maxY = 9",,0,7,,
0061,Poliwhirl,13,common,0.57,25,39,Overworld,Lush,any,any,,submerged,Water,"structure:cobblemon:shipwreck_coves/lush_shipwreck_cove, minY = -41, maxY = 9",,0,7,,
0061,Poliwhirl,14,common,0.95,25,39,Overworld,Lush,any,any,Lure0/1 x0.6,fishing,,"structure:cobblemon:shipwreck_coves/lush_shipwreck_cove, minY = -41, maxY = 9",,0,7,,
0062,Poliwrath,1,common,0.025,34,51,Swamp,,any,rain,,grounded,Natural,,,8,15,,
0062,Poliwrath,2,common,0.025,34,51,Swamp,,any,any,,submerged,Water,minecraft:lily_pad,,,,TRUE,
0062,Poliwrath,3,common,0.015,34,51,"Freshwater, Hills, Jungle, Magical, Mushroom, Temperate","Freezing, Swamp",any,rain,,grounded,Natural,minecraft:water,,8,15,,
0062,Poliwrath,4,common,0.015,34,51,"Freshwater, Hills, Jungle, Magical, Mushroom, Temperate","Freezing, Swamp",any,any,,submerged,Water,,,,,TRUE,
0062,Poliwrath,5,common,0.005,34,51,Lush,,any,any,,grounded,Natural,,"structure:cobblemon:shipwreck_coves/lush_shipwreck_cove, minY = -41, maxY = 9",0,7,,
0062,Poliwrath,6,common,0.015,34,51,Lush,,any,any,,submerged,Water,,"structure:cobblemon:shipwreck_coves/lush_shipwreck_cove, minY = -41, maxY = 9",0,7,,
0062,Poliwrath,7,common,0.025,34,51,"Freshwater, Hills, Jungle, Magical, Mushroom, Temperate",Freezing,any,any,,fishing,,,,,,TRUE,
0062,Poliwrath,8,common,0.025,34,51,Lush,,any,any,Lure0/1 x0.6,fishing,,,"structure:cobblemon:shipwreck_coves/lush_shipwreck_cove, minY = -41, maxY = 9",0,7,,
0062,Poliwrath,9,common,0.025,34,51,Swamp,,any,any,,submerged,Water,minecraft:lily_pad,,8,15,FALSE,
0062,Poliwrath,10,common,0.015,34,51,"Freshwater, Hills, Jungle, Magical, Mushroom, Temperate","Freezing, Swamp",any,any,,submerged,Water,,,8,15,FALSE,
0062,Poliwrath,11,common,0.025,34,51,"Freshwater, Hills, Jungle, Magical, Mushroom, Temperate",Freezing,any,any,,fishing,,,,8,15,FALSE,
0062,Poliwrath,12,common,0.005,34,51,Overworld,Lush,any,any,,grounded,Natural,"structure:cobblemon:shipwreck_coves/lush_shipwreck_cove, minY = -41, maxY = 9",,0,7,,
0062,Poliwrath,13,common,0.015,34,51,Overworld,Lush,any,any,,submerged,Water,"structure:cobblemon:shipwreck_coves/lush_shipwreck_cove, minY = -41, maxY = 9",,0,7,,
0062,Poliwrath,14,common,0.025,34,51,Overworld,Lush,any,any,Lure0/1 x0.6,fishing,,"structure:cobblemon:shipwreck_coves/lush_shipwreck_cove, minY = -41, maxY = 9",,0,7,,
0063,Abra,1,rare,7.5,6,31,"Hills, Temperate",Magical,night,any,,grounded,Natural,,,8,15,,
0063,Abra,2,uncommon,8.4,6,31,Magical,,night,any,,grounded,Natural,,,8,15,,
0063,Abra,3,common,1.8,6,31,Overworld,,any,any,,grounded,Mansion,,,,,FALSE,
0064,Kadabra,1,rare,2.375,16,40,"Hills, Temperate",Magical,night,any,,grounded,Natural,,,8,15,,
0064,Kadabra,2,uncommon,1.52,16,40,Magical,,night,any,,grounded,Natural,,,8,15,,
0064,Kadabra,3,common,0.19,16,40,Overworld,,any,any,,grounded,Mansion,,,,,FALSE,
0065,Alakazam,1,rare,0.125,35,50,"Hills, Temperate",Magical,night,any,,grounded,Natural,,,8,15,,
0065,Alakazam,2,uncommon,0.08,35,50,Magical,,night,any,,grounded,Natural,,,8,15,,
0065,Alakazam,3,common,0.01,35,50,Overworld,,any,any,,grounded,Mansion,,,,,FALSE,
0066,Machop,1,common,5.4,6,31,Hills,,any,any,Night x0.25,grounded,Natural,,,8,15,,
0067,Machoke,1,common,0.57,28,41,Hills,,any,any,Night x0.25,grounded,Natural,,,8,15,,
0068,Machamp,1,common,0.03,36,51,Hills,,any,any,Night x0.25,grounded,Natural,,,8,15,,
0069,Bellsprout,1,common,9,5,30,Jungle,,any,any,,grounded,Natural,,,8,15,,
0070,Weepinbell,1,common,0.95,21,39,Jungle,,any,any,,grounded,Natural,,,8,15,,
0071,Victreebel,1,common,0.05,34,49,Jungle,,any,any,,grounded,Natural,,,8,15,,
0072,Tentacool,1,common,9,9,34,Ocean,,any,any,,surface,Water,,,,,TRUE,
0072,Tentacool,2,uncommon,8.4,9,34,Overworld,"Dripstone, Lush",any,any,,submerged,Water,,"structure:#cobblemon:shipwreck_cove, minY = -60, maxY = 13",0,7,FALSE,
0072,Tentacool,3,common,1.8,9,34,Ocean,,any,any,,submerged,Water,,,8,15,,
0072,Tentacool,4,common,9,9,34,Ocean,,any,any,,fishing,,,,,,TRUE,
0072,Tentacool,5,common,9,9,34,Overworld,"Dripstone, Lush",any,any,Lure0/1 x0.6,fishing,,,"structure:#cobblemon:shipwreck_cove, minY = -60, maxY = 13",0,7,FALSE,
0072,Tentacool,6,common,9,9,34,Ocean,,any,any,,fishing,,,,8,15,FALSE,
0072,Tentacool,7,common,9,9,34,Overworld,,any,any,,submerged,Water,"structure:cobblemon:shipwreck_coves/submerged_shipwreck_cove, minY = -60, maxY = 13",,,,FALSE,
0072,Tentacool,8,common,9,9,34,Overworld,,any,any,,fishing,,"structure:cobblemon:shipwreck_coves/submerged_shipwreck_cove, minY = -60, maxY = 13",,,,FALSE,
0073,Tentacruel,1,common,1,30,52,Ocean,,any,any,,surface,Water,,,,,TRUE,
0073,Tentacruel,2,uncommon,1.6,30,52,Overworld,"Dripstone, Lush",any,any,,submerged,Water,,"structure:#cobblemon:shipwreck_cove, minY = -60, maxY = 13",0,7,FALSE,
0073,Tentacruel,3,common,0.2,30,52,Ocean,,any,any,,submerged,Water,,,8,15,,
0073,Tentacruel,4,common,1,30,52,Ocean,,any,any,,fishing,,,,,,TRUE,
0073,Tentacruel,5,common,1,30,52,Overworld,"Dripstone, Lush",any,any,Lure0/1 x0.6,fishing,,,"structure:#cobblemon:shipwreck_cove, minY = -60, maxY = 13",0,7,FALSE,
0073,Tentacruel,6,common,1,30,52,Ocean,,any,any,,fishing,,,,8,15,FALSE,
0073,Tentacruel,7,common,1,30,52,Overworld,,any,any,,submerged,Water,"structure:cobblemon:shipwreck_coves/submerged_shipwreck_cove, minY = -60, maxY = 13",,,,FALSE,
0073,Tentacruel,8,common,1,30,52,Overworld,,any,any,,fishing,,"structure:cobblemon:shipwreck_coves/submerged_shipwreck_cove, minY = -60, maxY = 13",,,,FALSE,
0074,Geodude,1,common,9,5,30,Mountain,,any,any,,grounded,"Natural, Wild",,,8,15,,
0074,Geodude,2,common,9,5,30,Overworld,Deep Dark,any,any,,grounded,Natural,,,0,7,,
0074,Geodude [Alolan],3,common,9,5,30,Overworld,,any,any,,grounded,Natural,#minecraft:iron_ores,,,,any,
0075,Graveler,1,common,0.95,25,39,Mountain,,any,any,,grounded,"Natural, Wild",,,8,15,,
0075,Graveler,2,common,0.95,25,39,Overworld,Deep Dark,any,any,,grounded,Natural,,,0,7,,
0075,Graveler [Alolan],3,common,0.95,25,39,Overworld,,any,any,,grounded,Natural,#minecraft:iron_ores,,,,any,
0076,Golem,1,common,0.05,34,50,Mountain,,any,any,,grounded,"Natural, Wild",,,8,15,,
0076,Golem,2,common,0.05,34,50,Overworld,Deep Dark,any,any,,grounded,Natural,,,0,7,,
0076,Golem [Alolan],3,common,0.05,34,50,Overworld,,any,any,,grounded,Natural,#minecraft:iron_ores,,,,any,
0077,Ponyta,1,uncommon,5.04,16,41,Grassland,"Floral, Magical",any,clear,Night x0.25,grounded,Natural,,,8,15,,
0077,Ponyta,2,common,5.4,16,41,"Nether Overgrowth, Nether Wasteland",,any,any,,grounded,Natural,,,,,any,
0077,Ponyta [Galarian],3,uncommon,8.4,16,41,"Floral, Magical",,any,any,Night x0.25,grounded,"Natural, Wild",,,8,15,,
0077,Ponyta [Galarian],4,common,9,16,41,Aether,,any,any,,grounded,Natural,,,8,15,,
0078,Rapidash,1,uncommon,0.96,40,50,Grassland,"Floral, Magical",any,clear,Night x0.25,grounded,Natural,,,8,15,,
0078,Rapidash,2,common,0.6,40,50,"Nether Overgrowth, Nether Wasteland",,any,any,,grounded,Natural,,,,,any,
0078,Rapidash [Galarian],3,uncommon,1.6,40,50,"Floral, Magical",,any,any,Night x0.25,grounded,"Natural, Wild",,,8,15,,
0078,Rapidash [Galarian],4,common,1,40,50,Aether,,any,any,,grounded,Natural,,,8,15,,
0079,Slowpoke,1,common,5.4,7,32,Beach,,any,any,,grounded,Natural,,,8,15,,
0079,Slowpoke,2,common,6,7,32,River,Freezing,any,any,,grounded,Natural,,,8,15,,
0079,Slowpoke,3,common,1.8,7,32,Beach,,any,any,"Lure2 x3, Lure3 x5",fishing,,,,,,TRUE,
0079,Slowpoke,4,common,2,7,32,Freshwater,Freezing,any,any,"Lure2 x3, Lure3 x5",fishing,,,,,,TRUE,
0079,Slowpoke,5,common,1.8,7,32,Beach,,any,any,"Lure2 x3, Lure3 x5",fishing,,,,8,15,FALSE,
0079,Slowpoke,6,common,2,7,32,Freshwater,Freezing,any,any,"Lure2 x3, Lure3 x5",fishing,,,,8,15,FALSE,
0079,Slowpoke [Galarian],7,common,5.4,7,32,"Mushroom Fields, Tropical Island",,any,any,,grounded,Natural,minecraft:water,,8,15,,
0079,Slowpoke [Galarian],8,common,1.8,7,32,"Mushroom Fields, Tropical Island",,any,any,"Lure2 x3, Lure3 x5",fishing,,,,,,TRUE,
0079,Slowpoke [Galarian],9,common,1.8,7,32,"Mushroom Fields, Tropical Island",,any,any,"Lure2 x3, Lure3 x5",fishing,,,,8,15,FALSE,
0080,Slowbro,1,common,0.45,37,49,Beach,,any,any,,grounded,Natural,,,8,15,,
0080,Slowbro,2,common,0.15,37,49,Beach,,any,any,"Lure2 x3, Lure3 x5",fishing,,,,,,TRUE,
0080,Slowbro,3,common,0.15,37,49,Beach,,any,any,"Lure2 x3, Lure3 x5",fishing,,,,8,15,FALSE,
0080,Slowbro [Galarian],4,common,0.45,37,49,"Mushroom Fields, Tropical Island",,any,any,,grounded,Natural,minecraft:water,,8,15,,
0080,Slowbro [Galarian],5,common,0.15,37,49,"Mushroom Fields, Tropical Island",,any,any,"Lure2 x3, Lure3 x5",fishing,,,,,,TRUE,
0080,Slowbro [Galarian],6,common,0.15,37,49,"Mushroom Fields, Tropical Island",,any,any,"Lure2 x3, Lure3 x5",fishing,,,,8,15,FALSE,
0081,Magnemite,1,uncommon,84,8,33,Overworld,Deep Dark,any,any,,grounded,Redstone,,,,,any,
0081,Magnemite,2,common,1.8,8,33,Overworld,,any,any,Storm x5,grounded,,minecraft:lightning_rod,,8,15,,
0082,Magneton,1,uncommon,15.2,30,47,Overworld,Deep Dark,any,any,,grounded,Redstone,,,,,any,
0082,Magneton,2,common,0.19,30,47,Overworld,,any,any,Storm x5,grounded,,minecraft:lightning_rod,,8,15,,
0083,Farfetch'd,1,common,10,13,38,Overworld,,any,any,Night x0.25,grounded,"Natural, Treetop, Wild",cobblemon:medicinal_leek,,8,15,,
0083,Farfetch'd [Galarian],2,rare,8.75,13,38,Forest,,any,any,Night x0.25,grounded,"Natural, Wild",,minecraft:water,8,15,,
0084,Doduo,1,common,9,6,31,Savanna,,any,any,Night x0.25,grounded,Natural,,,8,15,,
0084,Doduo,2,common,9,6,31,"Skyroot Grove, Skyroot Meadow",,any,any,,grounded,Natural,,,8,15,,
0085,Dodrio,1,common,1,31,47,Savanna,,any,any,Night x0.25,grounded,Natural,,,8,15,,
0085,Dodrio,2,common,1,31,47,"Skyroot Grove, Skyroot Meadow",,any,any,,grounded,Natural,,,8,15,,
0086,Seel,1,common,9,8,33,Frozen Ocean,,any,any,Night x0.25,grounded,"Natural, Wild",,,8,15,,
0086,Seel,2,common,9,8,33,Frozen Ocean,,any,any,Day x0.25,submerged,Water,,,,,TRUE,
0086,Seel,3,common,9,8,33,"Cold Ocean, Frozen Ocean",,any,any,"Day x0.25, Lure0/1 x0.6",fishing,,,,,,TRUE,
0086,Seel,4,common,9,8,33,Frozen Ocean,,any,any,Day x0.25,submerged,Water,,,8,15,FALSE,
0086,Seel,5,common,9,8,33,"Cold Ocean, Frozen Ocean",,any,any,"Day x0.25, Lure0/1 x0.6",fishing,,,,8,15,FALSE,
0087,Dewgong,1,common,1,34,48,Frozen Ocean,,any,any,Night x0.25,grounded,"Natural, Wild",,,8,15,,
0087,Dewgong,2,common,1,34,48,Frozen Ocean,,any,any,Day x0.25,submerged,Water,,,,,TRUE,
0087,Dewgong,3,common,1,34,48,"Cold Ocean, Frozen Ocean",,any,any,"Day x0.25, Lure0/1 x0.6",fishing,,,,,,TRUE,
0087,Dewgong,4,common,1,34,48,Frozen Ocean,,any,any,Day x0.25,submerged,Water,,,8,15,FALSE,
0087,Dewgong,5,common,1,34,48,"Cold Ocean, Frozen Ocean",,any,any,"Day x0.25, Lure0/1 x0.6",fishing,,,,8,15,FALSE,
0088,Grimer,1,uncommon,1.68,8,33,Swamp,,any,any,Night x1.5,surface,Water,,,8,15,,
0088,Grimer,2,uncommon,1.68,8,33,Overworld,Swamp,any,any,Night x1.5,surface,"Water, Urban",,,8,15,,
0088,Grimer,3,uncommon,1.68,8,33,Overworld,Swamp,any,any,Night x1.5,surface,Water,structure:#minecraft:village,,8,15,,
0088,Grimer,4,common,1.8,8,33,Swamp,,any,any,"Lure2 x3, Lure3 x5",fishing,Water,,,,,TRUE,
0088,Grimer,5,common,1.8,8,33,Overworld,Swamp,any,any,"Lure2 x3, Lure3 x5",fishing,"Water, Urban",,,,,TRUE,
0088,Grimer,6,common,1.8,8,33,Overworld,Swamp,any,any,"Lure2 x3, Lure3 x5",fishing,Water,structure:#minecraft:village,,,,TRUE,
0088,Grimer,7,common,1.8,8,33,Swamp,,any,any,"Lure2 x3, Lure3 x5",fishing,Water,,,8,15,FALSE,
0088,Grimer,8,common,1.8,8,33,Overworld,Swamp,any,any,"Lure2 x3, Lure3 x5",fishing,"Water, Urban",,,8,15,FALSE,
0088,Grimer,9,common,1.8,8,33,Overworld,Swamp,any,any,"Lure2 x3, Lure3 x5",fishing,Water,structure:#minecraft:village,,8,15,FALSE,
0088,Grimer [Alolan],10,uncommon,1.68,8,33,Overworld,,any,any,Night x1.5,grounded,"Natural, Urban",,,8,15,,
0088,Grimer [Alolan],11,uncommon,1.68,8,33,Overworld,,any,any,Night x1.5,grounded,Natural,structure:#minecraft:village,,8,15,,
0088,Grimer [Alolan],12,common,9,8,33,Nether Toxic,,any,any,,grounded,Natural,,,,,any,
0089,Muk,1,uncommon,0.32,38,50,Swamp,,any,any,Night x1.5,surface,Water,,,8,15,,
0089,Muk,2,uncommon,0.32,38,50,Overworld,Swamp,any,any,Night x1.5,surface,"Water, Urban",,,8,15,,
0089,Muk,3,uncommon,0.32,38,50,Overworld,Swamp,any,any,Night x1.5,surface,Water,structure:#minecraft:village,,8,15,,
0089,Muk,4,common,0.2,38,50,Swamp,,any,any,"Lure2 x3, Lure3 x5",fishing,Water,,,,,TRUE,
0089,Muk,5,common,0.2,38,50,Overworld,Swamp,any,any,"Lure2 x3, Lure3 x5",fishing,"Water, Urban",,,,,TRUE,
0089,Muk,6,common,0.2,38,50,Overworld,Swamp,any,any,"Lure2 x3, Lure3 x5",fishing,Water,structure:#minecraft:village,,,,TRUE,
0089,Muk,7,common,0.2,38,50,Swamp,,any,any,"Lure2 x3, Lure3 x5",fishing,Water,,,8,15,FALSE,
0089,Muk,8,common,0.2,38,50,Overworld,Swamp,any,any,"Lure2 x3, Lure3 x5",fishing,"Water, Urban",,,8,15,FALSE,
0089,Muk,9,common,0.2,38,50,Overworld,Swamp,any,any,"Lure2 x3, Lure3 x5",fishing,Water,structure:#minecraft:village,,8,15,FALSE,
0089,Muk [Alolan],10,uncommon,0.32,38,50,Overworld,,any,any,Night x1.5,grounded,"Natural, Urban",,,8,15,,
0089,Muk [Alolan],11,uncommon,0.32,38,50,Overworld,,any,any,Night x1.5,grounded,Natural,structure:#minecraft:village,,8,15,,
0089,Muk [Alolan],12,common,1,38,50,Nether Toxic,,any,any,,grounded,Natural,,,,,any,
0090,Shellder,1,common,9.5,6,31,"Cold Ocean, Frozen Ocean",,any,any,,seafloor,Water,,,,,TRUE,
0090,Shellder,2,common,5.7,6,31,Ocean,"Cold Ocean, Frozen Ocean",any,any,,seafloor,Water,,,,,TRUE,
0090,Shellder,3,common,9.5,6,31,"Cold Ocean, Frozen Ocean",,any,any,Lure0/1 x0.6,fishing,,,,,,TRUE,
0090,Shellder,4,common,1.9,6,31,"Coast, Ocean","Cold Ocean, Frozen Ocean",any,any,"Lure2 x3, Lure3 x5",fishing,,,,,,TRUE,
0090,Shellder,5,common,9.5,6,31,"Cold Ocean, Frozen Ocean",,any,any,Lure0/1 x0.6,fishing,,,,8,15,FALSE,
0090,Shellder,6,common,1.9,6,31,"Coast, Ocean","Cold Ocean, Frozen Ocean",any,any,"Lure2 x3, Lure3 x5",fishing,,,,8,15,FALSE,
0090,Shellder,7,common,5.7,6,31,Overworld,,any,any,,seafloor,Water,"structure:cobblemon:shipwreck_coves/submerged_shipwreck_cove, minY = -60, maxY = 13",,,,FALSE,
0090,Shellder,8,common,9.5,6,31,Overworld,,any,any,Lure0/1 x0.6,fishing,,"structure:cobblemon:shipwreck_coves/submerged_shipwreck_cove, minY = -60, maxY = 13",,,,FALSE,
0091,Cloyster,1,common,0.5,26,53,"Cold Ocean, Frozen Ocean",,any,any,,seafloor,Water,,,,,TRUE,
0091,Cloyster,2,common,0.3,26,53,Ocean,"Cold Ocean, Frozen Ocean",any,any,,seafloor,Water,,,,,TRUE,
0091,Cloyster,3,common,0.5,26,53,"Cold Ocean, Frozen Ocean",,any,any,Lure0/1 x0.6,fishing,,,,,,TRUE,
0091,Cloyster,4,common,0.1,26,53,"Coast, Ocean","Cold Ocean, Frozen Ocean",any,any,"Lure2 x3, Lure3 x5",fishing,,,,,,TRUE,
0091,Cloyster,5,common,0.5,26,53,"Cold Ocean, Frozen Ocean",,any,any,Lure0/1 x0.6,fishing,,,,8,15,FALSE,
0091,Cloyster,6,common,0.1,26,53,"Coast, Ocean","Cold Ocean, Frozen Ocean",any,any,"Lure2 x3, Lure3 x5",fishing,,,,8,15,FALSE,
0091,Cloyster,7,common,0.3,26,53,Overworld,,any,any,,seafloor,Water,"structure:cobblemon:shipwreck_coves/submerged_shipwreck_cove, minY = -60, maxY = 13",,,,FALSE,
0091,Cloyster,8,common,0.5,26,53,Overworld,,any,any,Lure0/1 x0.6,fishing,,"structure:cobblemon:shipwreck_coves/submerged_shipwreck_cove, minY = -60, maxY = 13",,,,FALSE,
0092,Gastly,1,common,9,6,31,"Aether, Overworld",Deep Dark,any,any,,grounded,Natural,maxLight = 0,,0,0,,
0092,Gastly,2,uncommon,5.04,6,31,Overworld,Deep Dark,any,any,,grounded,Derelict,,,,,FALSE,
0092,Gastly,3,common,9,6,31,Spooky,,any,any,,grounded,Natural,maxLight = 0,,8,15,,
0092,Gastly,4,common,9,6,31,Nether,,any,any,,grounded,Natural,,,,,any,
0093,Haunter,1,common,0.95,25,41,"Aether, Overworld",Deep Dark,any,any,,grounded,Natural,maxLight = 0,,0,0,,
0093,Haunter,2,uncommon,0.712,25,41,Overworld,Deep Dark,any,any,,grounded,Derelict,,,,,FALSE,
0093,Haunter,3,common,0.95,25,41,Spooky,,any,any,,grounded,Natural,maxLight = 0,,8,15,,
0093,Haunter,4,common,0.95,25,41,Nether,,any,any,,grounded,Natural,,,,,any,
0094,Gengar,1,common,0.05,36,50,"Aether, Overworld",Deep Dark,any,any,,grounded,Natural,maxLight = 0,,0,0,,
0094,Gengar,2,uncommon,0.048,36,50,Overworld,Deep Dark,any,any,,grounded,Derelict,,,,,FALSE,
0094,Gengar,3,common,0.05,36,50,Spooky,,any,any,,grounded,Natural,maxLight = 0,,8,15,,
0094,Gengar,4,common,0.05,36,50,Nether,,any,any,,grounded,Natural,,,,,any,
0095,Onix,1,uncommon,5.52,14,39,Overworld,Deep Dark,any,any,,grounded,Natural,,,0,7,,
0095,Onix,2,uncommon,1.84,14,39,Nether Basalt,,any,any,,grounded,Natural,,,,,any,
0096,Drowzee,1,common,9,8,33,Overworld,Freezing,night,any,,grounded,"Natural, Urban",,,8,15,,
0096,Drowzee,2,common,9,8,33,Overworld,Freezing,night,any,,grounded,Natural,structure:#minecraft:village,,8,15,,
0097,Hypno,1,common,1,26,48,Overworld,Freezing,night,any,,grounded,"Natural, Urban",,,8,15,,
0097,Hypno,2,common,1,26,48,Overworld,Freezing,night,any,,grounded,Natural,structure:#minecraft:village,,8,15,,
0098,Krabby,1,common,9,8,33,Coast,,any,any,,grounded,Natural,,,8,15,,
0098,Krabby,2,common,1.8,8,33,"Coast, Ocean",,any,any,,seafloor,Water,,,,,TRUE,
0098,Krabby,3,common,9,8,33,"Coast, Ocean",,any,any,Lure0/1 x0.6,fishing,,,,,,TRUE,
0098,Krabby,4,common,9,8,33,"Coast, Ocean",,any,any,Lure0/1 x0.6,fishing,,,,8,15,FALSE,
0098,Krabby,5,common,1.8,8,33,Overworld,,any,any,,seafloor,Water,"structure:cobblemon:shipwreck_coves/submerged_shipwreck_cove, minY = -60, maxY = 13",,,,FALSE,
0098,Krabby,6,common,9,8,33,Overworld,,any,any,Lure0/1 x0.6,fishing,,"structure:cobblemon:shipwreck_coves/submerged_shipwreck_cove, minY = -60, maxY = 13",,,,FALSE,
0099,Kingler,1,common,1,28,48,Coast,,any,any,,grounded,Natural,,,8,15,,
0099,Kingler,2,common,0.2,28,48,"Coast, Ocean",,any,any,,seafloor,Water,,,,,TRUE,
0099,Kingler,3,common,1,28,48,"Coast, Ocean",,any,any,Lure0/1 x0.6,fishing,,,,,,TRUE,
0099,Kingler,4,common,1,28,48,"Coast, Ocean",,any,any,Lure0/1 x0.6,fishing,,,,8,15,FALSE,
0099,Kingler,5,common,0.2,28,48,Overworld,,any,any,,seafloor,Water,"structure:cobblemon:shipwreck_coves/submerged_shipwreck_cove, minY = -60, maxY = 13",,,,FALSE,
0099,Kingler,6,common,1,28,48,Overworld,,any,any,Lure0/1 x0.6,fishing,,"structure:cobblemon:shipwreck_coves/submerged_shipwreck_cove, minY = -60, maxY = 13",,,,FALSE,
0100,Voltorb,1,common,1.8,8,33,Overworld,,any,any,Storm x5,grounded,"Natural, Urban",,,8,15,,
0100,Voltorb,2,common,1.8,8,33,Overworld,,any,any,Storm x5,grounded,Natural,structure:#minecraft:village,,8,15,,
0100,Voltorb,3,uncommon,84,8,33,Overworld,,any,any,Storm x5,grounded,,minecraft:lightning_rod,,8,15,,
0100,Voltorb [Hisuian],4,uncommon,92,8,33,Overworld,,any,any,Storm x5,grounded,Natural,#cobblemon:apricorns,,8,15,,
0101,Electrode,1,common,0.2,30,49,Overworld,,any,any,Storm x5,grounded,"Natural, Urban",,,8,15,,
0101,Electrode,2,common,0.2,30,49,Overworld,,any,any,Storm x5,grounded,Natural,structure:#minecraft:village,,8,15,,
0101,Electrode,3,uncommon,16,30,49,Overworld,,any,any,Storm x5,grounded,,minecraft:lightning_rod,,8,15,,
0101,Electrode [Hisuian],4,uncommon,8,30,49,Overworld,,any,any,Storm x5,grounded,Natural,#cobblemon:apricorns,,8,15,,
0102,Exeggcute,1,common,1.9,8,33,"Jungle, Savanna",,any,any,,grounded,Natural,,,8,15,,
0102,Exeggcute,2,uncommon,9.2,8,33,"Beach, Tropical Island",Freezing,any,any,,grounded,Natural,,,8,15,,region_bias=alola
0103,Exeggutor,1,common,0.1,28,53,"Jungle, Savanna",,any,any,,grounded,Natural,,,8,15,,
0103,Exeggutor [Alolan],2,uncommon,0.8,28,53,"Beach, Tropical Island",Freezing,any,any,,grounded,Natural,,,8,15,,
0104,Cubone,1,common,1.8,7,32,"Badlands, Desert",,any,any,,grounded,"Natural, Wild",,,8,15,,
0104,Cubone,2,common,5.4,7,32,Volcanic,,any,any,,grounded,"Natural, Wild",,,8,15,,region_bias=alola
0104,Cubone,3,common,9,7,32,Nether Desert,,any,any,,grounded,"Natural, Wild",,,,,any,region_bias=alola
0105,Marowak,1,common,0.2,28,43,"Badlands, Desert",,any,any,,grounded,"Natural, Wild",,,8,15,,
0105,Marowak [Alolan],2,common,0.6,28,43,Volcanic,,any,any,,grounded,"Natural, Wild",,,8,15,,
0105,Marowak [Alolan],3,common,1,28,43,Nether Desert,,any,any,,grounded,"Natural, Wild",,,,,any,
0106,Hitmonlee,1,uncommon,0.32,20,46,Hills,,any,any,Night x0.25,grounded,Natural,,,8,15,,
0107,Hitmonchan,1,uncommon,0.32,20,46,Hills,,any,any,Night x0.25,grounded,Natural,,,8,15,,
0108,Lickitung,1,uncommon,1.68,14,39,Grassland,,any,any,Night x0.25,grounded,Natural,,,8,15,,
0109,Koffing,1,common,1.8,9,34,Overworld,,any,any,Night x5,grounded,"Natural, Urban",,,8,15,,
0109,Koffing,2,common,1.8,9,34,Overworld,,any,any,Night x5,grounded,Natural,structure:#minecraft:village,,8,15,,
0109,Koffing,3,common,9,9,34,Nether Toxic,,any,any,,grounded,Natural,,,,,any,
0109,Koffing,4,common,1.8,9,34,Magical,,any,any,Night x1.5,grounded,Natural,,,8,15,,region_bias=galar
0109,Koffing,5,common,1.8,9,34,Spooky,,any,any,Night x1.5,grounded,Natural,,,8,15,,region_bias=galar
0110,Weezing,1,common,0.2,35,49,Overworld,,any,any,Night x5,grounded,"Natural, Urban",,,8,15,,
0110,Weezing,2,common,0.2,35,49,Overworld,,any,any,Night x5,grounded,Natural,structure:#minecraft:village,,8,15,,
0110,Weezing,3,common,1,35,49,Nether Toxic,,any,any,,grounded,Natural,,,,,any,
0110,Weezing [Galarian],4,common,0.2,35,49,Magical,,any,any,Night x1.5,grounded,Natural,,,8,15,,
0110,Weezing [Galarian],5,common,0.2,35,49,Spooky,,any,any,Night x1.5,grounded,Natural,,,8,15,,
0111,Rhyhorn,1,common,1.8,10,35,"Mountain, Savanna",Cold,any,any,Night x0.25,grounded,"Natural, Wild",,,8,15,,
0112,Rhydon,1,common,0.19,42,49,"Mountain, Savanna",Cold,any,any,Night x0.25,grounded,"Natural, Wild",,,8,15,,
0113,Chansey,1,rare,1.125,17,45,Overworld,,any,any,Night x0.25,grounded,"Natural, Urban",,,8,15,,
0113,Chansey,2,rare,1.125,17,45,Overworld,,any,any,Night x0.25,grounded,Natural,structure:#minecraft:village,,8,15,,
0113,Chansey,3,rare,1.125,17,45,Aether,,any,any,,grounded,Natural,,,8,15,,
0114,Tangela,1,common,1.8,19,44,Jungle,,any,any,,grounded,"Natural, Wild",,,8,15,,
0115,Kangaskhan,1,rare,10,24,49,Savanna,,any,any,Night x0.25,grounded,"Natural, Wild",,,8,15,,
0116,Horsea,1,common,1.8,5,30,"Lukewarm Ocean, Warm Ocean",,any,any,,submerged,Water,,,,,TRUE,
0116,Horsea,2,common,1.8,5,30,Ocean,"Cold Ocean, Frozen Ocean",any,any,"Lure2 x3, Lure3 x5",fishing,,,,,,TRUE,
0116,Horsea,3,common,1.8,5,30,"Lukewarm Ocean, Warm Ocean",,any,any,,submerged,Water,,,8,15,FALSE,
0116,Horsea,4,common,1.8,5,30,Ocean,"Cold Ocean, Frozen Ocean",any,any,"Lure2 x3, Lure3 x5",fishing,,,,8,15,FALSE,
0116,Horsea,5,common,1.8,5,30,Overworld,,any,any,,submerged,Water,"structure:cobblemon:shipwreck_coves/submerged_shipwreck_cove, minY = -60, maxY = 13",,,,FALSE,
0116,Horsea,6,common,1.8,5,30,Overworld,,any,any,"Lure2 x3, Lure3 x5",fishing,,"structure:cobblemon:shipwreck_coves/submerged_shipwreck_cove, minY = -60, maxY = 13",,,,FALSE,
0117,Seadra,1,common,0.19,32,44,"Lukewarm Ocean, Warm Ocean",,any,any,,submerged,Water,,,,,TRUE,
0117,Seadra,2,common,0.19,32,44,Ocean,"Cold Ocean, Frozen Ocean",any,any,"Lure2 x3, Lure3 x5",fishing,,,,,,TRUE,
0117,Seadra,3,common,0.19,32,44,"Lukewarm Ocean, Warm Ocean",,any,any,,submerged,Water,,,8,15,FALSE,
0117,Seadra,4,common,0.19,32,44,Ocean,"Cold Ocean, Frozen Ocean",any,any,"Lure2 x3, Lure3 x5",fishing,,,,8,15,FALSE,
0117,Seadra,5,common,0.19,32,44,Overworld,,any,any,,submerged,Water,"structure:cobblemon:shipwreck_coves/submerged_shipwreck_cove, minY = -60, maxY = 13",,,,FALSE,
0117,Seadra,6,common,0.19,32,44,Overworld,,any,any,"Lure2 x3, Lure3 x5",fishing,,"structure:cobblemon:shipwreck_coves/submerged_shipwreck_cove, minY = -60, maxY = 13",,,,FALSE,
0118,Goldeen,1,common,9,7,32,River,,any,any,,submerged,Water,,,,,TRUE,
0118,Goldeen,2,common,9,7,32,"Aether, Bamboo, Floral, Freezing, Freshwater, Jungle, Magical, Mountain, Taiga, Temperate",,any,any,,fishing,,,,,,TRUE,
0118,Goldeen,3,common,9,7,32,River,,any,any,,submerged,Water,,,8,15,FALSE,
0118,Goldeen,4,common,9,7,32,"Aether, Bamboo, Floral, Freezing, Freshwater, Jungle, Magical, Mountain, Taiga, Temperate",,any,any,,fishing,,,,8,15,FALSE,
0119,Seaking,1,common,1,33,45,River,,any,any,,submerged,Water,,,,,TRUE,
0119,Seaking,2,common,1,33,45,"Aether, Bamboo, Floral, Freezing, Freshwater, Jungle, Magical, Mountain, Taiga, Temperate",,any,any,,fishing,,,,,,TRUE,
0119,Seaking,3,common,1,33,45,River,,any,any,,submerged,Water,,,8,15,FALSE,
0119,Seaking,4,common,1,33,45,"Aether, Bamboo, Floral, Freezing, Freshwater, Jungle, Magical, Mountain, Taiga, Temperate",,any,any,,fishing,,,,8,15,FALSE,
0120,Staryu,1,uncommon,9.2,9,34,Coast,,night,any,,grounded,Natural,,,8,15,,
0120,Staryu,2,uncommon,5.52,9,34,Ocean,,any,any,Night x1.5,submerged,Water,,,,,TRUE,
0120,Staryu,3,uncommon,5.52,9,34,"Coast, Ocean, Tropical Island",,any,any,Night x1.5,fishing,,,minLureLevel = 1,,,TRUE,
0120,Staryu,4,common,1.84,9,34,"Coast, Ocean, Tropical Island",,any,any,"Night x1.5, Lure3 x3",fishing,,minLureLevel = 1,,,,TRUE,
0120,Staryu,5,uncommon,5.52,9,34,Ocean,,any,any,Night x1.5,submerged,Water,,,8,15,FALSE,
0120,Staryu,6,uncommon,5.52,9,34,"Coast, Ocean, Tropical Island",,any,any,Night x1.5,fishing,,,minLureLevel = 1,8,15,FALSE,
0120,Staryu,7,common,1.84,9,34,"Coast, Ocean, Tropical Island",,any,any,"Night x1.5, Lure3 x3",fishing,,minLureLevel = 1,,8,15,FALSE,
0120,Staryu,8,uncommon,5.52,9,34,Overworld,,any,any,,submerged,Water,"structure:cobblemon:shipwreck_coves/submerged_shipwreck_cove, minY = -60, maxY = 13",,,,FALSE,
0120,Staryu,9,uncommon,5.52,9,34,Overworld,,any,any,,fishing,,"structure:cobblemon:shipwreck_coves/submerged_shipwreck_cove, minY = -60, maxY = 13",minLureLevel = 1,,,FALSE,
0120,Staryu,10,common,1.84,9,34,Overworld,,any,any,Lure3 x3,fishing,,"minLureLevel = 1, structure:cobblemon:shipwreck_coves/submerged_shipwreck_cove, minY = -60, maxY = 13",,,,FALSE,
0121,Starmie,1,uncommon,0.8,29,52,Coast,,night,any,,grounded,Natural,,,8,15,,
0121,Starmie,2,uncommon,0.48,29,52,Ocean,,any,any,Night x1.5,submerged,Water,,,,,TRUE,
0121,Starmie,3,uncommon,0.48,29,52,"Coast, Ocean, Tropical Island",,any,any,Night x1.5,fishing,,,minLureLevel = 1,,,TRUE,
0121,Starmie,4,common,0.16,29,52,"Coast, Ocean, Tropical Island",,any,any,"Night x1.5, Lure3 x3",fishing,,minLureLevel = 1,,,,TRUE,
0121,Starmie,5,uncommon,0.48,29,52,Ocean,,any,any,Night x1.5,submerged,Water,,,8,15,FALSE,
0121,Starmie,6,uncommon,0.48,29,52,"Coast, Ocean, Tropical Island",,any,any,Night x1.5,fishing,,,minLureLevel = 1,8,15,FALSE,
0121,Starmie,7,common,0.16,29,52,"Coast, Ocean, Tropical Island",,any,any,"Night x1.5, Lure3 x3",fishing,,minLureLevel = 1,,8,15,FALSE,
0121,Starmie,8,uncommon,0.48,29,52,Overworld,,any,any,,submerged,Water,"structure:cobblemon:shipwreck_coves/submerged_shipwreck_cove, minY = -60, maxY = 13",,,,FALSE,
0121,Starmie,9,uncommon,0.48,29,52,Overworld,,any,any,,fishing,,"structure:cobblemon:shipwreck_coves/submerged_shipwreck_cove, minY = -60, maxY = 13",minLureLevel = 1,,,FALSE,
0121,Starmie,10,common,0.16,29,52,Overworld,,any,any,Lure3 x3,fishing,,"minLureLevel = 1, structure:cobblemon:shipwreck_coves/submerged_shipwreck_cove, minY = -60, maxY = 13",,,,FALSE,
0122,Mr.Mime,1,uncommon,0.32,26,46,Overworld,Freezing,any,any,,grounded,"Natural, Urban",,,8,15,,
0122,Mr.Mime [Galarian],1,uncommon,0.288,26,46,Freezing,,any,any,,grounded,"Natural, Urban",,,8,15,,
0122,Mr.Mime,2,uncommon,0.32,26,46,Overworld,Freezing,any,any,,grounded,Natural,structure:#minecraft:village,,8,15,,
0122,Mr.Mime [Galarian],2,uncommon,0.288,26,46,Freezing,,any,any,,grounded,Natural,structure:#minecraft:village,,8,15,,
0122,Mr.Mime,3,common,0.2,26,46,Overworld,,any,any,,grounded,Mansion,,,,,FALSE,
0123,Scyther,1,rare,1.75,25,50,"Forest, Hills","Freezing, Spooky",day,any,,grounded,"Natural, Wild",,,8,15,,
0123,Scyther,2,uncommon,1.84,25,50,Jungle,,day,any,,grounded,"Natural, Wild",,,8,15,,
0123,Scyther,3,rare,1.75,25,50,"Skyroot Forest, Skyroot Woodland",,any,any,,grounded,Natural,,,8,15,,
0124,Jynx,1,uncommon,0.32,30,46,Freezing,,any,any,Night x0.25,grounded,"Natural, Urban",,,8,15,,
0124,Jynx,2,uncommon,0.32,30,46,Freezing,,any,any,Night x0.25,grounded,Natural,structure:#minecraft:village,,8,15,,
0125,Electabuzz,1,uncommon,0.304,30,50,"Hills, Plains",,any,any,Storm x5,grounded,Natural,,,8,15,,
0126,Magmar,1,common,0.95,30,50,Hills,Volcanic,any,clear,,grounded,Natural,"minecraft:lava, minecraft:magma_block",,8,15,,
0126,Magmar,2,common,0.95,30,50,Volcanic,,any,clear,,grounded,Natural,,,8,15,,
0126,Magmar,3,common,0.95,30,50,"Nether Basalt, Nether Wasteland",,any,any,,grounded,Natural,,,,,any,
0127,Pinsir,1,rare,10,25,50,"Jungle, Skyroot Forest, Skyroot Woodland, Tropical Island",,any,any,Night x1.5,grounded,"Natural, Wild",,#cobblemon:saccharine_trees,8,15,,
0127,Pinsir,2,uncommon,2,25,50,"Aether, Overworld",Freezing,any,any,Night x1.5,grounded,Natural,#cobblemon:saccharine_trees,,8,15,,
0128,Tauros,1,common,2,24,49,Grassland,Hills,any,any,Night x0.25,grounded,Natural,,,8,15,,
0128,Tauros,2,common,1.8,24,49,Highlands,,any,any,Night x0.25,grounded,Natural,,,8,15,,paldean bull_breed=combat
0128,Tauros,3,common,0.1,24,49,Highlands,,any,any,"Night x0.25, Lava x5",grounded,Natural,,,8,15,,paldean bull_breed=blaze
0128,Tauros,4,common,0.1,24,49,Highlands,,any,any,"Night x0.25, Water x5",grounded,Natural,,,8,15,,paldean bull_breed=aqua
0129,Magikarp,1,common,9.9,1,20,"Freshwater, Ocean",,any,any,,submerged,Water,,,,,TRUE,
0129,Magikarp,2,uncommon,1.84,1,20,"Freshwater, Ocean",,any,any,,surface,Water,,,8,15,,
0129,Magikarp,3,common,9,1,20,"Aether, Overworld",,any,any,,fishing,,,,,,TRUE,
0129,Magikarp,4,common,9.9,1,20,"Freshwater, Ocean",,any,any,,submerged,Water,,,8,15,FALSE,
0129,Magikarp,5,common,9,1,20,"Aether, Overworld",,any,any,,fishing,,,,8,15,FALSE,
0129,Magikarp,6,uncommon,2,1,20,"Aether, Overworld",,any,any,MJ-Skel x5,fishing,,minLureLevel = 1,,,,TRUE,magikarp_jump=skelly
0129,Magikarp,7,uncommon,6,1,20,"Aether, Overworld",,any,any,,fishing,,minLureLevel = 1,,0,7,,magikarp_jump=skelly
0129,Magikarp,8,uncommon,2,1,20,"Aether, Overworld",,any,any,MJ-Skel x5,fishing,,minLureLevel = 1,,8,15,FALSE,magikarp_jump=skelly
0129,Magikarp,9,uncommon,2,1,20,"Aether, Overworld",,any,any,"MJ-Cal1 x3, MJ-Cal2 x5",fishing,,minLureLevel = 1,,,,any,"magikarp_jump=calico-orange-white, calico-orange-white-black, calico-white-orange"
0129,Magikarp,10,uncommon,2,1,20,"Aether, Overworld",,any,any,"MJ-Gld1 x3, MJ-Gld2 x5",fishing,,minLureLevel = 1,,,,any,magikarp_jump=calico-orange-gold
0129,Magikarp,11,uncommon,2,1,20,"Aether, Overworld",,any,any,"MJ-Orn1 x3, MJ-Orn2 x5",fishing,,minLureLevel = 1,,,,any,"magikarp_jump=orange-two-tone, orange-orca, orange-dapples"
0129,Magikarp,12,uncommon,2,1,20,"Aether, Overworld",,any,any,"MJ-Pnk1 x3, MJ-Pnk2 x5",fishing,,minLureLevel = 1,,,,any,"magikarp_jump=pink-two-tone, pink-orca, pink-dapples"
0129,Magikarp,13,uncommon,2,1,20,"Aether, Overworld",,any,any,"MJ-Gry1 x3, MJ-Gry2 x5",fishing,,minLureLevel = 1,,,,any,"magikarp_jump=gray-bubbles, gray-diamonds, gray-patches"
0129,Magikarp,14,uncommon,2,1,20,"Aether, Overworld",,any,any,"MJ-Pur1 x3, MJ-Pur2 x5",fishing,,minLureLevel = 1,,,,any,"magikarp_jump=purple-bubbles, purple-diamonds, purple-patches"
0129,Magikarp,15,uncommon,2,1,20,"Aether, Overworld",,any,any,"MJ-Apc1 x3, MJ-Apc2 x5",fishing,,minLureLevel = 1,,,,any,"magikarp_jump=apricot-tiger, apricot-zebra, apricot-stripes"
0129,Magikarp,16,uncommon,2,1,20,"Aether, Overworld",,any,any,"MJ-Brw1 x3, MJ-Brw2 x5",fishing,,minLureLevel = 1,,,,any,"magikarp_jump=brown-tiger, brown-zebra, brown-stripes"
0129,Magikarp,17,uncommon,2,1,20,"Aether, Overworld",,any,any,MJ-White x3,fishing,,minLureLevel = 1,,,,TRUE,"magikarp_jump=orange-forehead, orange-mask"
0129,Magikarp,18,uncommon,10,1,20,"Aether, Overworld",,any,any,,fishing,,minLureLevel = 1,,0,7,,"magikarp_jump=orange-forehead, orange-mask"
0129,Magikarp,19,uncommon,2,1,20,"Aether, Overworld",,any,any,MJ-White x3,fishing,,minLureLevel = 1,,8,15,FALSE,"magikarp_jump=orange-forehead, orange-mask"
0129,Magikarp,20,uncommon,2,1,20,"Aether, Overworld",,any,any,"MJ-Bla1 x3, MJ-Bla2 x5",fishing,,minLureLevel = 1,,,,TRUE,"magikarp_jump=black-forehead, black-mask"
0129,Magikarp,21,uncommon,6,1,20,"Aether, Overworld",,any,any,,fishing,,minLureLevel = 1,,0,7,,"magikarp_jump=black-forehead, black-mask"
0129,Magikarp,22,uncommon,2,1,20,"Aether, Overworld",,any,any,"MJ-Bla1 x3, MJ-Bla2 x5",fishing,,minLureLevel = 1,,8,15,FALSE,"magikarp_jump=black-forehead, black-mask"
0129,Magikarp,23,uncommon,2,1,20,"Aether, Overworld",,any,any,"MJ-Blu1 x3, MJ-Blu2 x5",fishing,,minLureLevel = 1,,,,any,"magikarp_jump=blue-saucy, blue-raindrops"
0129,Magikarp,24,uncommon,2,1,20,"Aether, Overworld",,any,any,"MJ-Vio1 x3, MJ-Vio2 x5",fishing,,minLureLevel = 1,,,,any,"magikarp_jump=violet-saucy, violet-raindrops"
0130,Gyarados,1,common,0.1,20,54,"Freshwater, Ocean",,any,any,,submerged,Water,,,,,TRUE,
0130,Gyarados,2,uncommon,0.16,20,54,"Freshwater, Ocean",,any,any,,surface,Water,,,8,15,,
0130,Gyarados,3,common,1,20,54,"Aether, Overworld",,any,any,,fishing,,,,,,TRUE,
0130,Gyarados,4,common,0.1,20,54,"Freshwater, Ocean",,any,any,,submerged,Water,,,8,15,FALSE,
0130,Gyarados,5,common,1,20,54,"Aether, Overworld",,any,any,,fishing,,,,8,15,FALSE,
0131,Lapras,1,uncommon,2,29,54,Frozen Ocean,,any,any,,surface,Water,,,8,15,,
0131,Lapras,2,ultra-rare,10,29,54,Ocean,Frozen Ocean,any,any,,surface,Water,,,8,15,,
0131,Lapras,3,uncommon,2,29,54,Frozen Ocean,,any,any,,fishing,,,minLureLevel = 1,,,TRUE,
0131,Lapras,4,common,2,29,54,Frozen Ocean,,any,any,Lure3 x3,fishing,,minLureLevel = 1,,,,TRUE,
0131,Lapras,5,ultra-rare,10,29,54,Ocean,Frozen Ocean,any,any,,fishing,,,,,,TRUE,
0131,Lapras,6,uncommon,2,29,54,Frozen Ocean,,any,any,,fishing,,,minLureLevel = 1,8,15,FALSE,
0131,Lapras,7,common,2,29,54,Frozen Ocean,,any,any,Lure3 x3,fishing,,minLureLevel = 1,,8,15,FALSE,
0131,Lapras,8,ultra-rare,10,29,54,Ocean,Frozen Ocean,any,any,,fishing,,,,8,15,FALSE,
0132,Ditto,1,rare,10,4,29,Overworld,Ocean,any,any,,grounded,Natural,Slime Chunk,,8,15,,
0132,Ditto,2,ultra-rare,6,4,29,Overworld,Ocean,any,any,,grounded,Natural,,,8,15,,
0132,Ditto,3,uncommon,10,4,29,Overworld,,any,any,,grounded,Mansion,,,,,FALSE,
0133,Eevee,1,ultra-rare,4.8,5,33,Overworld,"Ocean, Temperate",any,any,,grounded,Natural,,,8,15,,
0133,Eevee,2,rare,10,5,33,"Aether, Temperate",,any,any,,grounded,Natural,,,8,15,,
0133,Eevee,3,uncommon,1.84,5,33,Overworld,,any,any,,grounded,"Natural, Urban",,,8,15,,
0133,Eevee,4,uncommon,1.84,5,33,Overworld,,any,any,,grounded,Natural,structure:#minecraft:village,,8,15,,
0133,Eevee,5,uncommon,9.2,5,33,Overworld,,any,any,,grounded,Mansion,,,,,FALSE,
0134,Vaporeon,1,ultra-rare,1.2,28,53,"Freshwater, Jungle, Magical, Temperate, Tropical Island",Freezing,any,any,,grounded,Natural,minecraft:water,,8,15,,
0134,Vaporeon,2,ultra-rare,1.2,28,53,"Freshwater, Jungle, Magical, Temperate, Tropical Island",Freezing,any,any,,submerged,Water,,,8,15,,
0134,Vaporeon,3,uncommon,0.02,28,53,Overworld,,any,any,,grounded,"Natural, Urban",,,8,15,,
0134,Vaporeon,4,uncommon,0.02,28,53,Overworld,,any,any,,grounded,Natural,structure:#minecraft:village,,8,15,,
0134,Vaporeon,5,uncommon,0.1,28,53,Overworld,,any,any,,grounded,Mansion,,,,,FALSE,
0134,Vaporeon,6,ultra-rare,6,28,53,"Freshwater, Jungle, Magical, Temperate, Tropical Island",Freezing,any,any,,fishing,,,,8,15,,
0135,Jolteon,1,ultra-rare,1.2,28,53,Grassland,,any,any,,grounded,Natural,,,8,15,,
0135,Jolteon,2,uncommon,0.02,28,53,Overworld,,any,any,,grounded,"Natural, Urban",,,8,15,,
0135,Jolteon,3,uncommon,0.02,28,53,Overworld,,any,any,,grounded,Natural,structure:#minecraft:village,,8,15,,
0135,Jolteon,4,uncommon,0.1,28,53,Overworld,,any,any,,grounded,Mansion,,,,,FALSE,
0136,Flareon,1,ultra-rare,1.2,28,53,"Badlands, Desert",,any,any,,grounded,Natural,,,8,15,,
0136,Flareon,2,uncommon,0.02,28,53,Overworld,,any,any,,grounded,"Natural, Urban",,,8,15,,
0136,Flareon,3,uncommon,0.02,28,53,Overworld,,any,any,,grounded,Natural,structure:#minecraft:village,,8,15,,
0136,Flareon,4,uncommon,0.1,28,53,Overworld,,any,any,,grounded,Mansion,,,,,FALSE,
0137,Porygon,1,uncommon,9.2,15,40,Overworld,,any,any,,grounded,,cobblemon:pc,,,,any,
0138,Omanyte,1,ultra-rare,6,11,36,Lush,,any,any,,grounded,Natural,,,0,7,,
0138,Omanyte,2,ultra-rare,6,11,36,Lush,,any,any,,submerged,Water,,,0,7,,
0139,Omastar,1,ultra-rare,4,40,50,Lush,,any,any,,grounded,Natural,,,0,7,,
0139,Omastar,2,ultra-rare,4,40,50,Lush,,any,any,,submerged,Water,,,0,7,,
0140,Kabuto,1,ultra-rare,6,11,36,Lush,,any,any,,grounded,Natural,,,0,7,,
0140,Kabuto,2,ultra-rare,6,11,36,Lush,,any,any,,submerged,Water,,,0,7,,
0141,Kabutops,1,ultra-rare,4,40,50,Lush,,any,any,,grounded,Natural,,,0,7,,
0141,Kabutops,2,ultra-rare,4,40,50,Lush,,any,any,,submerged,Water,,,0,7,,
0142,Aerodactyl,1,ultra-rare,10,27,52,Lush,,any,any,,grounded,Natural,,,0,7,,
0143,Snorlax,1,rare,2.5,34,54,"Snowy Forest, Forest, Hills, Skyroot Forest, Skyroot Woodland",,any,any,,grounded,Natural,,#cobblemon:saccharine_trees,8,15,,
0143,Snorlax,2,uncommon,0.32,34,54,"Aether, Overworld",,any,any,,grounded,Natural,#cobblemon:saccharine_trees,,8,15,,
0147,Dratini,1,rare,7.5,5,30,Overworld,Deep Dark,any,any,,surface,Water,maxY = 32,,0,7,,
0147,Dratini,2,rare,7.5,5,30,Overworld,Deep Dark,any,any,,submerged,Water,maxY = 32,,0,7,,
0147,Dratini,3,uncommon,84,5,30,Ocean,,any,any,,submerged,"Water, Ocean_Ruins",,,,,TRUE,
0147,Dratini,4,rare,1.5,5,30,"Aether, Overworld",Deep Dark,any,any,,fishing,,maxY = 32,,0,7,,
0147,Dratini,5,ultra-rare,6,5,30,"Aether, Magical, Ocean",Frozen Ocean,any,any,,fishing,,,,,,TRUE,
0147,Dratini,6,uncommon,84,5,30,Ocean,,any,any,,submerged,"Water, Ocean_Ruins",,,8,15,FALSE,
0147,Dratini,7,ultra-rare,6,5,30,"Aether, Magical, Ocean",Frozen Ocean,any,any,,fishing,,,,8,15,FALSE,
0148,Dragonair,1,rare,2.25,30,42,Overworld,Deep Dark,any,any,,surface,Water,maxY = 32,,0,7,,
0148,Dragonair,2,rare,2.25,30,42,Overworld,Deep Dark,any,any,,submerged,Water,maxY = 32,,0,7,,
0148,Dragonair,3,uncommon,14.4,30,42,Ocean,,any,any,,submerged,"Water, Ocean_Ruins",,,,,TRUE,
0148,Dragonair,4,rare,0.45,30,42,"Aether, Overworld",Deep Dark,any,any,,fishing,,maxY = 32,,0,7,,
0148,Dragonair,5,ultra-rare,3.6,30,42,"Aether, Magical, Ocean",Frozen Ocean,any,any,,fishing,,,,,,TRUE,
0148,Dragonair,6,uncommon,14.4,30,42,Ocean,,any,any,,submerged,"Water, Ocean_Ruins",,,8,15,FALSE,
0148,Dragonair,7,ultra-rare,3.6,30,42,"Aether, Magical, Ocean",Frozen Ocean,any,any,,fishing,,,,8,15,FALSE,
0149,Dragonite,1,rare,0.25,55,60,Overworld,Deep Dark,any,any,,grounded,Natural,"maxY = 32, minecraft:water",,0,7,,
0149,Dragonite,2,uncommon,1.6,55,60,Ocean,,any,any,,submerged,"Water, Ocean_Ruins",,,,,TRUE,
0149,Dragonite,4,ultra-rare,0.4,55,60,Sky,,any,rain,,grounded,Natural,,,8,15,,
0149,Dragonite,5,rare,0.05,55,60,"Aether, Overworld",Deep Dark,any,any,,fishing,,maxY = 32,,0,7,,
0149,Dragonite,6,ultra-rare,0.4,55,60,"Aether, Magical, Ocean",Frozen Ocean,any,any,,fishing,,,,,,TRUE,
0149,Dragonite,7,uncommon,1.6,55,60,Ocean,,any,any,,submerged,"Water, Ocean_Ruins",,,8,15,FALSE,
0149,Dragonite,8,ultra-rare,0.4,55,60,"Aether, Magical, Ocean",Frozen Ocean,any,any,,fishing,,,,8,15,FALSE,
0152,Chikorita,1,ultra-rare,6,5,32,"Aether, Floral",,any,any,,grounded,Natural,,,8,15,,
0152,Chikorita,2,ultra-rare,6,5,32,Floral Meadow,,any,any,,grounded,,,structure:#the_bumblezone:sempiternal_sanctums,8,15,,
0153,Bayleef,1,ultra-rare,3.6,16,41,"Aether, Floral",,any,any,,grounded,Natural,,,8,15,,
0153,Bayleef,2,ultra-rare,3.6,16,41,Floral Meadow,,any,any,,grounded,,,structure:#the_bumblezone:sempiternal_sanctums,8,15,,
0154,Meganium,1,ultra-rare,0.4,32,53,"Aether, Floral",,any,any,,grounded,Natural,,,8,15,,
0154,Meganium,2,ultra-rare,0.4,32,53,Floral Meadow,,any,any,,grounded,,,structure:#the_bumblezone:sempiternal_sanctums,8,15,,
0155,Cyndaquil,1,ultra-rare,6,5,31,Temperate,Spooky,any,any,,grounded,Natural,,,8,15,,
0155,Cyndaquil,2,ultra-rare,6,5,31,Taiga,,any,clear,,grounded,Natural,,,8,15,,region_bias=hisui
0155,Cyndaquil,3,ultra-rare,6,5,31,"Nether Crimson, Nether Forest, Nether Overgrowth",,any,any,,grounded,Natural,,,,,any,region_bias=hisui
0156,Quilava,1,ultra-rare,3.6,17,41,Temperate,Spooky,any,any,,grounded,Natural,,,8,15,,
0156,Quilava,2,ultra-rare,3.6,17,41,Taiga,,any,clear,,grounded,Natural,,,8,15,,region_bias=hisui
0156,Quilava,3,ultra-rare,3.6,17,41,"Nether Crimson, Nether Forest, Nether Overgrowth",,any,any,,grounded,Natural,,,,,any,region_bias=hisui
0157,Typhlosion,1,ultra-rare,0.4,36,53,Temperate,Spooky,any,any,,grounded,Natural,,,8,15,,
0157,Typhlosion [Hisuian],2,ultra-rare,0.4,36,53,Taiga,,any,clear,,grounded,Natural,,,8,15,,
0157,Typhlosion [Hisuian],3,ultra-rare,0.4,36,53,"Nether Crimson, Nether Forest, Nether Overgrowth",,any,any,,grounded,Natural,,,,,any,
0158,Totodile,1,ultra-rare,6,5,31,Swamp,,any,any,,grounded,Natural,,,8,15,,
0158,Totodile,2,ultra-rare,6,5,31,Swamp,,any,any,,submerged,Water,,,,,TRUE,
0158,Totodile,3,ultra-rare,6,5,31,"Arid, Jungle, Swamp",,any,any,,fishing,,,,,,TRUE,
0158,Totodile,4,ultra-rare,6,5,31,Swamp,,any,any,,submerged,Water,,,8,15,FALSE,
0158,Totodile,5,ultra-rare,6,5,31,"Arid, Jungle, Swamp",,any,any,,fishing,,,,8,15,FALSE,
0159,Croconaw,1,ultra-rare,3.6,18,41,Swamp,,any,any,,grounded,Natural,,,8,15,,
0159,Croconaw,2,ultra-rare,3.6,18,41,Swamp,,any,any,,submerged,Water,,,,,TRUE,
0159,Croconaw,3,ultra-rare,3.6,18,41,"Arid, Jungle, Swamp",,any,any,,fishing,,,,,,TRUE,
0159,Croconaw,4,ultra-rare,3.6,18,41,Swamp,,any,any,,submerged,Water,,,8,15,FALSE,
0159,Croconaw,5,ultra-rare,3.6,18,41,"Arid, Jungle, Swamp",,any,any,,fishing,,,,8,15,FALSE,
0160,Feraligatr,1,ultra-rare,0.4,30,53,Swamp,,any,any,,grounded,Natural,,,8,15,,
0160,Feraligatr,2,ultra-rare,0.4,30,53,Swamp,,any,any,,submerged,Water,,,,,TRUE,
0160,Feraligatr,3,ultra-rare,0.4,30,53,"Arid, Jungle, Swamp",,any,any,,fishing,,,,,,TRUE,
0160,Feraligatr,4,ultra-rare,0.4,30,53,Swamp,,any,any,,submerged,Water,,,8,15,FALSE,
0160,Feraligatr,5,ultra-rare,0.4,30,53,"Arid, Jungle, Swamp",,any,any,,fishing,,,,8,15,FALSE,
0161,Sentret,1,common,9,1,22,"Aether, Taiga, Temperate, Tundra",,any,any,,grounded,Natural,,,8,15,,
0162,Furret,1,common,1,15,42,"Aether, Taiga, Temperate, Tundra",,any,any,,grounded,Natural,,,8,15,,
0163,Hoothoot,1,common,9,1,26,"Forest, Sky, Spooky",,night,any,,grounded,"Natural, Treetop",,,8,15,,
0164,Noctowl,1,common,1,20,45,"Forest, Sky, Spooky",,night,any,,grounded,"Natural, Treetop",,,8,15,,
0165,Ledyba,1,common,10,2,27,Temperate,Freezing,day,clear,,grounded,"Natural, Treetop",,,8,15,,
0165,Ledyba,2,common,7,2,27,Floral Meadow,,any,any,,grounded,,,structure:#the_bumblezone:sempiternal_sanctums,,,any,
0165,Ledyba,3,common,7,2,27,Aether,,any,any,,grounded,"Natural, Treetop",,,8,15,,
0166,Ledian,1,common,2,18,39,Temperate,Freezing,night,clear,,grounded,"Natural, Treetop",,,8,15,,
0166,Ledian,2,common,3,18,39,Floral Meadow,,any,any,,grounded,,,structure:#the_bumblezone:sempiternal_sanctums,,,any,
0166,Ledian,3,common,3,18,39,Aether,,any,any,,grounded,"Natural, Treetop",,,8,15,,
0167,Spinarak,1,common,5.4,1,25,"Forest, Jungle, Spooky",Freezing,night,clear,,grounded,"Natural, Treetop",,,8,15,,
0167,Spinarak,2,common,1.8,1,25,Overworld,Deep Dark,any,any,,grounded,Natural,,,0,7,,
0167,Spinarak,3,common,5.4,1,25,Overworld,Deep Dark,any,any,,grounded,Derelict,minY = 0,,,,FALSE,
0167,Spinarak,4,common,9,1,25,,,any,any,,grounded,"Webs, Natural",,,0,7,,
0167,Spinarak,5,common,9,1,25,Overworld,,any,any,,grounded,Mansion,minecraft:cobweb,,,,FALSE,
0168,Ariados,1,common,0.6,22,40,"Forest, Jungle, Spooky",Freezing,night,clear,,grounded,"Natural, Treetop",,,8,15,,
0168,Ariados,2,common,0.2,22,40,Overworld,Deep Dark,any,any,,grounded,Natural,,,0,7,,
0168,Ariados,3,common,0.6,22,40,Overworld,Deep Dark,any,any,,grounded,Derelict,minY = 0,,,,FALSE,
0168,Ariados,4,common,1,22,40,,,any,any,,grounded,"Webs, Natural",,,0,7,,
0168,Ariados,5,common,1,22,40,Overworld,,any,any,,grounded,Mansion,minecraft:cobweb,,,,FALSE,
0169,Crobat,1,common,0.02,41,54,"Forest, Swamp","Spooky, Freezing",night,clear,,grounded,Natural,,,8,15,,
0169,Crobat,3,common,0.02,41,54,"Forest, Swamp","Spooky, Freezing",any,any,Night x0.25,grounded,Natural,,,0,7,,
0169,Crobat,4,common,0.1,41,54,Overworld,"Deep Dark, Forest, Swamp",any,any,Day x1.5,grounded,Natural,,,0,7,,
0169,Crobat,5,uncommon,0.08,41,54,Overworld,"Deep Dark, Forest, Swamp",any,any,Day x1.5,grounded,Derelict,,,,,FALSE,
0169,Crobat,6,common,0.1,41,54,Spooky,,any,clear,Night x1.5,grounded,Natural,,,8,15,,
0169,Crobat,8,uncommon,0.08,41,54,Deep Dark,,any,any,,grounded,Natural,,,0,7,,
0169,Crobat,9,common,0.1,41,54,Aether,,any,any,,grounded,Natural,,,0,7,,
0170,Chinchou,1,common,5.4,8,33,Deep Ocean,,any,any,,submerged,Water,maxY = 48,,,,TRUE,
0170,Chinchou,2,common,9,8,33,Ocean,,any,any,Lure0/1 x0.6,fishing,,,,,,TRUE,
0170,Chinchou,3,common,5.4,8,33,Deep Ocean,,any,any,,submerged,Water,maxY = 48,,8,15,FALSE,
0170,Chinchou,4,common,9,8,33,Ocean,,any,any,Lure0/1 x0.6,fishing,,,,8,15,FALSE,
0170,Chinchou,5,common,5.4,8,33,Overworld,,any,any,,submerged,Water,"structure:cobblemon:shipwreck_coves/submerged_shipwreck_cove, minY = -60, maxY = 13",,,,FALSE,
0170,Chinchou,6,common,9,8,33,Overworld,,any,any,Lure0/1 x0.6,fishing,,"structure:cobblemon:shipwreck_coves/submerged_shipwreck_cove, minY = -60, maxY = 13",,,,FALSE,
0171,Lanturn,1,common,0.6,27,46,Deep Ocean,,any,any,,submerged,Water,maxY = 48,,,,TRUE,
0171,Lanturn,2,common,1,27,46,Ocean,,any,any,Lure0/1 x0.6,fishing,,,,,,TRUE,
0171,Lanturn,3,common,0.6,27,46,Deep Ocean,,any,any,,submerged,Water,maxY = 48,,8,15,FALSE,
0171,Lanturn,4,common,1,27,46,Ocean,,any,any,Lure0/1 x0.6,fishing,,,,8,15,FALSE,
0171,Lanturn,5,common,0.6,27,46,Overworld,,any,any,,submerged,Water,"structure:cobblemon:shipwreck_coves/submerged_shipwreck_cove, minY = -60, maxY = 13",,,,FALSE,
0171,Lanturn,6,common,1,27,46,Overworld,,any,any,Lure0/1 x0.6,fishing,,"structure:cobblemon:shipwreck_coves/submerged_shipwreck_cove, minY = -60, maxY = 13",,,,FALSE,
0172,Pichu,1,uncommon,5.04,1,21,Forest,Spooky,any,any,Storm x5,grounded,Natural,,,8,15,,
0172,Pichu,2,uncommon,1.68,16,32,"Beach, Skyroot Forest, Skyroot Woodland, Tropical Island",Freezing,any,any,Storm x5,grounded,Natural,,,8,15,,region_bias=alola
0173,Cleffa,1,uncommon,8.4,1,22,Dripstone,,night,any,,grounded,Natural,,,8,15,,
0173,Cleffa,2,uncommon,8.4,1,22,"Aether, Dripstone",,any,any,,grounded,Natural,,,0,7,,
0173,Cleffa,3,uncommon,8.4,1,22,Hills,,night,any,,grounded,Natural,,,8,15,,
0173,Cleffa,4,uncommon,8.4,1,22,Magical,Spooky,night,any,,grounded,Natural,,,8,15,,
0174,Igglybuff,1,common,9,1,21,Floral,,any,any,Night x1.5,grounded,Natural,,,8,15,,
0174,Igglybuff,2,common,1.8,1,21,Plains,Floral,any,any,Night x1.5,grounded,Natural,,,8,15,,
0174,Igglybuff,3,common,9,1,21,"Skyroot Grove, Skyroot Meadow",,any,any,,grounded,Natural,,,8,15,,
0175,Togepi,1,rare,7.5,1,25,"Floral, Magical, Sky","Plains, Spooky",day,clear,,grounded,Natural,,,8,15,,
0175,Togepi,2,rare,7.5,1,25,"Skyroot Grove, Skyroot Meadow",,any,any,,grounded,Natural,,,8,15,,
0175,Togepi,3,rare,7.5,1,25,Floral Meadow,,any,any,,grounded,,,structure:#the_bumblezone:sempiternal_sanctums,,,any,
0176,Togetic,1,rare,2.375,20,41,"Floral, Magical, Sky","Plains, Spooky",day,clear,,grounded,Natural,,,8,15,,
0176,Togetic,2,rare,2.375,20,41,"Skyroot Grove, Skyroot Meadow",,any,any,,grounded,Natural,,,8,15,,
0176,Togetic,3,rare,2.375,20,41,Floral Meadow,,any,any,,grounded,,,structure:#the_bumblezone:sempiternal_sanctums,,,any,
0177,Natu,1,common,5.4,7,32,"Badlands, Plateau",,day,any,,grounded,"Natural, Treetop",,,8,15,,
0177,Natu,3,common,90,7,32,Overworld,,day,any,,grounded,Trail_Ruins,,,8,15,,
0178,Xatu,1,common,0.6,25,47,"Badlands, Plateau",,day,any,,grounded,"Natural, Treetop",,,8,15,,
0178,Xatu,3,common,10,25,47,Overworld,,day,any,,grounded,Trail_Ruins,,,8,15,,
0179,Mareep,1,common,9,3,28,"Highlands, Plains",,any,any,"Night x0.25, Storm x5",grounded,Natural,,,8,15,,
0180,Flaaffy,1,common,0.9,15,37,"Highlands, Plains",,any,any,"Night x0.25, Storm x5",grounded,Natural,,,8,15,,
0181,Ampharos,1,common,0.1,30,51,"Highlands, Plains",,any,any,"Night x0.25, Storm x5",grounded,Natural,,,8,15,,
0182,Bellossom,1,common,0.05,35,49,Floral,,day,any,,grounded,Natural,,,8,15,,
0182,Bellossom,2,common,0.01,35,49,Jungle,,day,any,,grounded,Natural,,,8,15,,
0182,Bellossom [Valencian],3,common,0.01,35,49,"Savanna, Tropical Island",,day,any,,grounded,Natural,,,8,15,,
0183,Marill,1,common,0.9,14,25,River,Freezing,any,any,,grounded,Natural,,,8,15,,
0183,Marill,2,uncommon,0.864,14,25,River,,any,any,,surface,Water,,,8,15,,
0183,Marill,3,common,0.9,14,25,"Floral, Hills, Magical, River, Snowy Forest, Taiga, Temperate",,any,any,Lure0/1 x0.6,fishing,,,,,,TRUE,
0183,Marill,4,common,0.9,14,25,"Floral, Hills, Magical, River, Snowy Forest, Taiga, Temperate",,any,any,Lure0/1 x0.6,fishing,,,,8,15,FALSE,
0184,Azumarill,1,common,0.1,18,42,River,Freezing,any,any,,grounded,Natural,,,8,15,,
0184,Azumarill,2,uncommon,0.096,18,42,River,,any,any,,surface,Water,,,8,15,,
0184,Azumarill,3,common,0.1,18,42,"Floral, Hills, Magical, River, Snowy Forest, Taiga, Temperate",,any,any,Lure0/1 x0.6,fishing,,,,,,TRUE,
0184,Azumarill,4,common,0.1,18,42,"Floral, Hills, Magical, River, Snowy Forest, Taiga, Temperate",,any,any,Lure0/1 x0.6,fishing,,,,8,15,FALSE,
0185,Sudowoodo,1,uncommon,0.96,16,41,Forest,Spooky,any,clear,,grounded,Natural,,,8,15,,
0186,Politoed,1,common,0.025,34,50,Swamp,,any,rain,,grounded,Natural,,,8,15,,
0186,Politoed,2,common,0.025,34,50,Swamp,,any,any,,submerged,Water,minecraft:lily_pad,,,,TRUE,
0186,Politoed,3,common,0.015,34,50,"Freshwater, Hills, Jungle, Magical, Mushroom, Temperate","Freezing, Swamp",any,rain,,grounded,Natural,minecraft:water,,8,15,,
0186,Politoed,4,common,0.015,34,50,"Freshwater, Hills, Jungle, Magical, Mushroom, Temperate","Freezing, Swamp",any,any,,submerged,Water,,,,,TRUE,
0186,Politoed,5,common,0.005,34,50,Lush,,any,any,,grounded,Natural,,"structure:cobblemon:shipwreck_coves/lush_shipwreck_cove, minY = -41, maxY = 9",0,7,,
0186,Politoed,6,common,0.015,34,50,Lush,,any,any,,submerged,Water,,"structure:cobblemon:shipwreck_coves/lush_shipwreck_cove, minY = -41, maxY = 9",0,7,,
0186,Politoed,7,common,0.025,34,50,"Freshwater, Hills, Jungle, Magical, Mushroom, Temperate",Freezing,any,any,,fishing,,,,,,TRUE,
0186,Politoed,8,common,0.025,34,50,Lush,,any,any,Lure0/1 x0.6,fishing,,,"structure:cobblemon:shipwreck_coves/lush_shipwreck_cove, minY = -41, maxY = 9",0,7,,
0186,Politoed,9,common,0.025,34,50,Swamp,,any,any,,submerged,Water,minecraft:lily_pad,,8,15,FALSE,
0186,Politoed,10,common,0.015,34,50,"Freshwater, Hills, Jungle, Magical, Mushroom, Temperate","Freezing, Swamp",any,any,,submerged,Water,,,8,15,FALSE,
0186,Politoed,11,common,0.025,34,50,"Freshwater, Hills, Jungle, Magical, Mushroom, Temperate",Freezing,any,any,,fishing,,,,8,15,FALSE,
0186,Politoed,12,common,0.005,34,50,Overworld,Lush,any,any,,grounded,Natural,"structure:cobblemon:shipwreck_coves/lush_shipwreck_cove, minY = -41, maxY = 9",,0,7,,
0186,Politoed,13,common,0.015,34,50,Overworld,Lush,any,any,,submerged,Water,"structure:cobblemon:shipwreck_coves/lush_shipwreck_cove, minY = -41, maxY = 9",,0,7,,
0186,Politoed,14,common,0.025,34,50,Overworld,Lush,any,any,Lure0/1 x0.6,fishing,,"structure:cobblemon:shipwreck_coves/lush_shipwreck_cove, minY = -41, maxY = 9",,0,7,,
0187,Hoppip,1,common,9,1,25,Plains,,any,clear,Night x0.25,grounded,"Natural, Treetop",,,8,15,,
0187,Hoppip,3,common,9,1,25,"Skyroot Grove, Skyroot Meadow",,any,clear,,grounded,"Natural, Treetop",,,8,15,,
0187,Hoppip,4,common,9,1,25,Floral Meadow,,any,any,,grounded,Natural,,structure:#the_bumblezone:sempiternal_sanctums,,,any,
0188,Skiploom,1,common,0.9,18,34,Plains,,any,clear,Night x0.25,grounded,"Natural, Treetop",,,8,15,,
0188,Skiploom,3,common,0.9,18,34,"Skyroot Grove, Skyroot Meadow",,any,clear,,grounded,"Natural, Treetop",,,8,15,,
0188,Skiploom,4,common,0.9,18,34,Floral Meadow,,any,clear,,grounded,Natural,,structure:#the_bumblezone:sempiternal_sanctums,,,any,
0189,Jumpluff,1,common,0.1,27,46,Plains,,any,any,Night x0.25,grounded,"Natural, Treetop",,,8,15,,
0189,Jumpluff,3,common,0.1,27,46,"Skyroot Grove, Skyroot Meadow",,any,any,,grounded,"Natural, Treetop",,,8,15,,
0189,Jumpluff,4,common,0.1,27,46,Floral Meadow,,any,any,,grounded,Natural,,structure:#the_bumblezone:sempiternal_sanctums,,,any,
0190,Aipom,1,common,5.4,11,36,"Jungle, Tropical Island",,any,any,,grounded,"Natural, Treetop",,,8,15,,
0190,Aipom,2,common,5.4,11,36,Overworld,,any,any,,grounded,,"structure:cobblemon:shipwreck_coves/lush_shipwreck_cove, minY = -41, maxY = 9",,0,7,,
0191,Sunkern,1,common,9.5,1,18,Sunflower Plains,,any,any,Night x0.25,grounded,Natural,minecraft:sunflower,,8,15,,
0191,Sunkern,2,common,9.5,1,18,Overworld,Sunflower Plains,any,any,Night x0.25,grounded,Natural,minecraft:sunflower,,8,15,,
0191,Sunkern,3,common,5.7,1,18,"Skyroot Grove, Skyroot Meadow",,any,any,,grounded,Natural,,,8,15,,
0191,Sunkern,4,common,9.5,1,18,Floral Meadow,,any,any,,grounded,,,structure:#the_bumblezone:sempiternal_sanctums,,,any,
0192,Sunflora,1,common,0.5,13,43,Sunflower Plains,,any,any,Night x0.25,grounded,Natural,minecraft:sunflower,,8,15,,
0192,Sunflora,2,common,0.5,13,43,Overworld,Sunflower Plains,any,any,Night x0.25,grounded,Natural,minecraft:sunflower,,8,15,,
0192,Sunflora,3,common,0.3,13,43,"Skyroot Grove, Skyroot Meadow",,any,any,,grounded,Natural,,,8,15,,
0192,Sunflora,4,common,0.5,13,43,Floral Meadow,,any,any,,grounded,,,structure:#the_bumblezone:sempiternal_sanctums,,,any,
0193,Yanma,1,uncommon,5.04,14,39,Freshwater,Freezing,day,clear,,surface,Water,,,8,15,,
0193,Yanma,2,uncommon,1.68,14,39,Lush,,any,any,,surface,Water,,"structure:cobblemon:shipwreck_coves/lush_shipwreck_cove, minY = -41, maxY = 9",0,7,,
0193,Yanma,3,uncommon,1.68,14,39,Bumblezone,,any,any,,surface,Water,,structure:#the_bumblezone:sempiternal_sanctums,,,any,
0193,Yanma,4,uncommon,1.68,14,39,Overworld,Lush,any,any,,surface,Water,"structure:cobblemon:shipwreck_coves/lush_shipwreck_cove, minY = -41, maxY = 9",,0,7,,
0193,Yanma,5,uncommon,5.04,14,39,Aether,,any,any,,surface,Water,,,8,15,,
0194,Wooper,1,common,9,1,21,Lush,,any,any,,grounded,Natural,,"structure:cobblemon:shipwreck_coves/lush_shipwreck_cove, minY = -41, maxY = 9",0,7,,
0194,Wooper,2,common,9,1,21,Lush,,any,any,,submerged,Water,,"structure:cobblemon:shipwreck_coves/lush_shipwreck_cove, minY = -41, maxY = 9",0,7,,
0194,Wooper,3,uncommon,8.4,1,21,Overworld,Lush,any,any,,grounded,Natural,"minecraft:water, maxY = 62",,0,7,,
0194,Wooper,4,uncommon,8.4,1,21,Overworld,Lush,any,any,,submerged,Water,maxY = 62,,0,7,,
0194,Wooper,5,common,1.8,1,21,Swamp,Muddy,any,rain,,grounded,Natural,,,8,15,,
0194,Wooper,6,common,1.8,1,21,Swamp,Muddy,any,any,,submerged,Water,,,,,TRUE,
0194,Wooper,7,common,1.8,1,21,Swamp,Muddy,any,any,,submerged,Water,,,8,15,FALSE,
0194,Wooper,8,common,9,1,21,"Aether, Overworld",,any,any,,fishing,,,,0,7,,
0194,Wooper,9,common,1.8,1,21,"Mushroom, Swamp",Muddy,any,any,"Lure2 x3, Lure3 x5",fishing,,,,,,TRUE,
0194,Wooper,10,common,1.8,1,21,"Mushroom, Swamp",Muddy,any,any,"Lure2 x3, Lure3 x5",fishing,,,,8,15,FALSE,
0194,Wooper,11,common,9,1,21,Overworld,Lush,any,any,,grounded,Natural,"structure:cobblemon:shipwreck_coves/lush_shipwreck_cove, minY = -41, maxY = 9",,0,7,,
0194,Wooper,12,common,9,1,21,Overworld,Lush,any,any,,submerged,Water,"structure:cobblemon:shipwreck_coves/lush_shipwreck_cove, minY = -41, maxY = 9",,0,7,,
0194,Wooper,13,uncommon,8.4,1,21,Aether,,any,any,,grounded,Natural,minecraft:water,,0,7,,
0194,Wooper,14,uncommon,8.4,1,21,Aether,,any,any,,submerged,Water,,,0,7,,
0194,Wooper,15,uncommon,10,1,21,"Aether, Overworld",,any,any,,fishing,,bobber = love_ball,,0,7,,wooper_heart=true
0194,Wooper,16,uncommon,2,1,21,"Mushroom, Swamp",Muddy,any,any,"Lure2 x3, Lure3 x5",fishing,,bobber = love_ball,,,,TRUE,wooper_heart=true
0194,Wooper,17,common,20,1,21,"Aether, Overworld",,any,any,,fishing,,bait = love_sweet,,0,7,,wooper_heart=true
0194,Wooper,18,common,20,1,21,"Mushroom, Swamp",Muddy,any,any,"Lure2 x3, Lure3 x5",fishing,,bait = love_sweet,,,,TRUE,wooper_heart=true
0194,Wooper,19,uncommon,2,1,21,"Mushroom, Swamp",Muddy,any,any,"Lure2 x3, Lure3 x5",fishing,,bobber = love_ball,,8,15,FALSE,wooper_heart=true
0194,Wooper,20,common,20,1,21,"Mushroom, Swamp",Muddy,any,any,"Lure2 x3, Lure3 x5",fishing,,bait = love_sweet,,8,15,FALSE,wooper_heart=true
0194,Wooper [Paldean],21,common,9,1,21,Muddy,,any,any,,grounded,Natural,,,8,15,,
0194,Wooper [Paldean],22,common,9,1,21,Muddy,,any,any,,submerged,Water,,,,,TRUE,
0194,Wooper [Paldean],23,uncommon,8.4,1,21,Savanna,,any,any,,grounded,Natural,minecraft:water,,8,15,,
0194,Wooper [Paldean],24,uncommon,8.4,1,21,Savanna,,any,any,,submerged,Water,,,,,TRUE,
0194,Wooper [Paldean],25,common,9,1,21,Muddy,,any,any,,fishing,,,,,,TRUE,
0194,Wooper [Paldean],26,uncommon,8.4,1,21,Arid,,any,any,,fishing,,,minLureLevel = 1,,,TRUE,
0194,Wooper [Paldean],27,common,9,1,21,Arid,,any,any,Lure1/2 x0.6,fishing,,minLureLevel = 1,,,,TRUE,
0194,Wooper [Paldean],28,common,9,1,21,Muddy,,any,any,,submerged,Water,,,8,15,FALSE,
0194,Wooper [Paldean],29,uncommon,8.4,1,21,Savanna,,any,any,,submerged,Water,,,8,15,FALSE,
0194,Wooper [Paldean],30,common,9,1,21,Muddy,,any,any,,fishing,,,,8,15,FALSE,
0194,Wooper [Paldean],31,uncommon,8.4,1,21,Arid,,any,any,,fishing,,,minLureLevel = 1,8,15,FALSE,
0194,Wooper [Paldean],32,common,9,1,21,Arid,,any,any,Lure1/2 x0.6,fishing,,minLureLevel = 1,,8,15,FALSE,
0195,Quagsire,1,common,1,20,43,Lush,,any,any,,grounded,Natural,,"structure:cobblemon:shipwreck_coves/lush_shipwreck_cove, minY = -41, maxY = 9",0,7,,
0195,Quagsire,2,common,1,20,43,Lush,,any,any,,submerged,Water,,"structure:cobblemon:shipwreck_coves/lush_shipwreck_cove, minY = -41, maxY = 9",0,7,,
0195,Quagsire,3,uncommon,1.6,20,43,Overworld,Lush,any,any,,grounded,Natural,"minecraft:water, maxY = 62",,0,7,,
0195,Quagsire,4,uncommon,1.6,20,43,Overworld,Lush,any,any,,submerged,Water,maxY = 62,,0,7,,
0195,Quagsire,5,common,0.2,20,43,Swamp,Muddy,any,rain,,grounded,Natural,,,8,15,,
0195,Quagsire,6,common,0.2,20,43,Swamp,Muddy,any,any,,submerged,Water,,,,,TRUE,
0195,Quagsire,7,common,1,20,43,"Aether, Overworld",Lush,any,any,,fishing,,,,0,7,,
0195,Quagsire,8,common,0.2,20,43,"Mushroom, Swamp",Muddy,any,any,"Lure2 x3, Lure3 x5",fishing,,,,,,TRUE,
0195,Quagsire,9,common,0.2,20,43,Swamp,Muddy,any,any,,submerged,Water,,,8,15,FALSE,
0195,Quagsire,10,common,0.2,20,43,"Mushroom, Swamp",Muddy,any,any,"Lure2 x3, Lure3 x5",fishing,,,,8,15,FALSE,
0195,Quagsire,11,common,1,20,43,Overworld,Lush,any,any,,grounded,Natural,"structure:cobblemon:shipwreck_coves/lush_shipwreck_cove, minY = -41, maxY = 9",,0,7,,
0195,Quagsire,12,common,1,20,43,Overworld,Lush,any,any,,submerged,Water,"structure:cobblemon:shipwreck_coves/lush_shipwreck_cove, minY = -41, maxY = 9",,0,7,,
0195,Quagsire,13,uncommon,1.6,20,43,Aether,,any,any,,grounded,Natural,minecraft:water,,0,7,,
0195,Quagsire,14,uncommon,1.6,20,43,Aether,,any,any,,submerged,Water,,,0,7,,
0196,Espeon,1,ultra-rare,1.2,28,53,Hills,,any,any,,grounded,Natural,,,8,15,,
0196,Espeon,2,uncommon,0.02,28,53,Overworld,,any,any,,grounded,"Natural, Urban",,,8,15,,
0196,Espeon,3,uncommon,0.02,28,53,Overworld,,any,any,,grounded,Natural,structure:#minecraft:village,,8,15,,
0196,Espeon,4,uncommon,0.1,28,53,Overworld,,any,any,,grounded,Mansion,,,,,FALSE,
0197,Umbreon,1,ultra-rare,1.2,28,53,Spooky,,any,any,,grounded,Natural,,,8,15,,
0197,Umbreon,2,uncommon,0.02,28,53,Overworld,,any,any,,grounded,"Natural, Urban",,,8,15,,
0197,Umbreon,3,uncommon,0.02,28,53,Overworld,,any,any,,grounded,Natural,structure:#minecraft:village,,8,15,,
0197,Umbreon,4,uncommon,0.1,28,53,Overworld,,any,any,,grounded,Mansion,,,,,FALSE,
0198,Murkrow,1,common,9.5,16,41,Spooky,,any,any,Night x1.5,grounded,"Natural, Treetop",,,8,15,,
0198,Murkrow,3,common,5.7,16,41,Swamp,,night,any,,grounded,"Natural, Treetop",,,8,15,,
0198,Murkrow,4,common,5.7,16,41,Taiga,,night,any,,grounded,"Natural, Treetop",,,8,15,,
0198,Murkrow,7,common,9.5,16,41,Sky,,night,any,,grounded,"Natural, Treetop",,,8,15,,
0199,Slowking,1,common,0.15,37,49,Beach,,any,any,,grounded,Natural,,,8,15,,
0199,Slowking,2,common,0.05,37,49,Beach,,any,any,"Lure2 x3, Lure3 x5",fishing,,,,,,TRUE,
0199,Slowking,3,common,0.05,37,49,Beach,,any,any,"Lure2 x3, Lure3 x5",fishing,,,,8,15,FALSE,
0199,Slowking [Galarian],4,common,0.15,37,49,"Mushroom Fields, Tropical Island",,any,any,,grounded,Natural,minecraft:water,,8,15,,
0199,Slowking [Galarian],5,common,0.05,37,49,"Mushroom Fields, Tropical Island",,any,any,"Lure2 x3, Lure3 x5",fishing,,,,,,TRUE,
0199,Slowking [Galarian],6,common,0.05,37,49,"Mushroom Fields, Tropical Island",,any,any,"Lure2 x3, Lure3 x5",fishing,,,,8,15,FALSE,
0200,Misdreavus,1,common,5.7,19,44,Spooky,Deep Dark,any,any,,grounded,Natural,maxLight = 7,,1,7,,
0200,Misdreavus,2,common,1.9,19,44,"Spooky, Swamp",Deep Dark,any,any,,grounded,Natural,,,0,7,,
0200,Misdreavus,3,common,5.7,19,44,"Spooky, Swamp",Deep Dark,any,any,,grounded,Derelict,,,,,FALSE,
0200,Misdreavus,4,common,5.7,19,44,Swamp,,night,any,,grounded,Natural,,,8,15,,
0200,Misdreavus,5,common,5.7,19,44,Nether Warped,,any,any,,grounded,Natural,,,,,any,
0200,Misdreavus,6,common,5.7,19,44,Overworld,Deep Dark,any,any,,grounded,,"structure:#cobblemon:shipwreck_cove, minY = -41, maxY = 9, minY = -41, maxY = 9",,,,FALSE,
0201,Unown,1,common,3.769,1,100,End,,any,any,,grounded,Natural,,,,,any,"character=a, b, c, d, e, f, g, h, i, j, k, l, m, n, o, p, q, r, s, t, u, v, w, x, y, z"
0201,Unown,2,common,1,1,100,End,,any,any,,grounded,Natural,,,,,any,"character=!, ?"
0201,Unown,3,common,0.754,1,100,Overworld,,any,any,,grounded,Trail_Ruins,minY = 48,,,,any,"character=a, b, c, d, e, f, g, h, i, j, k, l, m, n, o, p, q, r, s, t, u, v, w, x, y, z"
0201,Unown,4,common,0.2,1,100,Overworld,,any,any,,grounded,Trail_Ruins,minY = 48,,,,any,"character=!, ?"
0201,Unown,5,common,3.769,1,100,Howling Constructs,,any,any,,grounded,,,structure:#the_bumblezone:sempiternal_sanctums,,,any,"character=a, b, c, d, e, f, g, h, i, j, k, l, m, n, o, p, q, r, s, t, u, v, w, x, y, z"
0201,Unown,6,common,1,1,100,Howling Constructs,,any,any,,grounded,,,structure:#the_bumblezone:sempiternal_sanctums,,,any,"character=!, ?"
0202,Wobbuffet,1,rare,2.5,15,41,Overworld,Deep Dark,any,any,,grounded,Natural,,,0,7,,
0203,Girafarig,1,common,5.4,21,46,Savanna,,any,any,Night x0.25,grounded,"Natural, Wild",,,8,15,,
0204,Pineco,1,common,9,4,29,Taiga,,any,any,,grounded,"Natural, Treetop",,,8,15,,
0205,Forretress,1,common,1,31,47,Taiga,,any,any,,grounded,Natural,,,8,15,,
0206,Dunsparce,1,uncommon,1.68,17,42,Overworld,Deep Dark,any,any,,grounded,Natural,,,0,7,,
0207,Gligar,1,uncommon,5.52,18,43,Badlands,,night,any,,grounded,"Natural, Treetop",,,8,15,,
0207,Gligar,2,common,1.9,18,43,Nether Mountain,,any,any,,grounded,Natural,,,,,any,
0208,Steelix,1,uncommon,0.48,34,51,Overworld,Deep Dark,any,any,,grounded,Natural,,,0,7,,
0208,Steelix,2,uncommon,0.16,34,51,Nether Basalt,,any,any,,grounded,Natural,,,,,any,
0209,Snubbull,1,common,5.4,5,30,Overworld,Freezing,any,any,,grounded,"Natural, Urban",,,8,15,,
0209,Snubbull,2,common,5.4,5,30,Overworld,Freezing,any,any,,grounded,Natural,structure:#minecraft:village,,8,15,,
0209,Snubbull,3,common,5.4,5,30,Overworld,,any,any,,grounded,Mansion,,,,,FALSE,
0210,Granbull,1,common,0.6,23,45,Overworld,Freezing,any,any,,grounded,"Natural, Urban",,,8,15,,
0210,Granbull,2,common,0.6,23,45,Overworld,Freezing,any,any,,grounded,Natural,structure:#minecraft:village,,8,15,,
0210,Granbull,3,common,0.6,23,45,Overworld,,any,any,,grounded,Mansion,,,,,FALSE,
0211,Qwilfish,1,uncommon,10,19,44,"Lukewarm Ocean, Warm Ocean",,any,any,,submerged,Water,,structure:minecraft:monument,,,TRUE,
0211,Qwilfish,2,common,60,19,44,Ocean,"Cold Ocean, Frozen Ocean",any,any,,submerged,"Water, Ocean_Monument",,,,,TRUE,
0211,Qwilfish,3,uncommon,10,19,44,"Lukewarm Ocean, Warm Ocean",,any,any,,fishing,,,"minLureLevel = 1, structure:minecraft:monument",,,TRUE,
0211,Qwilfish,4,common,10,19,44,"Lukewarm Ocean, Warm Ocean",,any,any,Lure1/2 x0.6,fishing,,minLureLevel = 1,structure:minecraft:monument,,,TRUE,
0211,Qwilfish,5,common,100,19,44,Ocean,"Cold Ocean, Frozen Ocean",any,any,Lure0/1 x0.6,fishing,,structure:minecraft:monument,,,,TRUE,
0211,Qwilfish,6,uncommon,10,19,44,"Lukewarm Ocean, Warm Ocean",,any,any,,submerged,Water,,structure:minecraft:monument,8,15,FALSE,
0211,Qwilfish,7,common,60,19,44,Ocean,"Cold Ocean, Frozen Ocean",any,any,,submerged,"Water, Ocean_Monument",,,8,15,FALSE,
0211,Qwilfish,8,uncommon,10,19,44,"Lukewarm Ocean, Warm Ocean",,any,any,,fishing,,,"minLureLevel = 1, structure:minecraft:monument",8,15,FALSE,
0211,Qwilfish,9,common,10,19,44,"Lukewarm Ocean, Warm Ocean",,any,any,Lure1/2 x0.6,fishing,,minLureLevel = 1,structure:minecraft:monument,8,15,FALSE,
0211,Qwilfish,10,common,100,19,44,Ocean,"Cold Ocean, Frozen Ocean",any,any,Lure0/1 x0.6,fishing,,structure:minecraft:monument,,8,15,FALSE,
0211,Qwilfish,11,uncommon,10,19,44,Overworld,Cold,any,any,,submerged,Water,"structure:cobblemon:shipwreck_coves/submerged_shipwreck_cove, minY = -60, maxY = 13",,,,FALSE,
0211,Qwilfish,12,uncommon,10,19,44,Overworld,Cold,any,any,,fishing,,"structure:cobblemon:shipwreck_coves/submerged_shipwreck_cove, minY = -60, maxY = 13",minLureLevel = 1,,,FALSE,
0211,Qwilfish,13,common,10,19,44,Overworld,Cold,any,any,Lure1/2 x0.6,fishing,,"minLureLevel = 1, structure:cobblemon:shipwreck_coves/submerged_shipwreck_cove, minY = -60, maxY = 13",,,,FALSE,
0211,Qwilfish [Hisuian],14,uncommon,8.4,19,44,Cold Ocean,,any,any,,submerged,Water,,structure:minecraft:monument,,,TRUE,
0211,Qwilfish [Hisuian],15,common,54,19,44,"Cold Ocean, Frozen Ocean",,any,any,,submerged,"Water, Ocean_Monument",,,,,TRUE,
0211,Qwilfish [Hisuian],16,uncommon,8.4,19,44,Cold Ocean,,any,any,,fishing,,,"minLureLevel = 1, structure:minecraft:monument",,,TRUE,
0211,Qwilfish [Hisuian],17,common,9,19,44,Cold Ocean,,any,any,Lure1/2 x0.6,fishing,,minLureLevel = 1,structure:minecraft:monument,,,TRUE,
0211,Qwilfish [Hisuian],18,common,54,19,44,"Cold Ocean, Frozen Ocean",,any,any,Lure0/1 x0.6,fishing,,structure:minecraft:monument,,,,TRUE,
0211,Qwilfish [Hisuian],19,uncommon,8.4,19,44,Cold Ocean,,any,any,,submerged,Water,,structure:minecraft:monument,8,15,FALSE,
0211,Qwilfish [Hisuian],20,common,54,19,44,"Cold Ocean, Frozen Ocean",,any,any,,submerged,"Water, Ocean_Monument",,,8,15,FALSE,
0211,Qwilfish [Hisuian],21,uncommon,8.4,19,44,Cold Ocean,,any,any,,fishing,,,"minLureLevel = 1, structure:minecraft:monument",8,15,FALSE,
0211,Qwilfish [Hisuian],22,common,9,19,44,Cold Ocean,,any,any,Lure1/2 x0.6,fishing,,minLureLevel = 1,structure:minecraft:monument,8,15,FALSE,
0211,Qwilfish [Hisuian],23,common,54,19,44,"Cold Ocean, Frozen Ocean",,any,any,Lure0/1 x0.6,fishing,,structure:minecraft:monument,,8,15,FALSE,
0211,Qwilfish [Hisuian],24,uncommon,8.4,19,44,Cold,,any,any,,submerged,Water,"structure:cobblemon:shipwreck_coves/submerged_shipwreck_cove, minY = -60, maxY = 13",,,,FALSE,
0211,Qwilfish [Hisuian],25,uncommon,8.4,19,44,Cold,,any,any,,fishing,,"structure:cobblemon:shipwreck_coves/submerged_shipwreck_cove, minY = -60, maxY = 13",minLureLevel = 1,,,FALSE,
0211,Qwilfish [Hisuian],26,common,9,19,44,Cold,,any,any,Lure1/2 x0.6,fishing,,"minLureLevel = 1, structure:cobblemon:shipwreck_coves/submerged_shipwreck_cove, minY = -60, maxY = 13",,,,FALSE,
0212,Scizor,1,uncommon,0.16,45,50,Jungle,,day,any,,grounded,"Natural, Wild",,,8,15,,
0213,Shuckle,1,uncommon,10,16,51,Lush,,any,any,,grounded,Natural,,"structure:cobblemon:shipwreck_coves/lush_shipwreck_cove, minY = -41, maxY = 9",0,7,,
0213,Shuckle,2,uncommon,6,16,51,Lush,,any,any,,fishing,,,"minLureLevel = 1, structure:cobblemon:shipwreck_coves/lush_shipwreck_cove, minY = -41, maxY = 9",0,7,,
0213,Shuckle,3,common,2,16,51,Lush,,any,any,Lure3 x3,fishing,,minLureLevel = 1,"structure:cobblemon:shipwreck_coves/lush_shipwreck_cove, minY = -41, maxY = 9",0,7,,
0213,Shuckle,4,uncommon,10,16,51,Overworld,Lush,any,any,,grounded,Natural,"structure:cobblemon:shipwreck_coves/lush_shipwreck_cove, minY = -41, maxY = 9",,0,7,,
0213,Shuckle,5,uncommon,6,16,51,Overworld,Lush,any,any,,fishing,,"structure:cobblemon:shipwreck_coves/lush_shipwreck_cove, minY = -41, maxY = 9",minLureLevel = 1,0,7,,
0213,Shuckle,6,common,2,16,51,Overworld,Lush,any,any,Lure3 x3,fishing,,"minLureLevel = 1, structure:cobblemon:shipwreck_coves/lush_shipwreck_cove, minY = -41, maxY = 9",,0,7,,
0214,Heracross,1,rare,2,25,50,Forest,"Freezing, Spooky",any,any,Twilight x5,grounded,"Natural, Treetop, Wild",,#cobblemon:saccharine_trees,8,15,,
0214,Heracross,2,uncommon,2,25,50,"Jungle, Skyroot Forest, Skyroot Woodland, Tropical Island",,any,any,Twilight x5,grounded,"Natural, Treetop, Wild",,#cobblemon:saccharine_trees,8,15,,
0214,Heracross,3,uncommon,2,25,50,"Aether, Overworld",Freezing,any,any,Twilight x5,grounded,"Natural, Treetop",#cobblemon:saccharine_trees,,8,15,,
0214,Heracross,4,uncommon,10,25,50,Crystal Canyon,,any,any,,grounded,,,structure:#the_bumblezone:sempiternal_sanctums,,,any,
0215,Sneasel,1,uncommon,9.2,18,43,Taiga,,any,any,Day x0.25,grounded,"Natural, Wild",,,8,15,,
0215,Sneasel [Hisuian],2,uncommon,9.2,18,43,Mountain,"Arid, Taiga, Volcanic",any,any,Night x0.25,grounded,"Natural, Wild",,,8,15,,
0216,Teddiursa,1,common,1.8,8,33,"Forest, Mountain, Skyroot Forest, Skyroot Woodland, Taiga",Volcanic,any,any,,grounded,"Natural, Wild",minY = 48,#cobblemon:saccharine_trees,,,any,
0216,Teddiursa,2,common,5.4,8,33,"Aether, Overworld",,any,any,,grounded,"Natural, Wild",#cobblemon:saccharine_trees,,8,15,,
0216,Teddiursa,3,common,1.8,8,33,"Crystal Canyon, Floral Meadow",,any,any,,grounded,,,structure:#the_bumblezone:sempiternal_sanctums,,,any,
0217,Ursaring,1,common,0.19,30,50,"Forest, Mountain, Skyroot Forest, Skyroot Woodland, Taiga",Volcanic,any,any,,grounded,"Natural, Wild",minY = 48,#cobblemon:saccharine_trees,,,any,
0217,Ursaring,2,common,0.57,30,50,"Aether, Overworld",,any,any,,grounded,"Natural, Wild",#cobblemon:saccharine_trees,,8,15,,
0217,Ursaring,3,common,0.19,30,50,"Crystal Canyon, Floral Meadow",,any,any,,grounded,,,structure:#the_bumblezone:sempiternal_sanctums,,,any,
0218,Slugma,1,common,1.8,1,25,Overworld,Volcanic,any,any,,surface,Lava,,,,,any,
0218,Slugma,2,common,9,1,25,Volcanic,,any,any,,grounded,Natural,minecraft:lava,,,,any,
0218,Slugma,3,common,5.4,1,25,"Nether Basalt, Nether Wasteland",,any,any,,grounded,Natural,,,,,any,
0218,Slugma,4,common,9,1,25,"Nether, Volcanic",,any,any,,surface,Lava,,,,,any,
0219,Magcargo,1,common,0.2,38,43,Overworld,Volcanic,any,any,,surface,Lava,,,,,any,
0219,Magcargo,2,common,1,38,43,Volcanic,,any,any,,grounded,Natural,minecraft:lava,,,,any,
0219,Magcargo,3,common,0.6,38,43,"Nether Basalt, Nether Wasteland",,any,any,,grounded,Natural,,,,,any,
0219,Magcargo,4,common,1,38,43,"Nether, Volcanic",,any,any,,surface,Lava,,,,,any,
0220,Swinub,1,common,9,1,25,Tundra,,any,any,,grounded,"Natural, Wild",,,8,15,,
0221,Piloswine,1,common,0.9,33,45,Tundra,,any,any,,grounded,"Natural, Wild",,,8,15,,
0222,Corsola,1,common,10,16,41,Warm Ocean,,any,any,,seafloor,Water,,,,,TRUE,
0222,Corsola,2,uncommon,10,16,41,Overworld,Warm Ocean,any,any,,seafloor,Water,"#minecraft:corals, #minecraft:coral_blocks",,,,TRUE,
0222,Corsola,3,common,10,16,41,Warm Ocean,,any,any,,fishing,,,,,,TRUE,
0222,Corsola,4,common,10,16,41,Warm Ocean,,any,any,,fishing,,,,8,15,FALSE,
0222,Corsola [Galarian],5,uncommon,1.68,16,41,Beach,,any,any,,grounded,Natural,,,,,any,
0222,Corsola [Galarian],6,common,9,16,41,Overworld,,any,any,,grounded,Natural,#cobblemon:dead_coral,,,,any,
0222,Corsola [Galarian],7,common,9,16,41,Overworld,,any,any,,seafloor,Water,#cobblemon:dead_coral,,,,any,
0222,Corsola [Galarian],8,uncommon,5.04,16,41,Nether Quartz,,any,any,,grounded,Natural,on minecraft:quartz_block,,,,any,
0222,Corsola [Galarian],9,common,9,16,41,Warped Desert,,any,any,,grounded,Natural,,,,,any,
0222,Corsola [Galarian],10,uncommon,1.68,16,41,"Beach, Warm Ocean",,any,any,,fishing,,,minLureLevel = 1,,,TRUE,
0222,Corsola [Galarian],11,common,1.8,16,41,"Beach, Warm Ocean",,any,any,Lure3 x3,fishing,,minLureLevel = 1,,,,TRUE,
0222,Corsola [Galarian],12,uncommon,1.68,16,41,"Beach, Warm Ocean",,any,any,,fishing,,,minLureLevel = 1,8,15,FALSE,
0222,Corsola [Galarian],13,common,1.8,16,41,"Beach, Warm Ocean",,any,any,Lure3 x3,fishing,,minLureLevel = 1,,8,15,FALSE,
0223,Remoraid,1,common,9,5,30,Ocean,,any,any,,submerged,Water,,,,,TRUE,
0223,Remoraid,2,common,9,5,30,Ocean,,any,any,,fishing,,,,,,TRUE,
0223,Remoraid,3,common,9,5,30,Ocean,,any,any,,submerged,Water,,,8,15,FALSE,
0223,Remoraid,4,common,9,5,30,Ocean,,any,any,,fishing,,,,8,15,FALSE,
0223,Remoraid,5,common,9,5,30,Overworld,,any,any,,submerged,Water,"structure:cobblemon:shipwreck_coves/submerged_shipwreck_cove, minY = -60, maxY = 13",,,,FALSE,
0223,Remoraid,6,common,9,5,30,Overworld,,any,any,,fishing,,"structure:cobblemon:shipwreck_coves/submerged_shipwreck_cove, minY = -60, maxY = 13",,,,FALSE,
0224,Octillery,1,common,1,25,48,Ocean,,any,any,,seafloor,Water,,,,,TRUE,
0224,Octillery,2,common,1,25,48,Ocean,,any,any,,fishing,,,,,,TRUE,
0224,Octillery,3,common,1,25,48,Ocean,,any,any,,fishing,,,,8,15,FALSE,
0224,Octillery,4,common,1,25,48,Overworld,,any,any,,seafloor,Water,"structure:cobblemon:shipwreck_coves/submerged_shipwreck_cove, minY = -60, maxY = 13",,,,FALSE,
0224,Octillery,5,common,1,25,48,Overworld,,any,any,,fishing,,"structure:cobblemon:shipwreck_coves/submerged_shipwreck_cove, minY = -60, maxY = 13",,,,FALSE,
0225,Delibird,1,uncommon,10,8,33,Peak,Volcanic,any,any,Night x0.25,grounded,Natural,,,8,15,,
0225,Delibird,2,common,100,8,33,Aether,,any,any,,grounded,Natural,aether:present,,8,15,,
0226,Mantine,1,uncommon,1.6,30,49,"Lukewarm Ocean, Warm Ocean",,any,any,,submerged,Water,minY = 48,,,,TRUE,
0226,Mantine,2,uncommon,1.6,30,49,Ocean,"Cold Ocean, Frozen Ocean",any,any,,fishing,,,minLureLevel = 1,,,TRUE,
0226,Mantine,3,common,1,30,49,Ocean,"Cold Ocean, Frozen Ocean",any,any,Lure1/2 x0.6,fishing,,minLureLevel = 1,,,,TRUE,
0226,Mantine,4,uncommon,1.6,30,49,"Lukewarm Ocean, Warm Ocean",,any,any,,submerged,Water,minY = 48,,8,15,FALSE,
0226,Mantine,5,uncommon,1.6,30,49,Ocean,"Cold Ocean, Frozen Ocean",any,any,,fishing,,,minLureLevel = 1,8,15,FALSE,
0226,Mantine,6,common,1,30,49,Ocean,"Cold Ocean, Frozen Ocean",any,any,Lure1/2 x0.6,fishing,,minLureLevel = 1,,8,15,FALSE,
0227,Skarmory,1,rare,10,22,47,"Badlands, Desert, Sky",,day,any,,grounded,"Natural, Wild",,,8,15,,
0228,Houndour,1,uncommon,5.04,8,33,Badlands,,any,any,Night x1.5,grounded,"Natural, Wild",,,8,15,,
0228,Houndour,2,common,5.4,8,33,Nether,,any,any,,grounded,Natural,,,,,any,
0228,Houndour,3,uncommon,84,8,33,Overworld,,any,any,Night x1.5,grounded,Ruined_Portal,,,,,any,
0229,Houndoom,1,uncommon,0.96,24,50,Badlands,,any,any,Night x1.5,grounded,"Natural, Wild",,,8,15,,
0229,Houndoom,2,common,0.6,24,50,Nether,,any,any,,grounded,Natural,,,,,any,
0229,Houndoom,3,uncommon,16,24,50,Overworld,,any,any,Night x1.5,grounded,Ruined_Portal,,,,,any,
0230,Kingdra,1,common,0.01,39,54,"Lukewarm Ocean, Warm Ocean",,any,any,,submerged,Water,,,,,TRUE,
0230,Kingdra,2,common,0.01,39,54,Ocean,"Cold Ocean, Frozen Ocean",any,any,"Lure2 x3, Lure3 x5",fishing,,,,,,TRUE,
0230,Kingdra,3,common,0.01,39,54,"Lukewarm Ocean, Warm Ocean",,any,any,,submerged,Water,,,8,15,FALSE,
0230,Kingdra,4,common,0.01,39,54,Ocean,"Cold Ocean, Frozen Ocean",any,any,"Lure2 x3, Lure3 x5",fishing,,,,8,15,FALSE,
0230,Kingdra,5,common,0.01,39,54,Overworld,,any,any,,submerged,Water,"structure:cobblemon:shipwreck_coves/submerged_shipwreck_cove, minY = -60, maxY = 13",,,,FALSE,
0230,Kingdra,6,common,0.01,39,54,Overworld,,any,any,"Lure2 x3, Lure3 x5",fishing,,"structure:cobblemon:shipwreck_coves/submerged_shipwreck_cove, minY = -60, maxY = 13",,,,FALSE,
0231,Phanpy,1,common,1.8,8,33,Badlands,,any,any,Night x0.25,grounded,"Natural, Wild",,,8,15,,
0231,Phanpy,2,common,5.4,8,33,Savanna,,any,any,Night x0.25,grounded,"Natural, Wild",,,8,15,,
0232,Donphan,1,common,0.2,25,50,Badlands,,any,any,Night x0.25,grounded,"Natural, Wild",,,8,15,,
0232,Donphan,2,common,0.6,25,50,Savanna,,any,any,Night x0.25,grounded,"Natural, Wild",,,8,15,,
0233,Porygon2,1,uncommon,0.72,35,52,Overworld,,any,any,,grounded,,cobblemon:pc,,,,any,
0234,Stantler,1,common,5.4,22,47,"Snowy Forest, Snowy Taiga, Tundra",,any,any,Night x0.25,grounded,"Natural, Wild",,,8,15,,
0234,Stantler,2,common,100,22,47,Aether,,any,any,,grounded,Natural,"aether:holiday_leaves, aether:decorated_holiday_leaves",,8,15,,
0235,Smeargle,1,rare,10,1,25,Overworld,,any,any,Night x0.25,grounded,"Natural, Urban",,,8,15,,
0235,Smeargle,2,rare,10,1,25,Overworld,,any,any,Night x0.25,grounded,Natural,structure:#minecraft:village,,8,15,,
0235,Smeargle,3,common,2,1,25,Overworld,,any,any,,grounded,Mansion,"minecraft:light_blue_wool, minecraft:blue_wool, minecraft:cyan_wool, minecraft:light_gray_wool, minecraft:gray_wool, minecraft:green_wool, minecraft:black_wool, minecraft:lime_wool, minecraft:orange_wool, minecraft:yellow_wool, minecraft:brown_wool, minecraft:yellow_carpet, minecraft:lime_carpet",,,,FALSE,
0236,Tyrogue,1,uncommon,5.04,1,21,Hills,,any,any,Night x0.25,grounded,Natural,,,8,15,,
0237,Hitmontop,1,uncommon,0.32,20,46,Hills,,any,any,Night x0.25,grounded,Natural,,,8,15,,
0238,Smoochum,1,uncommon,1.68,6,31,Freezing,,any,any,Night x0.25,grounded,"Natural, Urban",,,8,15,,
0238,Smoochum,2,uncommon,1.68,6,31,Freezing,,any,any,Night x0.25,grounded,Natural,structure:#minecraft:village,,8,15,,
0239,Elekid,1,uncommon,1.68,11,36,"Hills, Plains",,any,any,Storm x5,grounded,Natural,,,8,15,,
0240,Magby,1,common,9,11,36,Hills,Volcanic,any,clear,,grounded,Natural,"minecraft:lava, minecraft:magma_block",,8,15,,
0240,Magby,2,common,9,11,36,Volcanic,,any,clear,,grounded,Natural,,,8,15,,
0240,Magby,3,common,9,11,36,"Nether Basalt, Nether Wasteland",,any,any,,grounded,Natural,,,,,any,
0241,Miltank,1,common,6,24,49,Grassland,,any,any,Night x0.25,grounded,Natural,,,8,15,,
0241,Miltank,2,common,9.9,24,49,Mushroom Fields,,any,any,Night x0.25,grounded,Natural,,,8,15,,mooshtank=red
0241,Miltank,3,common,0.1,24,49,Mushroom Fields,,any,any,Night x0.25,grounded,Natural,,,8,15,,mooshtank=brown
0242,Blissey,1,rare,0.125,40,54,Overworld,,any,any,Night x0.25,grounded,"Natural, Urban",,,8,15,,
0242,Blissey,2,rare,0.125,40,54,Overworld,,any,any,Night x0.25,grounded,Natural,structure:#minecraft:village,,8,15,,
0242,Blissey,3,rare,0.125,40,54,Aether,,any,any,,grounded,Natural,,,8,15,,
0246,Larvitar,1,ultra-rare,6,5,30,Mountain,Freezing,any,any,,grounded,"Natural, Wild",,,8,15,,
0246,Larvitar,2,rare,7.5,5,30,Mountain,,any,any,,grounded,Natural,,,0,7,,
0247,Pupitar,1,ultra-rare,3.6,30,54,Mountain,Freezing,any,any,,grounded,"Natural, Wild",,,8,15,,
0247,Pupitar,2,rare,2.25,30,54,Mountain,,any,any,,grounded,Natural,,,0,7,,
0248,Tyranitar,1,ultra-rare,0.4,55,60,Mountain,Freezing,any,any,,grounded,"Natural, Wild",,,8,15,,
0248,Tyranitar,2,rare,0.25,55,60,Mountain,,any,any,,grounded,Natural,,,0,7,,
0252,Treecko,1,ultra-rare,6,5,31,"Jungle, Skyroot Forest, Skyroot Woodland",,any,any,,grounded,"Natural, Treetop",,,8,15,,
0253,Grovyle,1,ultra-rare,3.6,16,41,"Jungle, Skyroot Forest, Skyroot Woodland",,any,any,,grounded,"Natural, Treetop",,,8,15,,
0254,Sceptile,1,ultra-rare,0.4,36,53,"Jungle, Skyroot Forest, Skyroot Woodland",,any,any,,grounded,"Natural, Treetop",,,8,15,,
0255,Torchic,1,ultra-rare,6,5,31,"Plains, Skyroot Grove, Skyroot Meadow",,any,any,,grounded,Natural,,,8,15,,
0256,Combusken,1,ultra-rare,3.6,16,41,"Plains, Skyroot Grove, Skyroot Meadow",,any,any,,grounded,Natural,,,8,15,,
0257,Blaziken,1,ultra-rare,0.4,36,53,"Plains, Skyroot Grove, Skyroot Meadow",,any,any,,grounded,Natural,,,8,15,,
0258,Mudkip,1,ultra-rare,6,5,31,Swamp,,any,any,Rain x1.5,grounded,Natural,,,8,15,,
0258,Mudkip,2,ultra-rare,6,5,31,Swamp,,any,any,,submerged,Water,,,,,TRUE,
0258,Mudkip,3,ultra-rare,6,5,31,Lush,,any,any,,grounded,Natural,,"structure:cobblemon:shipwreck_coves/lush_shipwreck_cove, minY = -41, maxY = 9",0,7,,
0258,Mudkip,4,ultra-rare,6,5,31,Lush,,any,any,,submerged,Water,,"structure:cobblemon:shipwreck_coves/lush_shipwreck_cove, minY = -41, maxY = 9",0,7,,
0258,Mudkip,5,ultra-rare,6,5,31,"Badlands, Forest, Jungle, Mushroom, Savanna, Swamp",,any,any,,fishing,,,,,,TRUE,
0258,Mudkip,6,ultra-rare,6,5,31,Lush,,any,any,,fishing,,,"structure:cobblemon:shipwreck_coves/lush_shipwreck_cove, minY = -41, maxY = 9",0,7,,
0258,Mudkip,7,ultra-rare,6,5,31,Swamp,,any,any,,submerged,Water,,,8,15,FALSE,
0258,Mudkip,8,ultra-rare,6,5,31,"Badlands, Forest, Jungle, Mushroom, Savanna, Swamp",,any,any,,fishing,,,,8,15,FALSE,
0258,Mudkip,9,ultra-rare,6,5,31,Overworld,Lush,any,any,,grounded,Natural,"structure:cobblemon:shipwreck_coves/lush_shipwreck_cove, minY = -41, maxY = 9",,0,7,,
0258,Mudkip,10,ultra-rare,6,5,31,Overworld,Lush,any,any,,submerged,Water,"structure:cobblemon:shipwreck_coves/lush_shipwreck_cove, minY = -41, maxY = 9",,0,7,,
0258,Mudkip,11,ultra-rare,6,5,31,Overworld,Lush,any,any,,fishing,,"structure:cobblemon:shipwreck_coves/lush_shipwreck_cove, minY = -41, maxY = 9",,0,7,,
0259,Marshtomp,1,ultra-rare,3.6,16,41,Swamp,,any,any,Rain x1.5,grounded,Natural,,,8,15,,
0259,Marshtomp,2,ultra-rare,3.6,16,41,Swamp,,any,any,,submerged,Water,,,,,TRUE,
0259,Marshtomp,3,ultra-rare,3.6,16,41,Lush,,any,any,,grounded,Natural,,"structure:cobblemon:shipwreck_coves/lush_shipwreck_cove, minY = -41, maxY = 9",0,7,,
0259,Marshtomp,4,ultra-rare,3.6,16,41,Lush,,any,any,,submerged,Water,,"structure:cobblemon:shipwreck_coves/lush_shipwreck_cove, minY = -41, maxY = 9",0,7,,
0259,Marshtomp,5,ultra-rare,3.6,16,41,"Badlands, Forest, Jungle, Mushroom, Savanna, Swamp",,any,any,,fishing,,,,,,TRUE,
0259,Marshtomp,6,ultra-rare,3.6,16,41,Lush,,any,any,,fishing,,,"structure:cobblemon:shipwreck_coves/lush_shipwreck_cove, minY = -41, maxY = 9",0,7,,
0259,Marshtomp,7,ultra-rare,3.6,16,41,Swamp,,any,any,,submerged,Water,,,8,15,FALSE,
0259,Marshtomp,8,ultra-rare,3.6,16,41,"Badlands, Forest, Jungle, Mushroom, Savanna, Swamp",,any,any,,fishing,,,,8,15,FALSE,
0259,Marshtomp,9,ultra-rare,3.6,16,41,Overworld,Lush,any,any,,grounded,Natural,"structure:cobblemon:shipwreck_coves/lush_shipwreck_cove, minY = -41, maxY = 9",,0,7,,
0259,Marshtomp,10,ultra-rare,3.6,16,41,Overworld,Lush,any,any,,submerged,Water,"structure:cobblemon:shipwreck_coves/lush_shipwreck_cove, minY = -41, maxY = 9",,0,7,,
0259,Marshtomp,11,ultra-rare,3.6,16,41,Overworld,Lush,any,any,,fishing,,"structure:cobblemon:shipwreck_coves/lush_shipwreck_cove, minY = -41, maxY = 9",,0,7,,
0260,Swampert,1,ultra-rare,0.4,36,53,Swamp,,any,any,Rain x1.5,grounded,Natural,,,8,15,,
0260,Swampert,2,ultra-rare,0.4,36,53,Swamp,,any,any,,submerged,Water,,,,,TRUE,
0260,Swampert,3,ultra-rare,0.4,36,53,Lush,,any,any,,grounded,Natural,,"structure:cobblemon:shipwreck_coves/lush_shipwreck_cove, minY = -41, maxY = 9",0,7,,
0260,Swampert,4,ultra-rare,0.4,36,53,Lush,,any,any,,submerged,Water,,"structure:cobblemon:shipwreck_coves/lush_shipwreck_cove, minY = -41, maxY = 9",0,7,,
0260,Swampert,5,ultra-rare,6,36,53,"Badlands, Forest, Jungle, Mushroom, Savanna, Swamp",,any,any,,fishing,,,,,,TRUE,
0260,Swampert,6,ultra-rare,0.4,36,53,Lush,,any,any,,fishing,,,"structure:cobblemon:shipwreck_coves/lush_shipwreck_cove, minY = -41, maxY = 9",0,7,,
0260,Swampert,7,ultra-rare,0.4,36,53,Swamp,,any,any,,submerged,Water,,,8,15,FALSE,
0260,Swampert,8,ultra-rare,6,36,53,"Badlands, Forest, Jungle, Mushroom, Savanna, Swamp",,any,any,,fishing,,,,8,15,FALSE,
0260,Swampert,9,ultra-rare,0.4,36,53,Overworld,Lush,any,any,,grounded,Natural,"structure:cobblemon:shipwreck_coves/lush_shipwreck_cove, minY = -41, maxY = 9",,0,7,,
0260,Swampert,10,ultra-rare,0.4,36,53,Overworld,Lush,any,any,,submerged,Water,"structure:cobblemon:shipwreck_coves/lush_shipwreck_cove, minY = -41, maxY = 9",,0,7,,
0260,Swampert,11,ultra-rare,0.4,36,53,Overworld,Lush,any,any,,fishing,,"structure:cobblemon:shipwreck_coves/lush_shipwreck_cove, minY = -41, maxY = 9",,0,7,,
0261,Poochyena,1,common,5.4,1,22,"Badlands, Savanna",,night,any,,grounded,Natural,,,8,15,,
0261,Poochyena,2,common,90,1,22,Overworld,,any,any,,grounded,"Natural, Pillager_Outpost",,,8,15,,
0262,Mightyena,1,common,0.6,18,42,"Badlands, Savanna",,night,any,,grounded,Natural,,,8,15,,
0262,Mightyena,2,common,10,18,42,Overworld,,any,any,,grounded,"Natural, Pillager_Outpost",,,8,15,,
0263,Zigzagoon,1,common,9,1,24,Temperate,,any,any,Night x1.5,grounded,Natural,,,8,15,,
0263,Zigzagoon,2,common,9,1,24,"Skyroot Forest, Skyroot Woodland",,any,any,,grounded,Natural,,,8,15,,
0263,Zigzagoon [Galarian],3,common,9,1,24,Taiga,,any,any,Night x1.5,grounded,"Natural, Wild",,,8,15,,
0264,Linoone,1,common,1,20,42,Temperate,,any,any,Night x1.5,grounded,Natural,,,8,15,,
0264,Linoone,2,common,1,20,42,"Skyroot Forest, Skyroot Woodland",,any,any,,grounded,Natural,,,8,15,,
0264,Linoone [Galarian],3,common,0.9,20,42,Taiga,,any,any,Night x1.5,grounded,"Natural, Wild",,,8,15,,
0270,Lotad,1,common,1.8,1,22,Swamp,,any,rain,Night x1.5,grounded,Natural,,,8,15,,
0270,Lotad,2,common,5.4,1,22,Swamp,,any,any,,surface,Water,,,8,15,,
0270,Lotad,3,common,9,1,22,"Forest, Jungle, Swamp",,any,rain,Lure0/1 x0.6,fishing,,,,,,TRUE,
0270,Lotad,4,common,9,1,22,"Forest, Jungle, Swamp",,any,rain,Lure0/1 x0.6,fishing,,,,8,15,FALSE,
0271,Lombre,1,common,0.19,14,34,Swamp,,any,rain,Night x1.5,grounded,Natural,,,8,15,,
0271,Lombre,2,common,0.57,14,34,Swamp,,any,any,,surface,Water,,,8,15,,
0271,Lombre,3,common,0.95,14,34,"Forest, Jungle, Swamp",,any,rain,Lure0/1 x0.6,fishing,,,,,,TRUE,
0271,Lombre,4,common,0.95,14,34,"Forest, Jungle, Swamp",,any,rain,Lure0/1 x0.6,fishing,,,,8,15,FALSE,
0272,Ludicolo,1,common,0.01,29,48,Swamp,,any,rain,Night x1.5,grounded,Natural,,,8,15,,
0272,Ludicolo,2,common,0.03,29,48,Swamp,,any,any,,surface,Water,,,8,15,,
0272,Ludicolo,3,common,0.05,29,48,"Forest, Jungle, Swamp",,any,rain,Lure0/1 x0.6,fishing,,,,,,TRUE,
0272,Ludicolo,4,common,0.05,29,48,"Forest, Jungle, Swamp",,any,rain,Lure0/1 x0.6,fishing,,,,8,15,FALSE,
0273,Seedot,1,common,5.4,1,22,"Forest, Skyroot Forest, Skyroot Woodland",,any,any,,grounded,"Natural, Treetop",,,8,15,,
0274,Nuzleaf,1,common,0.57,14,34,"Forest, Skyroot Forest, Skyroot Woodland",,any,any,,grounded,"Natural, Treetop",,,8,15,,
0275,Shiftry,1,common,0.03,29,48,"Forest, Skyroot Forest, Skyroot Woodland",,any,any,,grounded,"Natural, Treetop",,,8,15,,
0276,Taillow,1,common,9,2,27,"Sky, Temperate",Spooky,day,any,,grounded,"Natural, Treetop",,,8,15,,
0276,Taillow,3,common,9,2,27,Aether,,any,any,,grounded,"Natural, Treetop",,,8,15,,
0277,Swellow,1,common,1,22,46,"Sky, Temperate",Spooky,day,any,,grounded,"Natural, Treetop",,,8,15,,
0277,Swellow,3,common,1,22,46,Aether,,any,any,,grounded,"Natural, Treetop",,,8,15,,
0278,Wingull,1,common,9,2,27,"Coast, Ocean, Sky, Tropical Island",,day,any,,grounded,"Natural, Treetop",,,8,15,FALSE,
0278,Wingull,2,common,9,2,27,"Coast, Ocean, Sky, Tropical Island",,day,any,,grounded,Treetop,,,,,TRUE,
0279,Pelipper,1,common,1,25,44,"Coast, Ocean, Sky, Tropical Island",,day,any,,grounded,"Natural, Treetop",,,8,15,FALSE,
0279,Pelipper,2,common,1,25,44,"Coast, Ocean, Sky, Tropical Island",,day,any,,grounded,Treetop,,,,,TRUE,
0280,Ralts,1,rare,7.5,1,20,"Floral, Magical, Skyroot Grove, Skyroot Meadow, Snowy Forest",,any,any,,grounded,Natural,,,8,15,,
0280,Ralts,2,rare,1.5,1,20,Overworld,,any,any,,grounded,"Natural, Urban",,,8,15,,
0280,Ralts,3,rare,1.5,1,20,Overworld,,any,any,,grounded,Natural,structure:#minecraft:village,,8,15,,
0280,Ralts,4,common,1.8,1,20,Overworld,,any,any,,grounded,Mansion,,,,,FALSE,
0281,Kirlia,1,rare,2.25,20,29,"Floral, Magical, Skyroot Grove, Skyroot Meadow, Snowy Forest",,any,any,,grounded,Natural,,,8,15,,
0281,Kirlia,2,rare,0.45,20,29,Overworld,,any,any,,grounded,"Natural, Urban",,,8,15,,
0281,Kirlia,3,rare,0.45,20,29,Overworld,,any,any,,grounded,Natural,structure:#minecraft:village,,8,15,,
0281,Kirlia,4,common,0.19,20,29,Overworld,,any,any,,grounded,Mansion,,,,,FALSE,
0282,Gardevoir,1,rare,0.1875,30,52,"Floral, Magical, Skyroot Grove, Skyroot Meadow, Snowy Forest",,any,any,,grounded,Natural,,,8,15,,
0282,Gardevoir,2,rare,0.0375,30,52,Overworld,,any,any,,grounded,"Natural, Urban",,,8,15,,
0282,Gardevoir,3,rare,0.0375,30,52,Overworld,,any,any,,grounded,Natural,structure:#minecraft:village,,8,15,,
0282,Gardevoir,4,common,0.0075,30,52,Overworld,,any,any,,grounded,Mansion,,,,,FALSE,
0283,Surskit,1,uncommon,5.04,2,27,Freshwater,Freezing,any,clear,,surface,Water,,,8,15,,
0283,Surskit,2,uncommon,8.4,2,27,Bumblezone,,any,any,,surface,Water,,structure:#the_bumblezone:sempiternal_sanctums,,,any,
0284,Masquerain,1,uncommon,0.96,22,45,Freshwater,Freezing,any,clear,,surface,Water,,,8,15,,
0284,Masquerain,2,uncommon,1.6,22,45,Bumblezone,,any,any,,surface,Water,,structure:#the_bumblezone:sempiternal_sanctums,,,any,
0285,Shroomish,1,common,1.8,5,30,"Forest, Skyroot Forest, Skyroot Woodland",Freezing,any,any,,grounded,Natural,,,8,15,,
0285,Shroomish,2,common,9,5,30,Mushroom,,any,any,,grounded,Natural,,,8,15,,
0286,Breloom,1,common,0.2,23,46,"Forest, Skyroot Forest, Skyroot Woodland",Freezing,any,any,,grounded,Natural,,,8,15,,
0286,Breloom,2,common,1,23,46,Mushroom,,any,any,,grounded,Natural,,,8,15,,
0287,Slakoth,1,common,1.8,3,28,Jungle,,any,any,,grounded,"Natural, Treetop, Wild",,,8,15,,
0288,Vigoroth,1,common,0.18,18,44,Jungle,,any,any,,grounded,"Natural, Treetop, Wild",,,8,15,,
0289,Slaking,1,common,0.02,36,67,Jungle,,any,any,,grounded,"Natural, Wild",,,8,15,,
0290,Nincada,1,common,10,2,27,"Forest, Jungle",Deep Dark,any,any,,grounded,Natural,"minY = 32, maxY = 62",,0,7,,
0290,Nincada,2,common,5.97,2,27,"Skyroot Forest, Skyroot Woodland",,any,any,,grounded,Natural,,,0,7,,
0291,Ninjask,1,common,2,20,46,"Forest, Jungle",Freezing,day,clear,,grounded,Natural,,,8,15,,
0291,Ninjask,2,common,2,20,46,"Skyroot Forest, Skyroot Woodland",,any,any,,grounded,Natural,,,8,15,,
0292,Shedinja,1,uncommon,2,20,24,"Forest, Jungle",Freezing,night,clear,,grounded,Natural,,,8,15,,
0292,Shedinja,2,common,0.03,20,24,"Skyroot Forest, Skyroot Woodland",,any,any,,grounded,Natural,,,0,7,,
0293,Whismur,1,uncommon,8.4,1,24,Deep Dark,,any,any,,grounded,Natural,,,0,7,,
0293,Whismur,2,common,1.8,1,24,Overworld,Deep Dark,any,any,,grounded,Natural,maxY = 0,,0,7,,
0294,Loudred,1,uncommon,1.44,20,39,Deep Dark,,any,any,,grounded,Natural,,,0,7,,
0294,Loudred,2,common,0.18,20,39,Overworld,Deep Dark,any,any,,grounded,Natural,maxY = 0,,0,7,,
0295,Exploud,1,uncommon,0.16,40,49,Deep Dark,,any,any,,grounded,Natural,,,0,7,,
0295,Exploud,2,common,0.02,40,49,Overworld,Deep Dark,any,any,,grounded,Natural,maxY = 0,,0,7,,
0296,Makuhita,1,common,1.8,1,24,Mountain,,any,any,Night x0.25,grounded,Natural,,,8,15,,
0297,Hariyama,1,common,0.2,24,47,Mountain,,any,any,Night x0.25,grounded,Natural,,,8,15,,
0298,Azurill,1,common,9,1,19,"Floral, Hills, Magical, River, Snowy Forest, Taiga, Temperate",,any,any,Lure0/1 x0.6,fishing,,,,,,TRUE,
0298,Azurill,2,common,9,1,19,"Floral, Hills, Magical, River, Snowy Forest, Taiga, Temperate",,any,any,Lure0/1 x0.6,fishing,,,,8,15,FALSE,
0298,Azurill,3,common,9,1,19,River,Freezing,any,any,,grounded,Natural,,,8,15,,
0298,Azurill,4,uncommon,5.04,1,19,River,,any,any,,surface,Water,,,8,15,,
0299,Nosepass,1,uncommon,5.52,13,38,Overworld,Deep Dark,any,any,,grounded,Natural,,,0,7,,
0302,Sableye,1,common,10,13,38,"Aether, Overworld",,any,any,,grounded,Natural,#cobblemon:gemstones,,0,7,,
0302,Sableye,2,rare,10,13,38,Deep Dark,,any,any,,grounded,Natural,,,0,7,,
0302,Sableye,3,common,2,13,38,"Crystal Canyon, Crystalline Chasm",,any,any,,grounded,,,structure:#the_bumblezone:sempiternal_sanctums,,,any,
0303,Mawile,1,uncommon,6,13,38,Deep Dark,,any,any,,grounded,Natural,,,0,7,,
0303,Mawile,2,rare,6,13,38,Overworld,Deep Dark,any,any,,grounded,Natural,,,0,7,,
0304,Aron,1,common,9,8,33,Mountain,Deep Dark,any,any,,grounded,"Natural, Wild",#minecraft:iron_ores,,,,any,
0304,Aron,2,common,9,8,33,Overworld,Deep Dark,any,any,,grounded,Natural,#minecraft:iron_ores,,0,7,,
0305,Lairon,1,common,0.9,32,43,Mountain,Deep Dark,any,any,,grounded,"Natural, Wild",#minecraft:iron_ores,,,,any,
0305,Lairon,2,common,0.9,32,43,Overworld,Deep Dark,any,any,,grounded,Natural,#minecraft:iron_ores,,0,7,,
0306,Aggron,1,common,0.1,42,53,Mountain,Deep Dark,any,any,,grounded,"Natural, Wild",#minecraft:iron_ores,,,,any,
0306,Aggron,2,common,0.1,42,53,Overworld,Deep Dark,any,any,,grounded,Natural,#minecraft:iron_ores,,0,7,,
0307,Meditite,1,common,1.8,3,28,Peak,,any,any,Night x0.25,grounded,Natural,,,8,15,,
0307,Meditite,2,common,54,3,28,Overworld,,any,any,Night x0.25,grounded,"Natural, Jungle_Pyramid",minY = 48,,,,any,
0308,Medicham,1,common,0.2,37,41,Peak,,any,any,Night x0.25,grounded,Natural,,,8,15,,
0308,Medicham,2,common,6,37,41,Overworld,,any,any,Night x0.25,grounded,"Natural, Jungle_Pyramid",minY = 48,,,,any,
0309,Electrike,1,common,1.8,5,30,"Grassland, Hills",,any,any,Storm x5,grounded,Natural,,,8,15,,
0310,Manectric,1,common,0.2,26,48,"Grassland, Hills",,any,any,Storm x5,grounded,Natural,,,8,15,,
0311,Plusle,1,uncommon,1,16,41,Plains,,any,any,Storm x5,grounded,Natural,,,8,15,,
0311,Plusle,2,uncommon,30,16,41,Plains,,any,any,Storm x5,grounded,,minecraft:lightning_rod,,8,15,,
0312,Minun,1,uncommon,1,16,41,Plains,,any,any,Storm x5,grounded,Natural,,,8,15,,
0312,Minun,2,uncommon,30,16,41,Plains,,any,any,Storm x5,grounded,,minecraft:lightning_rod,,8,15,,
0313,Volbeat,1,common,5,18,43,Freshwater,Freezing,night,clear,,grounded,"Natural, Treetop",,,8,15,,
0313,Volbeat,2,uncommon,5,18,43,Freshwater,Freezing,night,clear,,surface,Water,,,8,15,,
0313,Volbeat,3,common,3,18,43,Floral Meadow,,any,any,,grounded,,,structure:#the_bumblezone:sempiternal_sanctums,,,any,
0313,Volbeat,4,uncommon,3,18,43,Bumblezone,,any,any,,surface,Water,,structure:#the_bumblezone:sempiternal_sanctums,,,any,
0314,Illumise,1,common,5,18,43,Freshwater,Freezing,night,clear,,grounded,"Natural, Treetop",,,8,15,,
0314,Illumise,2,uncommon,5,18,43,Freshwater,Freezing,night,clear,,surface,Water,,,8,15,,
0314,Illumise,3,common,3,18,43,Floral Meadow,,any,any,,grounded,,,structure:#the_bumblezone:sempiternal_sanctums,,,any,
0314,Illumise,4,uncommon,3,18,43,Bumblezone,,any,any,,surface,Water,,structure:#the_bumblezone:sempiternal_sanctums,,,any,
0315,Roselia,1,common,0.95,23,40,"Aether, Floral",,any,any,,grounded,Natural,,,8,15,,
0315,Roselia,2,common,0.95,23,40,Floral Meadow,,any,any,,grounded,,,structure:#the_bumblezone:sempiternal_sanctums,,,any,
0318,Carvanha,1,common,1.8,6,31,"Ocean, Swamp",,any,any,,submerged,Water,,,,,TRUE,
0318,Carvanha,2,common,1.8,6,31,Ocean,,any,any,"Lure2 x3, Lure3 x5",fishing,,,,,,TRUE,
0318,Carvanha,3,common,2,6,31,"Jungle, Swamp",,any,any,"Lure2 x3, Lure3 x5",fishing,,,,,,TRUE,
0318,Carvanha,4,common,1.8,6,31,"Ocean, Swamp",,any,any,,submerged,Water,,,8,15,FALSE,
0318,Carvanha,5,common,1.8,6,31,Ocean,,any,any,"Lure2 x3, Lure3 x5",fishing,,,,8,15,FALSE,
0318,Carvanha,6,common,2,6,31,"Jungle, Swamp",,any,any,"Lure2 x3, Lure3 x5",fishing,,,,8,15,FALSE,
0318,Carvanha,7,common,1.8,6,31,Overworld,,any,any,,submerged,Water,"structure:cobblemon:shipwreck_coves/submerged_shipwreck_cove, minY = -60, maxY = 13",,,,FALSE,
0318,Carvanha,8,common,1.8,6,31,Overworld,,any,any,"Lure2 x3, Lure3 x5",fishing,,"structure:cobblemon:shipwreck_coves/submerged_shipwreck_cove, minY = -60, maxY = 13",,,,FALSE,
0319,Sharpedo,1,common,0.2,30,46,Ocean,,any,any,,submerged,Water,,,,,TRUE,
0319,Sharpedo,2,common,0.2,30,46,Ocean,,any,any,"Lure2 x3, Lure3 x5",fishing,,,,,,TRUE,
0319,Sharpedo,3,common,0.2,30,46,Ocean,,any,any,,submerged,Water,,,8,15,FALSE,
0319,Sharpedo,4,common,0.2,30,46,Ocean,,any,any,"Lure2 x3, Lure3 x5",fishing,,,,8,15,FALSE,
0319,Sharpedo,5,common,0.2,30,46,Overworld,,any,any,,submerged,Water,"structure:cobblemon:shipwreck_coves/submerged_shipwreck_cove, minY = -60, maxY = 13",,,,FALSE,
0319,Sharpedo,6,common,0.2,30,46,Overworld,,any,any,"Lure2 x3, Lure3 x5",fishing,,"structure:cobblemon:shipwreck_coves/submerged_shipwreck_cove, minY = -60, maxY = 13",,,,FALSE,
0320,Wailmer,1,uncommon,1.68,15,40,Deep Ocean,,any,any,,submerged,Water,,,,,TRUE,
0320,Wailmer,2,uncommon,1.68,15,40,Ocean,,any,any,,fishing,,,minLureLevel = 1,,,TRUE,
0320,Wailmer,3,common,1.68,15,40,Ocean,,any,any,Lure3 x3,fishing,,minLureLevel = 1,,,,TRUE,
0320,Wailmer,4,uncommon,1.68,15,40,Deep Ocean,,any,any,,submerged,Water,,,8,15,FALSE,
0320,Wailmer,5,uncommon,1.68,15,40,Ocean,,any,any,,fishing,,,minLureLevel = 1,8,15,FALSE,
0320,Wailmer,6,common,1.68,15,40,Ocean,,any,any,Lure3 x3,fishing,,minLureLevel = 1,,8,15,FALSE,
0321,Wailord,1,uncommon,0.32,40,50,Deep Ocean,,any,any,,submerged,Water,,,,,TRUE,
0321,Wailord,2,uncommon,0.32,40,50,Ocean,,any,any,,fishing,,,minLureLevel = 1,,,TRUE,
0321,Wailord,3,common,0.32,40,50,Ocean,,any,any,Lure3 x3,fishing,,minLureLevel = 1,,,,TRUE,
0321,Wailord,4,uncommon,0.32,40,50,Deep Ocean,,any,any,,submerged,Water,,,8,15,FALSE,
0321,Wailord,5,uncommon,0.32,40,50,Ocean,,any,any,,fishing,,,minLureLevel = 1,8,15,FALSE,
0321,Wailord,6,common,0.32,40,50,Ocean,,any,any,Lure3 x3,fishing,,minLureLevel = 1,,8,15,FALSE,
0322,Numel,1,common,5.4,6,31,Badlands,,any,any,Night x0.25,grounded,Natural,,,8,15,,
0322,Numel,2,common,9,6,31,Volcanic,,any,any,Night x0.25,grounded,Natural,,,8,15,,
0322,Numel,3,common,5.4,6,31,"Nether Overgrowth, Nether Wasteland",,any,any,,grounded,Natural,,,,,any,
0323,Camerupt,1,common,0.6,33,46,Badlands,,any,any,Night x0.25,grounded,Natural,,,8,15,,
0323,Camerupt,2,common,1,33,46,Volcanic,,any,any,Night x0.25,grounded,Natural,,,8,15,,
0323,Camerupt,3,common,0.6,33,46,"Nether Overgrowth, Nether Wasteland",,any,any,,grounded,Natural,,,,,any,
0324,Torkoal,1,common,10,22,47,"Mountain, Thermal",,any,any,,grounded,Natural,#minecraft:coal_ores,,,,any,
0324,Torkoal,2,uncommon,10,22,47,Overworld,"Deep Dark, Mountain, Thermal",any,any,,grounded,Natural,#minecraft:coal_ores,,0,7,,
0324,Torkoal,3,common,2,22,47,Nether Basalt,,any,any,,grounded,Natural,,,,,any,
0325,Spoink,1,common,5.4,8,33,Hills,,any,any,,grounded,"Natural, Wild",,,8,15,,
0325,Spoink,2,common,5.4,8,33,Nether Fungus,,any,any,,grounded,"Natural, Wild",,,,,any,
0326,Grumpig,1,common,0.6,32,47,Hills,,any,any,,grounded,"Natural, Wild",,,8,15,,
0326,Grumpig,2,common,0.6,32,47,Nether Fungus,,any,any,,grounded,"Natural, Wild",,,,,any,
0327,Spinda,1,uncommon,9.9,11,36,"Bamboo, Hills",,any,any,,grounded,"Natural, Wild",,,8,15,,
0327,Spinda,2,uncommon,0.025,11,36,"Bamboo, Hills",,any,any,,grounded,"Natural, Wild",,,8,15,,special_spots=1; face_spots=none; face_spots2=none
0327,Spinda,3,uncommon,0.025,11,36,"Bamboo, Hills",,any,any,,grounded,"Natural, Wild",,,8,15,,special_spots=2; face_spots=none; face_spots2=none
0327,Spinda,4,uncommon,0.025,11,36,"Bamboo, Hills",,any,any,,grounded,"Natural, Wild",,,8,15,,special_spots=3; face_spots=none; face_spots2=none
0327,Spinda,5,uncommon,0.025,11,36,"Bamboo, Hills",,any,any,,grounded,"Natural, Wild",,,8,15,,special_spots=4; face_spots=none; face_spots2=none
0328,Trapinch,1,rare,7.5,4,29,Desert,,any,any,Rain x1.5,grounded,"Natural, Wild",,,8,15,,
0328,Trapinch,2,uncommon,10,4,29,Desert,,any,any,,grounded,Natural,minY = 0,,0,7,,
0329,Vibrava,1,rare,2.25,35,40,Desert,,any,rain,Rain x1.5,grounded,"Natural, Wild",,,8,15,,
0330,Flygon,1,rare,0.25,45,52,Desert,,any,rain,Rain x1.5,grounded,"Natural, Wild",,,8,15,,
0331,Cacnea,1,common,9,9,34,"Badlands, Desert",,any,any,Night x1.5,grounded,Natural,,,8,15,,
0332,Cacturne,1,common,1,32,48,"Badlands, Desert",,any,any,Night x1.5,grounded,Natural,,,8,15,,
0333,Swablu,1,uncommon,8.4,6,31,Overworld,"Peak, Sky, Freezing",any,clear,Night x0.25,grounded,"Natural, Treetop",minY = 190,,8,15,,
0333,Swablu,2,uncommon,8.4,6,31,"Peak, Sky","Freezing, Volcanic",any,clear,Night x0.25,grounded,"Natural, Treetop",,,8,15,,
0333,Swablu,4,common,9,6,31,"Skyroot Grove, Skyroot Meadow",,any,any,,grounded,"Natural, Treetop",,,8,15,,
0334,Altaria,1,uncommon,1.6,35,49,Overworld,"Peak, Sky, Freezing",any,clear,Night x0.25,grounded,"Natural, Treetop",minY = 190,,8,15,,
0334,Altaria,2,uncommon,1.6,35,49,"Peak, Sky","Freezing, Volcanic",any,clear,Night x0.25,grounded,"Natural, Treetop",,,8,15,,
0334,Altaria,4,common,1,35,49,"Skyroot Grove, Skyroot Meadow",,any,any,,grounded,"Natural, Treetop",,,8,15,,
0337,Lunatone,1,uncommon,10,21,46,Dripstone,,night,any,Full Moon x5,grounded,Natural,,,8,15,,
0337,Lunatone,2,common,10,21,46,Dripstone,,any,any,Night x0.25,grounded,Natural,,,0,7,,
0337,Lunatone,3,uncommon,2,21,46,Mountain,,night,any,Full Moon x5,grounded,Natural,,,8,15,,
0337,Lunatone,4,common,20,21,46,Overworld,,any,any,Night x5,grounded,Natural,structure:cobblemon:ruins/luna_henge_ruins,,8,15,,
0338,Solrock,1,uncommon,10,21,46,Dripstone,,day,any,,grounded,Natural,,,8,15,,
0338,Solrock,2,common,10,21,46,Dripstone,,any,any,Day x0.25,grounded,Natural,,,0,7,,
0338,Solrock,3,uncommon,2,21,46,Mountain,,day,any,,grounded,Natural,,,8,15,,
0338,Solrock,4,common,20,21,46,Overworld,,any,any,Day x5,grounded,Natural,structure:cobblemon:ruins/sol_henge_ruins,,8,15,,
0338,Solrock,5,uncommon,6,21,46,"Skyroot Grove, Skyroot Meadow",,any,any,,grounded,Natural,,,,,any,
0339,Barboach,1,common,9,4,29,Swamp,,any,any,,submerged,Water,,,,,TRUE,
0339,Barboach,2,uncommon,8.4,4,29,Overworld,,any,any,,submerged,Water,,,0,7,,
0339,Barboach,3,common,9,4,29,"Arid, Freshwater, Hills, Jungle, Mushroom, Temperate",Freezing,any,any,,fishing,,,,,,TRUE,
0339,Barboach,4,common,9,4,29,Overworld,,any,any,,fishing,,,,0,7,,
0339,Barboach,5,common,9,4,29,Swamp,,any,any,,submerged,Water,,,8,15,FALSE,
0339,Barboach,6,common,9,4,29,"Arid, Freshwater, Hills, Jungle, Mushroom, Temperate",Freezing,any,any,,fishing,,,,8,15,FALSE,
0340,Whiscash,1,common,1,30,47,Swamp,,any,any,,submerged,Water,,,,,TRUE,
0340,Whiscash,2,uncommon,1.6,30,47,Overworld,,any,any,,submerged,Water,,,0,7,,
0340,Whiscash,3,common,1,30,47,"Arid, Freshwater, Hills, Jungle, Mushroom, Temperate",Freezing,any,any,,fishing,,,,,,TRUE,
0340,Whiscash,4,common,1,30,47,Overworld,,any,any,,fishing,,,,0,7,,
0340,Whiscash,5,rare,10,30,47,"Arid, Freshwater, Hills, Jungle, Mushroom, Temperate",Freezing,any,any,,fishing,,bobber = master_ball,,,,TRUE,whiscash_nero=true
0340,Whiscash,6,rare,10,30,47,Overworld,,any,any,,fishing,,bobber = master_ball,,0,7,,whiscash_nero=true
0340,Whiscash,7,common,1,30,47,Swamp,,any,any,,submerged,Water,,,8,15,FALSE,
0340,Whiscash,8,common,1,30,47,"Arid, Freshwater, Hills, Jungle, Mushroom, Temperate",Freezing,any,any,,fishing,,,,8,15,FALSE,
0340,Whiscash,9,rare,10,30,47,"Arid, Freshwater, Hills, Jungle, Mushroom, Temperate",Freezing,any,any,,fishing,,bobber = master_ball,,8,15,FALSE,whiscash_nero=true
0341,Corphish,1,common,5.4,6,31,Freshwater,Freezing,any,any,,grounded,Natural,,,8,15,,
0341,Corphish,2,common,5.4,6,31,Freshwater,Freezing,any,any,,seafloor,Water,,,,,TRUE,
0341,Corphish,3,common,1.8,6,31,"Arid, Freshwater, Hills, Jungle, Temperate",Freezing,any,any,"Lure2 x3, Lure3 x5",fishing,,,,,,TRUE,
0341,Corphish,4,common,1.8,6,31,"Arid, Freshwater, Hills, Jungle, Temperate",Freezing,any,any,"Lure2 x3, Lure3 x5",fishing,,,,8,15,FALSE,
0342,Crawdaunt,1,common,0.6,30,47,Freshwater,Freezing,any,any,,grounded,Natural,,,8,15,,
0342,Crawdaunt,2,common,0.6,30,47,Freshwater,Freezing,any,any,,seafloor,Water,,,,,TRUE,
0342,Crawdaunt,3,common,0.2,30,47,"Arid, Freshwater, Hills, Jungle, Temperate",Freezing,any,any,"Lure2 x3, Lure3 x5",fishing,,,,,,TRUE,
0342,Crawdaunt,4,common,0.2,30,47,"Arid, Freshwater, Hills, Jungle, Temperate",Freezing,any,any,"Lure2 x3, Lure3 x5",fishing,,,,8,15,FALSE,
0343,Baltoy,1,uncommon,5.04,5,30,"Badlands, Desert",Deep Dark,any,any,,grounded,Natural,minY = 0,,0,7,,
0343,Baltoy,2,common,54,5,30,Overworld,,any,any,,grounded,"Natural, Desert_Pyramid",minY = 48,,,,FALSE,
0343,Baltoy,3,common,5.4,5,30,Howling Constructs,,any,any,,grounded,,,structure:#the_bumblezone:sempiternal_sanctums,,,any,
0344,Claydol,1,uncommon,0.96,36,50,"Badlands, Desert",Deep Dark,any,any,,grounded,Natural,minY = 0,,0,7,,
0344,Claydol,2,common,6,36,50,Overworld,,any,any,,grounded,"Natural, Desert_Pyramid",minY = 48,,,,FALSE,
0344,Claydol,3,common,0.6,36,50,Howling Constructs,,any,any,,grounded,,,structure:#the_bumblezone:sempiternal_sanctums,,,any,
0345,Lileep,1,ultra-rare,6,11,36,Lush,,any,any,,seafloor,Water,,,0,7,,
0346,Cradily,1,ultra-rare,4,40,50,Lush,,any,any,,seafloor,Water,,,0,7,,
0347,Anorith,1,ultra-rare,6,11,36,Lush,,any,any,,grounded,Natural,,,0,7,,
0347,Anorith,2,ultra-rare,6,11,36,Lush,,any,any,,submerged,Water,,,0,7,,
0348,Armaldo,1,ultra-rare,4,40,50,Lush,,any,any,,grounded,Natural,,,0,7,,
0348,Armaldo,2,ultra-rare,4,40,50,Lush,,any,any,,submerged,Water,,,0,7,,
0349,Feebas,1,common,5.7,1,20,Overworld,"Coast, Ocean",any,any,,fishing,,Slime Chunk,minLureLevel = 1,,,any,
0349,Feebas,2,common,9.5,1,20,Overworld,"Coast, Ocean",any,any,"Lure2 x3, Lure3 x5",fishing,,"minLureLevel = 1, Slime Chunk",,,,any,
0350,Milotic,1,common,0.3,15,54,Overworld,"Coast, Ocean",any,any,,fishing,,Slime Chunk,minLureLevel = 1,,,any,
0350,Milotic,2,common,0.5,15,54,Overworld,"Coast, Ocean",any,any,"Lure2 x3, Lure3 x5",fishing,,"minLureLevel = 1, Slime Chunk",,,,any,
0352,Kecleon,1,uncommon,10,19,44,"Jungle, Tropical Island",,any,any,,grounded,"Natural, Wild",,,8,15,,
0353,Shuppet,1,common,9,5,30,Spooky,,night,any,,grounded,Natural,,,8,15,,
0353,Shuppet,2,uncommon,8.4,5,30,Overworld,,night,any,,grounded,"Natural, Urban",,,8,15,,
0353,Shuppet,3,uncommon,8.4,5,30,Overworld,,night,any,,grounded,Natural,structure:#minecraft:village,,8,15,,
0353,Shuppet,4,common,9,5,30,Overworld,,night,any,,grounded,Mansion,,,,,FALSE,
0354,Banette,1,common,1,37,46,Spooky,,night,any,,grounded,Natural,,,8,15,,
0354,Banette,2,uncommon,1.6,37,46,Overworld,,night,any,,grounded,"Natural, Urban",,,8,15,,
0354,Banette,3,uncommon,1.6,37,46,Overworld,,night,any,,grounded,Natural,structure:#minecraft:village,,8,15,,
0354,Banette,4,common,1,37,46,Overworld,,night,any,,grounded,Mansion,,,,,FALSE,
0355,Duskull,1,common,5,5,30,Spooky,,night,any,,grounded,Natural,,,8,15,,
0355,Duskull,2,common,9,5,30,Nether Soul Sand,,any,any,,grounded,Natural,,,,,any,
0356,Dusclops,1,common,0.57,37,46,Spooky,,night,any,,grounded,Natural,,,8,15,,
0356,Dusclops,2,common,0.95,37,46,Nether Soul Sand,,any,any,,grounded,Natural,,,,,any,
0357,Tropius,1,uncommon,6,21,46,Jungle,,any,any,Night x0.25,grounded,"Natural, Wild",,,8,15,,
0357,Tropius,3,uncommon,6,21,46,Aether,,any,any,,grounded,Natural,,,8,15,,
0358,Chimecho,1,uncommon,0.32,24,46,"Forest, Mountain, Spooky, Taiga",Volcanic,night,any,,grounded,Natural,,,8,15,,
0358,Chimecho,2,uncommon,0.96,24,46,Magical,,night,any,,grounded,Natural,,,8,15,,
0358,Chimecho,3,uncommon,16,24,46,Overworld,,night,any,,grounded,,minecraft:bell,,,,any,
0359,Absol,1,rare,10,22,47,"Mountain, Snowy Forest, Taiga",Volcanic,any,any,,grounded,"Natural, Wild",,,8,15,,
0360,Wynaut,1,rare,7.5,1,26,Overworld,Deep Dark,any,any,,grounded,Natural,,,0,7,,
0361,Snorunt,1,uncommon,1.68,5,30,Glacial,,any,any,,grounded,"Natural, Wild",,,8,15,,
0361,Snorunt,2,uncommon,8.4,5,30,"Snowy, Tundra",,any,any,,grounded,Natural,minY = 0,,0,7,,
0361,Snorunt,3,common,9.2,5,30,Overworld,,any,any,,grounded,Natural,structure:minecraft:igloo,,1,15,,
0361,Snorunt,4,uncommon,8.4,5,30,Nether Frozen,,any,any,,grounded,Natural,,,,,any,
0362,Glalie,1,uncommon,0.32,42,48,Glacial,,any,clear,,grounded,"Natural, Wild",,,8,15,,
0362,Glalie,2,uncommon,1.2,42,48,"Snowy, Tundra",,any,any,,grounded,Natural,minY = 0,,0,7,,
0362,Glalie,3,uncommon,1.2,42,48,Nether Frozen,,any,any,,grounded,Natural,,,,,any,
0363,Spheal,1,common,5.4,4,29,Frozen Ocean,,any,any,,grounded,Natural,,,8,15,,
0363,Spheal,2,common,5.4,4,29,Frozen Ocean,,any,any,,submerged,Water,,,,,TRUE,
0363,Spheal,3,common,1.8,4,29,"Cold Ocean, Frozen Ocean",,any,any,"Lure2 x3, Lure3 x5",fishing,,,,,,TRUE,
0363,Spheal,4,common,5.4,4,29,Frozen Ocean,,any,any,,submerged,Water,,,8,15,FALSE,
0363,Spheal,5,common,1.8,4,29,"Cold Ocean, Frozen Ocean",,any,any,"Lure2 x3, Lure3 x5",fishing,,,,8,15,FALSE,
0364,Sealeo,1,common,0.54,32,41,Frozen Ocean,,any,any,,grounded,Natural,,,8,15,,
0364,Sealeo,2,common,0.54,32,41,Frozen Ocean,,any,any,,submerged,Water,,,,,TRUE,
0364,Sealeo,3,common,0.18,32,41,"Cold Ocean, Frozen Ocean",,any,any,"Lure2 x3, Lure3 x5",fishing,,,,,,TRUE,
0364,Sealeo,4,common,0.54,32,41,Frozen Ocean,,any,any,,submerged,Water,,,8,15,FALSE,
0364,Sealeo,5,common,0.18,32,41,"Cold Ocean, Frozen Ocean",,any,any,"Lure2 x3, Lure3 x5",fishing,,,,8,15,FALSE,
0365,Walrein,1,common,0.06,44,53,Frozen Ocean,,any,any,,grounded,Natural,,,8,15,,
0365,Walrein,2,common,0.06,44,53,Frozen Ocean,,any,any,,submerged,Water,,,,,TRUE,
0365,Walrein,3,common,0.02,44,53,"Cold Ocean, Frozen Ocean",,any,any,"Lure2 x3, Lure3 x5",fishing,,,,,,TRUE,
0365,Walrein,4,common,0.06,44,53,Frozen Ocean,,any,any,,submerged,Water,,,8,15,FALSE,
0365,Walrein,5,common,0.02,44,53,"Cold Ocean, Frozen Ocean",,any,any,"Lure2 x3, Lure3 x5",fishing,,,,8,15,FALSE,
0366,Clamperl,1,uncommon,9.2,10,35,Deep Ocean,,any,any,,seafloor,Water,maxY = 48,,,,TRUE,
0366,Clamperl,2,rare,8.75,10,35,Warm Ocean,,any,any,,seafloor,Water,,,,,TRUE,
0366,Clamperl,3,rare,5.25,10,35,Ocean,,any,any,,fishing,,,,,,TRUE,
0366,Clamperl,4,rare,5.25,10,35,Ocean,,any,any,,fishing,,,,8,15,FALSE,
0366,Clamperl,5,uncommon,9.2,10,35,Overworld,,any,any,,seafloor,Water,"structure:cobblemon:shipwreck_coves/submerged_shipwreck_cove, minY = -60, maxY = 13",,,,FALSE,
0366,Clamperl,6,rare,5.25,10,35,Overworld,,any,any,,fishing,,"structure:cobblemon:shipwreck_coves/submerged_shipwreck_cove, minY = -60, maxY = 13",,,,FALSE,
0367,Huntail,1,uncommon,0.4,30,49,Deep Ocean,,any,any,,submerged,Water,maxY = 48,,,,TRUE,
0367,Huntail,2,rare,0.625,30,49,Warm Ocean,,any,any,,submerged,Water,,,,,TRUE,
0367,Huntail,3,rare,0.375,30,49,Ocean,,any,any,,fishing,,,,,,TRUE,
0367,Huntail,4,uncommon,0.4,30,49,Deep Ocean,,any,any,,submerged,Water,maxY = 48,,8,15,FALSE,
0367,Huntail,5,rare,0.625,30,49,Warm Ocean,,any,any,,submerged,Water,,,8,15,FALSE,
0367,Huntail,6,rare,0.375,30,49,Ocean,,any,any,,fishing,,,,8,15,FALSE,
0367,Huntail,7,uncommon,0.4,30,49,Overworld,,any,any,,submerged,Water,"structure:cobblemon:shipwreck_coves/submerged_shipwreck_cove, minY = -60, maxY = 13",,,,FALSE,
0367,Huntail,8,rare,0.375,30,49,Overworld,,any,any,,fishing,,"structure:cobblemon:shipwreck_coves/submerged_shipwreck_cove, minY = -60, maxY = 13",,,,FALSE,
0368,Gorebyss,1,uncommon,0.4,30,49,Deep Ocean,,any,any,,submerged,Water,maxY = 48,,,,TRUE,
0368,Gorebyss,2,rare,0.625,30,49,Warm Ocean,,any,any,,submerged,Water,,,,,TRUE,
0368,Gorebyss,3,rare,0.375,30,49,Ocean,,any,any,,fishing,,,,,,TRUE,
0368,Gorebyss,4,uncommon,0.4,30,49,Deep Ocean,,any,any,,submerged,Water,maxY = 48,,8,15,FALSE,
0368,Gorebyss,5,rare,0.625,30,49,Warm Ocean,,any,any,,submerged,Water,,,8,15,FALSE,
0368,Gorebyss,6,rare,0.375,30,49,Ocean,,any,any,,fishing,,,,8,15,FALSE,
0368,Gorebyss,7,uncommon,0.4,30,49,Overworld,,any,any,,submerged,Water,"structure:cobblemon:shipwreck_coves/submerged_shipwreck_cove, minY = -60, maxY = 13",,,,FALSE,
0368,Gorebyss,8,rare,0.375,30,49,Overworld,,any,any,,fishing,,"structure:cobblemon:shipwreck_coves/submerged_shipwreck_cove, minY = -60, maxY = 13",,,,FALSE,
0369,Relicanth,1,uncommon,2,24,49,Deep Ocean,,any,any,,submerged,Water,maxY = 48,,,,any,
0369,Relicanth,2,common,20,24,49,Ocean,,any,any,,submerged,"Water, Ocean_Ruins",,,,,TRUE,
0369,Relicanth,3,rare,10,24,49,Overworld,"Deep Ocean, Lush",any,any,,submerged,Water,maxY = 48,,0,7,,
0369,Relicanth,4,uncommon,2,24,49,Deep Ocean,,any,any,,fishing,,,minLureLevel = 1,,,any,
0369,Relicanth,5,common,2,24,49,Deep Ocean,,any,any,Lure3 x3,fishing,,minLureLevel = 1,,,,any,
0369,Relicanth,6,rare,6,24,49,Ocean,Deep Ocean,any,any,,fishing,,,,,,TRUE,
0369,Relicanth,7,uncommon,2,24,49,Overworld,"Deep Ocean, Lush",any,any,,fishing,,maxY = 48,minLureLevel = 1,0,7,,
0369,Relicanth,8,common,2,24,49,Overworld,"Deep Ocean, Lush",any,any,Lure3 x3,fishing,,"maxY = 48, minLureLevel = 1",,0,7,,
0369,Relicanth,9,common,20,24,49,Ocean,,any,any,,submerged,"Water, Ocean_Ruins",,,8,15,FALSE,
0369,Relicanth,10,rare,6,24,49,Ocean,Deep Ocean,any,any,,fishing,,,,8,15,FALSE,
0369,Relicanth,11,uncommon,2,24,49,Overworld,,any,any,,submerged,Water,"structure:cobblemon:shipwreck_coves/submerged_shipwreck_cove, minY = -60, maxY = 13",,,,FALSE,
0369,Relicanth,12,uncommon,2,24,49,Overworld,,any,any,,fishing,,"structure:cobblemon:shipwreck_coves/submerged_shipwreck_cove, minY = -60, maxY = 13",minLureLevel = 1,,,FALSE,
0369,Relicanth,13,common,2,24,49,Overworld,,any,any,Lure3 x3,fishing,,"minLureLevel = 1, structure:cobblemon:shipwreck_coves/submerged_shipwreck_cove, minY = -60, maxY = 13",,,,FALSE,
0370,Luvdisc,1,common,10,8,33,Warm Ocean,,day,any,,submerged,Water,,,,,TRUE,
0370,Luvdisc,2,common,10,8,33,Warm Ocean,,day,any,,fishing,,,,,,TRUE,
0370,Luvdisc,3,common,10,8,33,Warm Ocean,,day,any,,submerged,Water,,,8,15,FALSE,
0370,Luvdisc,4,common,10,8,33,Warm Ocean,,day,any,,fishing,,,,8,15,FALSE,
0371,Bagon,1,ultra-rare,9.6,5,30,Peak,Freezing,any,any,,grounded,"Natural, Wild",,,8,15,,
0371,Bagon,2,ultra-rare,6,5,30,Dripstone,,any,any,,grounded,"Natural, Wild",,,8,15,,
0371,Bagon,3,rare,7.5,5,30,"Aether, Dripstone",,any,any,,grounded,Natural,,,0,7,,
0372,Shelgon,1,ultra-rare,3.6,30,42,Dripstone,,any,any,,grounded,"Natural, Wild",,,8,15,,
0372,Shelgon,2,rare,2.25,30,42,"Aether, Dripstone",,any,any,,grounded,Natural,,,0,7,,
0373,Salamence,1,ultra-rare,0.4,50,60,"Peak, Sky",Freezing,any,any,,grounded,"Natural, Wild",,,8,15,,
0373,Salamence,2,ultra-rare,0.4,50,60,Dripstone,,any,any,,grounded,"Natural, Wild",,,8,15,,
0373,Salamence,3,rare,0.25,50,60,"Aether, Dripstone",,any,any,,grounded,Natural,,,0,7,,
0374,Beldum,1,ultra-rare,6,5,30,"Dripstone, Peak",,any,any,,grounded,Natural,,,,,any,
0374,Beldum,2,rare,7.5,5,30,End,,any,any,,grounded,Natural,,,,,any,
0374,Beldum,3,rare,7.5,5,30,Aether,,any,any,,grounded,Natural,,,0,7,,
0374,Beldum,4,uncommon,1.68,5,30,Aether,,any,any,,grounded,,structure:#aether:dungeons,,0,7,,
0374,Beldum,5,rare,7.5,5,30,Howling Constructs,,any,any,,grounded,,,structure:#the_bumblezone:sempiternal_sanctums,,,any,
0375,Metang,1,ultra-rare,3.6,20,44,"Dripstone, Peak",,any,any,,grounded,Natural,,,,,any,
0375,Metang,2,rare,2.25,20,44,End,,any,any,,grounded,Natural,,,,,any,
0375,Metang,3,rare,2.25,20,44,Aether,,any,any,,grounded,Natural,,,0,7,,
0375,Metang,4,uncommon,0.288,20,44,Aether,,any,any,,grounded,,structure:#aether:dungeons,,0,7,,
0375,Metang,5,rare,2.25,20,44,Howling Constructs,,any,any,,grounded,,,structure:#the_bumblezone:sempiternal_sanctums,,,any,
0376,Metagross,1,ultra-rare,0.4,45,60,"Dripstone, Peak",,any,any,,grounded,Natural,,,,,any,
0376,Metagross,2,rare,0.25,45,60,End,,any,any,,grounded,Natural,,,,,any,
0376,Metagross,3,rare,0.25,45,60,Aether,,any,any,,grounded,Natural,,,0,7,,
0376,Metagross,4,uncommon,0.032,45,60,Aether,,any,any,,grounded,,structure:#aether:dungeons,,0,7,,
0376,Metagross,5,rare,0.25,45,60,Howling Constructs,,any,any,,grounded,,,structure:#the_bumblezone:sempiternal_sanctums,,,any,
0387,Turtwig,1,ultra-rare,6,5,32,Forest,Spooky,any,any,,grounded,Natural,,,8,15,,
0388,Grotle,1,ultra-rare,3.6,18,41,Forest,Spooky,any,any,,grounded,Natural,,,8,15,,
0389,Torterra,1,ultra-rare,0.4,32,53,Forest,Spooky,any,any,,grounded,Natural,,,8,15,,
0390,Chimchar,1,ultra-rare,6,5,31,Mountain,,any,clear,,grounded,"Natural, Treetop",,,8,15,,
0390,Chimchar,2,ultra-rare,6,5,31,Nether Forest,,any,any,,grounded,"Natural, Treetop",,,,,any,
0391,Monferno,1,ultra-rare,3.6,14,41,Mountain,,any,clear,,grounded,"Natural, Treetop",,,8,15,,
0391,Monferno,2,ultra-rare,3.6,14,41,Nether Forest,,any,any,,grounded,"Natural, Treetop",,,,,any,
0392,Infernape,1,ultra-rare,0.4,36,53,Mountain,Volcanic,any,clear,,grounded,"Natural, Treetop",,,8,15,,
0392,Infernape,2,ultra-rare,0.4,36,53,Nether Forest,,any,any,,grounded,"Natural, Treetop",,,,,any,
0393,Piplup,1,ultra-rare,6,5,31,Frozen Ocean,,any,any,,grounded,Natural,,,8,15,,
0393,Piplup,2,ultra-rare,6,5,31,Frozen Ocean,,any,any,,submerged,Water,,,,,TRUE,
0393,Piplup,3,ultra-rare,6,5,31,"Cold Ocean, Frozen Ocean, Frozen River, Glacial, Tundra",,any,any,,fishing,,,,,,TRUE,
0393,Piplup,4,ultra-rare,6,5,31,Frozen Ocean,,any,any,,submerged,Water,,,8,15,FALSE,
0393,Piplup,5,ultra-rare,6,5,31,"Cold Ocean, Frozen Ocean, Frozen River, Glacial, Tundra",,any,any,,fishing,,,,8,15,FALSE,
0394,Prinplup,1,ultra-rare,3.6,16,41,Frozen Ocean,,any,any,,grounded,Natural,,,8,15,,
0394,Prinplup,2,ultra-rare,3.6,16,41,Frozen Ocean,,any,any,,submerged,Water,,,,,TRUE,
0394,Prinplup,3,ultra-rare,3.6,16,41,"Cold Ocean, Frozen Ocean, Frozen River, Glacial, Tundra",,any,any,,fishing,,,,,,TRUE,
0394,Prinplup,4,ultra-rare,3.6,16,41,Frozen Ocean,,any,any,,submerged,Water,,,8,15,FALSE,
0394,Prinplup,5,ultra-rare,3.6,16,41,"Cold Ocean, Frozen Ocean, Frozen River, Glacial, Tundra",,any,any,,fishing,,,,8,15,FALSE,
0395,Empoleon,1,ultra-rare,0.4,36,53,Frozen Ocean,,any,any,,grounded,Natural,,,8,15,,
0395,Empoleon,2,ultra-rare,0.4,36,53,Frozen Ocean,,any,any,,submerged,Water,,,,,TRUE,
0395,Empoleon,3,ultra-rare,0.4,36,53,"Cold Ocean, Frozen Ocean, Frozen River, Glacial, Tundra",,any,any,,fishing,,,,,,TRUE,
0395,Empoleon,4,ultra-rare,0.4,36,53,Frozen Ocean,,any,any,,submerged,Water,,,8,15,FALSE,
0395,Empoleon,5,ultra-rare,0.4,36,53,"Cold Ocean, Frozen Ocean, Frozen River, Glacial, Tundra",,any,any,,fishing,,,,8,15,FALSE,
0396,Starly,1,common,9,1,25,"Hills, Sky, Snowy Forest, Taiga",Arid,day,any,,grounded,"Natural, Treetop",,,8,15,,
0397,Staravia,1,common,0.9,14,34,"Hills, Sky, Snowy Forest, Taiga",Arid,day,any,,grounded,"Natural, Treetop",,,8,15,,
0398,Staraptor,1,common,0.1,34,49,"Hills, Sky, Snowy Forest, Taiga",Arid,day,any,,grounded,"Natural, Treetop",,,8,15,,
0399,Bidoof,1,common,9,1,25,Freshwater,Freezing,any,any,,grounded,Natural,,,8,15,,
0399,Bidoof,2,uncommon,8.4,1,25,"Forest, Taiga",,any,any,,grounded,Natural,minecraft:water,,8,15,,
0399,Bidoof,3,uncommon,8.4,1,25,"Forest, Freshwater, Taiga",,any,any,,surface,Water,,,8,15,,
0399,Bidoof,4,common,9,1,25,"Forest, Freshwater, Snowy Forest, Taiga",,any,any,Lure0/1 x0.6,fishing,,,,,,TRUE,
0399,Bidoof,5,common,9,1,25,"Forest, Freshwater, Snowy Forest, Taiga",,any,any,Lure0/1 x0.6,fishing,,,,8,15,FALSE,
0400,Bibarel,1,common,1,15,41,Freshwater,Freezing,any,any,,grounded,Natural,,,8,15,,
0400,Bibarel,2,uncommon,1.6,15,41,"Forest, Taiga",,any,any,,grounded,Natural,minecraft:water,,8,15,,
0400,Bibarel,3,uncommon,1.6,15,41,"Forest, Freshwater, Taiga",,any,any,,surface,Water,,,8,15,,
0400,Bibarel,4,common,1,15,41,"Forest, Freshwater, Snowy Forest, Taiga",,any,any,Lure0/1 x0.6,fishing,,,,,,TRUE,
0400,Bibarel,5,common,1,15,41,"Forest, Freshwater, Snowy Forest, Taiga",,any,any,Lure0/1 x0.6,fishing,,,,8,15,FALSE,
0401,Kricketot,1,common,9,1,19,"Forest, Swamp",Freezing,night,any,,grounded,Natural,,,8,15,,
0402,Kricketune,1,common,1,10,38,"Forest, Swamp",Freezing,night,any,,grounded,Natural,,,8,15,,
0403,Shinx,1,uncommon,8.4,1,26,"Desert, Savanna",,any,any,,grounded,"Natural, Wild",,,8,15,,
0404,Luxio,1,uncommon,1.44,15,36,"Desert, Savanna",,any,any,,grounded,"Natural, Wild",,,8,15,,
0405,Luxray,1,uncommon,0.16,30,52,"Desert, Savanna",,any,any,,grounded,"Natural, Wild",,,8,15,,
0406,Budew,1,common,9,3,28,"Aether, Floral",,any,any,,grounded,Natural,,,8,15,,
0406,Budew,2,common,9,3,28,Floral Meadow,,any,any,,grounded,,,structure:#the_bumblezone:sempiternal_sanctums,,,any,
0407,Roserade,1,common,0.05,35,52,"Aether, Floral",,any,any,,grounded,Natural,,,8,15,,
0407,Roserade,2,common,0.05,35,52,Floral Meadow,,any,any,,grounded,,,structure:#the_bumblezone:sempiternal_sanctums,,,any,
0408,Cranidos,1,ultra-rare,6,10,35,Lush,,any,any,,grounded,Natural,,,8,15,,
0409,Rampardos,1,ultra-rare,4,30,50,Lush,,any,any,,grounded,Natural,,,8,15,,
0410,Shieldon,1,ultra-rare,6,10,35,Lush,,any,any,,grounded,Natural,,,8,15,,
0411,Bastiodon,1,ultra-rare,4,30,50,Lush,,any,any,,grounded,Natural,,,8,15,,
0415,Combee,1,common,9.9,1,24,Temperate,"Freezing, Spooky",day,clear,Beehive x5,grounded,Natural,,,8,15,,
0415,Combee,2,common,9.9,1,24,Overworld,Freezing,day,clear,Beehive x5,grounded,Natural,"#cobblemon:flowers, #cobblemon:saccharine_trees",,8,15,,
0415,Combee,3,common,9.9,1,24,Aether,Freezing,any,any,Beehive x5,grounded,Natural,,,8,15,,
0415,Combee,4,common,99,1,24,Bumblezone,,any,any,,grounded,,,structure:#the_bumblezone:sempiternal_sanctums,,,any,
0416,Vespiquen,1,common,0.1,21,47,Temperate,"Freezing, Spooky",day,clear,Beehive x5,grounded,Natural,,,8,15,,
0416,Vespiquen,2,common,0.1,21,47,Overworld,Freezing,day,clear,Beehive x5,grounded,Natural,"#cobblemon:flowers, #cobblemon:saccharine_trees",,8,15,,
0416,Vespiquen,3,common,0.1,21,47,Aether,Freezing,any,any,Beehive x5,grounded,Natural,,,8,15,,
0416,Vespiquen,4,common,1,21,47,Bumblezone,,any,any,,grounded,,,structure:#the_bumblezone:sempiternal_sanctums,,,any,
0417,Pachirisu,1,uncommon,10,16,41,"Forest, Skyroot Forest, Skyroot Woodland",Spooky,any,any,Storm x5,grounded,"Natural, Treetop",,,8,15,,
0418,Buizel,1,common,1.8,8,33,Freshwater,Freezing,any,any,,grounded,Natural,,,8,15,,
0418,Buizel,2,common,1.8,8,33,Freshwater,Freezing,any,any,,submerged,Water,,,8,15,,
0418,Buizel,3,uncommon,1.68,8,33,Freshwater,Freezing,any,any,,surface,Water,,,8,15,,
0418,Buizel,4,common,1.8,8,33,"Forest, Freshwater, Grassland, Hills, Jungle, Taiga",Freezing,any,any,"Lure2 x3, Lure3 x5",fishing,,,,8,15,,
0419,Floatzel,1,common,0.2,26,50,Freshwater,Freezing,any,any,,grounded,Natural,,,8,15,,
0419,Floatzel,2,common,0.2,26,50,Freshwater,Freezing,any,any,,submerged,Water,,,8,15,,
0419,Floatzel,3,uncommon,0.32,26,50,Freshwater,Freezing,any,any,,surface,Water,,,8,15,,
0419,Floatzel,4,common,0.2,26,50,"Forest, Freshwater, Grassland, Hills, Jungle, Taiga",Freezing,any,any,"Lure2 x3, Lure3 x5",fishing,,,,8,15,,
0422,Shellos,1,uncommon,8.4,8,33,Beach,,any,rain,,grounded,Natural,minX = 0,,8,15,,sea=east
0422,Shellos,2,common,5.4,8,33,"Cold Ocean, Frozen Ocean",,any,any,,seafloor,Water,minX = 0,,,,TRUE,sea=east
0422,Shellos,3,common,9,8,33,"Cold Ocean, Frozen Ocean",,any,any,Lure0/1 x0.6,fishing,,minX = 0,,,,TRUE,sea=east
0422,Shellos,4,uncommon,8.4,8,33,Beach,Freezing,any,rain,,grounded,Natural,maxX = 0,,8,15,,sea=west
0422,Shellos,5,common,5.4,8,33,"Lukewarm Ocean, Warm Ocean",,any,any,,seafloor,Water,maxX = 0,,,,TRUE,sea=west
0422,Shellos,6,common,9,8,33,"Lukewarm Ocean, Warm Ocean",,any,any,Lure0/1 x0.6,fishing,,maxX = 0,,,,TRUE,sea=west
0422,Shellos,7,common,9,8,33,"Cold Ocean, Frozen Ocean",,any,any,Lure0/1 x0.6,fishing,,minX = 0,,8,15,FALSE,sea=east
0422,Shellos,8,common,9,8,33,"Lukewarm Ocean, Warm Ocean",,any,any,Lure0/1 x0.6,fishing,,maxX = 0,,8,15,FALSE,sea=west
0423,Gastrodon,1,uncommon,1.6,30,48,Beach,,any,rain,,grounded,Natural,minX = 0,,8,15,,sea=east
0423,Gastrodon,2,common,0.6,30,48,"Cold Ocean, Frozen Ocean",,any,any,,seafloor,Water,minX = 0,,,,TRUE,sea=east
0423,Gastrodon,3,common,1,30,48,"Cold Ocean, Frozen Ocean",,any,any,Lure0/1 x0.6,fishing,,minX = 0,,,,TRUE,sea=east
0423,Gastrodon,4,uncommon,1.6,30,48,Beach,Freezing,any,rain,,grounded,Natural,maxX = 0,,8,15,,sea=west
0423,Gastrodon,5,common,0.6,30,48,"Lukewarm Ocean, Warm Ocean",,any,any,,seafloor,Water,maxX = 0,,,,TRUE,sea=west
0423,Gastrodon,6,common,1,30,48,"Lukewarm Ocean, Warm Ocean",,any,any,Lure0/1 x0.6,fishing,,maxX = 0,,,,TRUE,sea=west
0423,Gastrodon,7,common,1,30,48,"Cold Ocean, Frozen Ocean",,any,any,Lure0/1 x0.6,fishing,,minX = 0,,8,15,FALSE,sea=east
0423,Gastrodon,8,common,1,30,48,"Lukewarm Ocean, Warm Ocean",,any,any,Lure0/1 x0.6,fishing,,maxX = 0,,8,15,FALSE,sea=west
0424,Ambipom,1,common,0.6,32,48,"Jungle, Tropical Island",,any,any,,grounded,"Natural, Treetop",,,8,15,,
0424,Ambipom,2,common,0.6,32,48,Overworld,,any,any,,grounded,,"structure:cobblemon:shipwreck_coves/lush_shipwreck_cove, minY = -41, maxY = 9",,0,7,,
0425,Drifloon,1,uncommon,5.04,10,35,Overworld,"Arid, Freezing",night,clear,,grounded,Natural,,,8,15,,
0425,Drifloon,2,common,9,10,35,Sky,,night,clear,,grounded,Natural,,,8,15,,
0426,Drifblim,1,uncommon,0.96,28,50,Overworld,"Arid, Freezing",night,clear,,grounded,Natural,,,8,15,,
0426,Drifblim,2,common,1,28,50,Sky,,night,clear,,grounded,Natural,,,8,15,,
0427,Buneary,1,common,5.4,10,35,"Forest, Hills, Snowy Forest, Snowy Taiga, Taiga",,any,any,,grounded,"Natural, Wild",,,8,15,,
0428,Lopunny,1,common,0.6,30,48,"Forest, Hills, Snowy Forest, Snowy Taiga, Taiga",,any,any,,grounded,"Natural, Wild",,,8,15,,
0429,Mismagius,1,common,0.3,39,50,Spooky,Deep Dark,any,any,,grounded,Natural,maxLight = 7,,1,7,,
0429,Mismagius,2,common,0.1,39,50,"Spooky, Swamp",Deep Dark,any,any,,grounded,Natural,,,0,7,,
0429,Mismagius,3,common,0.3,39,50,"Spooky, Swamp",Deep Dark,any,any,,grounded,Derelict,,,,,FALSE,
0429,Mismagius,4,common,0.3,39,50,Swamp,,night,any,,grounded,Natural,,,8,15,,
0429,Mismagius,5,common,0.3,39,50,Nether Warped,,any,any,,grounded,Natural,,,,,any,
0429,Mismagius,6,common,0.3,39,50,Overworld,,any,any,,grounded,,"structure:#cobblemon:shipwreck_cove, minY = -41, maxY = 9",,,,FALSE,
0430,Honchkrow,1,common,0.5,36,51,Spooky,,any,any,Night x1.5,grounded,"Natural, Treetop",,,8,15,,
0430,Honchkrow,3,common,0.3,36,51,"Swamp, Taiga",,night,any,,grounded,"Natural, Treetop",,,8,15,,
0430,Honchkrow,5,common,0.5,36,51,Sky,,night,any,,grounded,"Natural, Treetop",,,8,15,,
0431,Glameow,1,common,9,6,31,Overworld,"Arid, Freezing",any,clear,Night x1.5,grounded,"Natural, Urban",,,8,15,,
0431,Glameow,2,common,9,6,31,Overworld,"Arid, Freezing",any,clear,Night x1.5,grounded,Natural,structure:#minecraft:village,,8,15,,
0431,Glameow,3,common,9,6,31,"Arid, Freezing",,any,any,Night x1.5,grounded,"Natural, Urban",,,8,15,,
0431,Glameow,4,common,9,6,31,"Arid, Freezing",,any,any,Night x1.5,grounded,Natural,structure:#minecraft:village,,8,15,,
0431,Glameow,5,common,5.4,6,31,Overworld,,any,any,,grounded,Mansion,,,,,FALSE,
0432,Purugly,1,common,1,38,45,Overworld,"Arid, Freezing",any,clear,Night x1.5,grounded,"Natural, Urban",,,8,15,,
0432,Purugly,2,common,1,38,45,Overworld,"Arid, Freezing",any,clear,Night x1.5,grounded,Natural,structure:#minecraft:village,,8,15,,
0432,Purugly,3,common,1,38,45,"Arid, Freezing",,any,any,Night x1.5,grounded,"Natural, Urban",,,8,15,,
0432,Purugly,4,common,1,38,45,"Arid, Freezing",,any,any,Night x1.5,grounded,Natural,structure:#minecraft:village,,8,15,,
0432,Purugly,5,common,0.6,38,45,Overworld,,any,any,,grounded,Mansion,,,,,FALSE,
0433,Chingling,1,uncommon,1.68,4,29,"Forest, Mountain, Spooky, Taiga",,night,any,,grounded,Natural,,,8,15,,
0433,Chingling,2,uncommon,5.04,4,29,Magical,,night,any,,grounded,Natural,,,8,15,,
0433,Chingling,3,uncommon,84,4,29,Overworld,,night,any,,grounded,,minecraft:bell,,,,any,
0436,Bronzor,1,uncommon,8.4,5,30,"Jungle, Peak",Deep Dark,any,any,,grounded,Natural,minY = 0,,0,7,,
0436,Bronzor,2,common,54,5,30,Overworld,,any,any,,grounded,"Natural, Jungle_Pyramid",minY = 48,,,,any,
0436,Bronzor,3,common,54,5,30,Overworld,,any,any,,grounded,,"structure:#cobblemon:ruin, minY = -37, maxY = 10",,,,any,
0436,Bronzor,4,common,54,5,30,Overworld,,any,any,,grounded,Trail_Ruins,minY = 48,,,,any,
0436,Bronzor,5,common,5.4,5,30,Howling Constructs,,any,any,,grounded,,,structure:#the_bumblezone:sempiternal_sanctums,,,any,
0437,Bronzong,1,uncommon,1.6,33,50,"Jungle, Peak",Deep Dark,any,any,,grounded,Natural,minY = 0,,0,7,,
0437,Bronzong,2,common,6,33,50,Overworld,,any,any,,grounded,"Natural, Jungle_Pyramid",minY = 48,,,,any,
0437,Bronzong,3,common,6,33,50,Overworld,,any,any,,grounded,,"structure:#cobblemon:ruin, minY = -37, maxY = 10",,,,any,
0437,Bronzong,4,common,6,33,50,Overworld,,any,any,,grounded,Trail_Ruins,minY = 48,,,,any,
0437,Bronzong,5,common,0.6,33,50,Howling Constructs,,any,any,,grounded,,,structure:#the_bumblezone:sempiternal_sanctums,,,any,
0438,Bonsly,1,uncommon,5.04,4,29,Forest,Spooky,any,clear,,grounded,Natural,,,8,15,,
0439,Mime Jr.,1,uncommon,1.68,6,31,Overworld,Freezing,any,any,,grounded,"Natural, Urban",,,8,15,,
0439,Mime Jr.,1,uncommon,1.68,6,31,Freezing,,any,any,,grounded,"Natural, Urban",,,8,15,,region_bias=galar
0439,Mime Jr.,2,uncommon,1.68,6,31,Overworld,Freezing,any,any,,grounded,Natural,structure:#minecraft:village,,8,15,,
0439,Mime Jr.,2,uncommon,1.68,6,31,Freezing,,any,any,,grounded,Natural,structure:#minecraft:village,,8,15,,region_bias=galar
0439,Mime Jr.,3,common,1.8,6,31,Overworld,,any,any,,grounded,Mansion,,,,,FALSE,
0440,Happiny,1,rare,8.75,1,22,Overworld,,any,any,Night x0.25,grounded,"Natural, Urban",,,8,15,,
0440,Happiny,2,rare,8.75,1,22,Overworld,,any,any,Night x0.25,grounded,Natural,structure:#minecraft:village,,8,15,,
0440,Happiny,3,rare,8.75,1,22,Aether,,any,any,,grounded,Natural,,,8,15,,
0441,Chatot,1,uncommon,10,16,41,Jungle,,day,any,,grounded,"Natural, Treetop",,,8,15,,
0441,Chatot,2,common,6,16,41,Tropical Island,,day,any,,grounded,"Natural, Treetop",,,8,15,,
0441,Chatot,3,common,10,16,41,Sky,,day,any,,grounded,"Natural, Treetop",,,8,15,,
0441,Chatot,4,common,6,16,41,Overworld,,any,any,,grounded,,"structure:cobblemon:shipwreck_coves/lush_shipwreck_cove, minY = -41, maxY = 9",,0,7,,
0441,Chatot,8,uncommon,10,16,41,"Skyroot Forest, Skyroot Woodland",,any,any,,grounded,"Natural, Treetop",,,8,15,,
0442,Spiritomb,1,uncommon,60,24,49,Deep Dark,,any,any,,grounded,Ancient_City,,,0,7,,
0442,Spiritomb,2,rare,100,24,49,Overworld,,any,any,,grounded,,"structure:#cobblemon:ruin, minY = 48",,,,any,
0442,Spiritomb,3,uncommon,100,24,49,Overworld,,any,any,,grounded,,"structure:#cobblemon:ruins/arch, minY = -37, maxY = 10",,,,any,
0442,Spiritomb,4,rare,100,24,49,Overworld,,any,any,,grounded,Trail_Ruins,minY = 48,,,,any,
0442,Spiritomb,5,rare,100,24,49,Desert,,any,any,,grounded,"Natural, Desert_Pyramid",minY = 48,,,,FALSE,
0442,Spiritomb,6,rare,100,24,49,Jungle,,any,any,,grounded,"Natural, Jungle_Pyramid",minY = 48,,,,FALSE,
0442,Spiritomb,7,rare,10,24,49,Howling Constructs,,any,any,,grounded,,,structure:#the_bumblezone:sempiternal_sanctums,,,any,
0443,Gible,1,rare,7.5,5,30,"Badlands, Mountain",,any,any,,grounded,Natural,minY = 0,,0,7,,
0443,Gible,2,ultra-rare,6,5,30,"Badlands, Mountain",,any,any,,grounded,"Natural, Wild",,,8,15,,
0443,Gible,3,ultra-rare,6,5,30,Overworld,"Badlands, Deep Dark, Mountain, Thermal",any,any,,grounded,Natural,minY = 0,minecraft:magma_block,0,7,,
0443,Gible,4,rare,7.5,5,30,Overworld,"Badlands, Deep Dark, Mountain, Thermal",any,any,,grounded,Natural,"minY = 0, minecraft:magma_block",,0,7,,
0443,Gible,5,rare,7.5,5,30,Thermal,,any,any,,grounded,Natural,minY = 0,,0,7,,
0443,Gible,6,rare,7.5,5,30,Aether,,any,any,,grounded,Natural,,,0,7,,
0444,Gabite,1,rare,2.25,24,47,"Badlands, Mountain",,any,any,,grounded,Natural,minY = 0,,0,7,,
0444,Gabite,2,ultra-rare,3.6,24,47,"Badlands, Mountain",,any,any,,grounded,"Natural, Wild",,,8,15,,
0444,Gabite,3,ultra-rare,3.6,24,47,Overworld,"Badlands, Deep Dark, Mountain, Thermal",any,any,,grounded,Natural,minY = 0,minecraft:magma_block,0,7,,
0444,Gabite,4,rare,2.25,24,47,Overworld,"Badlands, Deep Dark, Mountain, Thermal",any,any,,grounded,Natural,"minY = 0, minecraft:magma_block",,0,7,,
0444,Gabite,5,rare,2.25,24,47,Thermal,,any,any,,grounded,Natural,minY = 0,,0,7,,
0444,Gabite,6,rare,2.25,24,47,Aether,,any,any,,grounded,Natural,,,0,7,,
0445,Garchomp,1,rare,0.25,48,60,"Badlands, Mountain",,any,any,,grounded,Natural,minY = 0,,0,7,,
0445,Garchomp,2,ultra-rare,0.4,48,60,"Badlands, Mountain",,any,any,,grounded,"Natural, Wild",,,8,15,,
0445,Garchomp,3,ultra-rare,0.4,48,60,Overworld,"Badlands, Deep Dark, Mountain, Thermal",any,any,,grounded,Natural,minY = 0,minecraft:magma_block,0,7,,
0445,Garchomp,4,rare,0.25,48,60,Overworld,"Badlands, Deep Dark, Mountain, Thermal",any,any,,grounded,Natural,"minY = 0, minecraft:magma_block",,0,7,,
0445,Garchomp,5,rare,0.25,48,60,Thermal,,any,any,,grounded,Natural,minY = 0,,0,7,,
0445,Garchomp,6,rare,0.25,48,60,Aether,,any,any,,grounded,Natural,,,0,7,,
0446,Munchlax,1,rare,7.5,24,39,"Snowy Forest, Forest, Hills, Skyroot Forest, Skyroot Woodland",,any,any,,grounded,Natural,,#cobblemon:saccharine_trees,8,15,,
0446,Munchlax,2,uncommon,1.68,24,39,"Aether, Overworld",,any,any,,grounded,Natural,#cobblemon:saccharine_trees,,8,15,,
0447,Riolu,1,rare,7.5,4,29,Mountain,,any,any,Night x0.25,grounded,"Natural, Wild",,,8,15,,
0447,Riolu,2,rare,7.5,4,29,Aether,,any,any,,grounded,Natural,,,8,15,,
0448,Lucario,1,rare,2.5,24,53,Mountain,,any,any,Night x0.25,grounded,"Natural, Wild",,,8,15,,
0448,Lucario,2,rare,2.5,24,53,Aether,,any,any,,grounded,Natural,,,8,15,,
0449,Hippopotas,1,common,1.8,8,33,Desert,,any,any,Rain x5,grounded,"Natural, Wild",,,8,15,,
0450,Hippowdon,1,common,0.2,34,53,Desert,,any,any,Rain x5,grounded,"Natural, Wild",,,8,15,,
0451,Skorupi,1,common,1.8,8,33,"Badlands, Desert",,any,any,Night x1.5,grounded,"Natural, Wild",,,8,15,,
0452,Drapion,1,common,0.2,40,50,"Badlands, Desert",,any,any,Night x1.5,grounded,"Natural, Wild",,,8,15,,
0453,Croagunk,1,common,1.8,5,30,"Jungle, Swamp",,any,any,Rain x5,grounded,"Natural, Wild",,,8,15,,
0454,Toxicroak,1,common,0.2,37,49,"Jungle, Swamp",,any,any,Rain x5,grounded,"Natural, Wild",,,8,15,,
0455,Carnivine,1,uncommon,10,20,45,"Skyroot Forest, Skyroot Woodland, Swamp",,any,any,,grounded,"Natural, Treetop, Foliage",,,8,15,,
0455,Carnivine,2,uncommon,2,20,45,Lush,,any,any,,grounded,Natural,,"structure:cobblemon:shipwreck_coves/lush_shipwreck_cove, minY = -41, maxY = 9",0,7,,
0455,Carnivine,3,uncommon,2,20,45,Overworld,Lush,any,any,,grounded,Natural,"structure:cobblemon:shipwreck_coves/lush_shipwreck_cove, minY = -41, maxY = 9",,0,7,,
0456,Finneon,1,common,9,8,33,Deep Ocean,,any,any,,submerged,Water,maxY = 48,,,,TRUE,
0456,Finneon,2,common,9,8,33,Ocean,,any,any,,fishing,,,,,,TRUE,
0456,Finneon,3,common,9,8,33,Deep Ocean,,any,any,,submerged,Water,maxY = 48,,8,15,FALSE,
0456,Finneon,4,common,9,8,33,Ocean,,any,any,,fishing,,,,8,15,FALSE,
0456,Finneon,5,common,9,8,33,Overworld,,any,any,,submerged,Water,"structure:cobblemon:shipwreck_coves/submerged_shipwreck_cove, minY = -60, maxY = 13",,,,FALSE,
0456,Finneon,6,common,9,8,33,Overworld,,any,any,,fishing,,"structure:cobblemon:shipwreck_coves/submerged_shipwreck_cove, minY = -60, maxY = 13",,,,FALSE,
0457,Lumineon,1,common,1,31,46,Deep Ocean,,any,any,,submerged,Water,maxY = 48,,,,TRUE,
0457,Lumineon,2,common,1,31,46,Ocean,,any,any,,fishing,,,,,,TRUE,
0457,Lumineon,3,common,1,31,46,Deep Ocean,,any,any,,submerged,Water,maxY = 48,,8,15,FALSE,
0457,Lumineon,4,common,1,31,46,Ocean,,any,any,,fishing,,,,8,15,FALSE,
0457,Lumineon,5,common,1,31,46,Overworld,,any,any,,submerged,Water,"structure:cobblemon:shipwreck_coves/submerged_shipwreck_cove, minY = -60, maxY = 13",,,,FALSE,
0457,Lumineon,6,common,1,31,46,Overworld,,any,any,,fishing,,"structure:cobblemon:shipwreck_coves/submerged_shipwreck_cove, minY = -60, maxY = 13",,,,FALSE,
0458,Mantyke,1,uncommon,8.4,10,35,"Lukewarm Ocean, Warm Ocean",,any,any,,submerged,Water,minY = 48,,,,TRUE,
0458,Mantyke,2,uncommon,8.4,10,35,Ocean,"Cold Ocean, Frozen Ocean",any,any,,fishing,,,minLureLevel = 1,,,TRUE,
0458,Mantyke,3,common,9,10,35,Ocean,"Cold Ocean, Frozen Ocean",any,any,Lure1/2 x0.6,fishing,,minLureLevel = 1,,,,TRUE,
0458,Mantyke,4,uncommon,8.4,10,35,"Lukewarm Ocean, Warm Ocean",,any,any,,submerged,Water,minY = 48,,8,15,FALSE,
0458,Mantyke,5,uncommon,8.4,10,35,Ocean,"Cold Ocean, Frozen Ocean",any,any,,fishing,,,minLureLevel = 1,8,15,FALSE,
0458,Mantyke,6,common,9,10,35,Ocean,"Cold Ocean, Frozen Ocean",any,any,Lure1/2 x0.6,fishing,,minLureLevel = 1,,8,15,FALSE,
0461,Weavile,1,uncommon,0.8,38,51,Taiga,,any,any,Day x0.25,grounded,"Natural, Wild",,,8,15,,
0462,Magnezone,1,uncommon,0.8,42,54,Overworld,Deep Dark,any,any,,grounded,Redstone,,,,,any,
0462,Magnezone,2,common,0.01,42,54,Overworld,,any,any,Storm x5,grounded,,minecraft:lightning_rod,,8,15,,
0463,Lickilicky,1,uncommon,0.32,34,52,Grassland,,any,any,Night x0.25,grounded,Natural,,,8,15,,
0464,Rhyperior,1,common,0.01,44,54,"Mountain, Savanna",Cold,any,any,Night x0.25,grounded,"Natural, Wild",,,8,15,,
0465,Tangrowth,1,common,0.2,24,54,Jungle,,any,any,,grounded,"Natural, Wild",,,8,15,,
0466,Electivire,1,uncommon,0.016,45,54,"Hills, Plains",,any,any,Storm x5,grounded,Natural,,,8,15,,
0467,Magmortar,1,common,0.05,45,54,Hills,,any,clear,,grounded,Natural,"minecraft:lava, minecraft:magma_block",,8,15,,
0467,Magmortar,2,common,0.05,45,54,Volcanic,,any,clear,,grounded,Natural,,,8,15,,
0467,Magmortar,3,common,0.05,45,54,"Nether Basalt, Nether Wasteland",,any,any,,grounded,Natural,,,,,any,
0468,Togekiss,1,rare,0.125,36,55,"Floral, Magical, Sky","Plains, Spooky",day,clear,,grounded,Natural,,,8,15,,
0468,Togekiss,2,rare,0.125,36,55,"Skyroot Grove, Skyroot Meadow",,any,any,,grounded,Natural,,,8,15,,
0468,Togekiss,3,rare,0.125,36,55,Floral Meadow,,any,any,,grounded,,,structure:#the_bumblezone:sempiternal_sanctums,,,any,
0469,Yanmega,1,uncommon,0.96,33,52,Freshwater,Freezing,day,clear,,surface,Water,,,8,15,,
0469,Yanmega,2,uncommon,0.32,33,52,Lush,,any,any,,surface,Water,,"structure:cobblemon:shipwreck_coves/lush_shipwreck_cove, minY = -41, maxY = 9",0,7,,
0469,Yanmega,3,uncommon,0.32,33,52,Bumblezone,,any,any,,surface,Water,,structure:#the_bumblezone:sempiternal_sanctums,,,any,
0469,Yanmega,4,uncommon,0.32,33,52,Overworld,Lush,any,any,,surface,Water,"structure:cobblemon:shipwreck_coves/lush_shipwreck_cove, minY = -41, maxY = 9",,0,7,,
0469,Yanmega,5,uncommon,0.96,33,52,Aether,,any,any,,surface,Water,,,8,15,,
0470,Leafeon,1,ultra-rare,1.2,28,53,"Forest, Jungle, Skyroot Forest, Skyroot Woodland","Freezing, Spooky",any,any,,grounded,Natural,,,8,15,,
0470,Leafeon,2,uncommon,0.025,28,53,Overworld,,any,any,,grounded,"Natural, Urban",,,8,15,,
0470,Leafeon,3,uncommon,0.025,28,53,Overworld,,any,any,,grounded,Natural,structure:#minecraft:village,,8,15,,
0470,Leafeon,4,uncommon,0.125,28,53,Overworld,,any,any,,grounded,Mansion,,,,,FALSE,
0471,Glaceon,1,ultra-rare,1.2,28,53,Freezing,,any,any,,grounded,Natural,,,8,15,,
0471,Glaceon,2,uncommon,0.025,28,53,Overworld,,any,any,,grounded,"Natural, Urban",,,8,15,,
0471,Glaceon,3,uncommon,0.025,28,53,Overworld,,any,any,,grounded,Natural,structure:#minecraft:village,,8,15,,
0471,Glaceon,4,uncommon,0.125,28,53,Overworld,,any,any,,grounded,Mansion,,,,,FALSE,
0472,Gliscor,1,uncommon,0.48,38,51,Badlands,,night,any,,grounded,"Natural, Treetop",,,8,15,,
0472,Gliscor,2,common,0.1,38,51,Nether Mountain,,any,any,,grounded,Natural,,,,,any,
0473,Mamoswine,1,common,0.1,40,53,Tundra,,any,any,,grounded,"Natural, Wild",,,8,15,,
0474,Porygon-Z,1,uncommon,0.08,47,54,Overworld,,any,any,,grounded,,cobblemon:pc,,,,any,
0475,Gallade,1,rare,0.0625,30,52,"Floral, Magical, Skyroot Grove, Skyroot Meadow, Snowy Forest",,any,any,,grounded,Natural,,,8,15,,
0475,Gallade,2,rare,0.0125,30,52,Overworld,,any,any,,grounded,"Natural, Urban",,,8,15,,
0475,Gallade,3,rare,0.0125,30,52,Overworld,,any,any,,grounded,Natural,structure:#minecraft:village,,8,15,,
0475,Gallade,4,common,0.0025,30,52,Overworld,,any,any,,grounded,Mansion,,,,,FALSE,
0476,Probopass,1,uncommon,0.48,33,53,Overworld,Deep Dark,any,any,,grounded,Natural,,,0,7,,
0477,Dusknoir,1,common,0.03,41,53,Spooky,,night,any,,grounded,Natural,,,8,15,,
0477,Dusknoir,3,common,0.05,41,53,Nether Soul Sand,,any,any,,grounded,Natural,,,,,any,
0478,Froslass,1,uncommon,0.32,42,48,Glacial,,any,rain,,grounded,"Natural, Wild",,,8,15,,
0478,Froslass,2,uncommon,0.4,42,48,"Snowy, Tundra",,any,any,,grounded,Natural,minY = 0,,0,7,,
0478,Froslass,3,common,0.8,42,48,Overworld,,any,any,,grounded,Natural,structure:minecraft:igloo,,1,15,,
0478,Froslass,4,uncommon,0.4,42,48,Nether Frozen,,any,any,,grounded,Natural,,,,,any,
0495,Snivy,1,ultra-rare,6,5,31,Jungle,,any,any,,grounded,"Natural, Treetop",,,8,15,,
0496,Servine,1,ultra-rare,3.6,17,41,Jungle,,any,any,,grounded,"Natural, Treetop",,,8,15,,
0497,Serperior,1,ultra-rare,0.4,36,53,Jungle,,any,any,,grounded,"Natural, Treetop",,,8,15,,
0498,Tepig,1,ultra-rare,6,5,31,Plains,,any,any,,grounded,Natural,,,8,15,,
0498,Tepig,2,ultra-rare,6,5,31,"Nether Crimson, Nether Overgrowth",,any,any,,grounded,Natural,,,,,any,
0499,Pignite,1,ultra-rare,3.6,17,42,Plains,,any,any,,grounded,Natural,,,8,15,,
0499,Pignite,2,ultra-rare,3.6,17,42,"Nether Crimson, Nether Overgrowth",,any,any,,grounded,Natural,,,,,any,
0500,Emboar,1,ultra-rare,0.4,36,53,Plains,,any,clear,,grounded,Natural,,,8,15,,
0500,Emboar,2,ultra-rare,0.4,36,53,"Nether Crimson, Nether Overgrowth",,any,any,,grounded,Natural,,,,,any,
0501,Oshawott,1,ultra-rare,6,5,31,Beach,Freezing,any,any,,grounded,Natural,,,8,15,,
0501,Oshawott,2,ultra-rare,6,5,31,Beach,Freezing,any,any,,surface,Water,,,8,15,,
0501,Oshawott,3,ultra-rare,6,5,31,"Beach, Ocean, Tropical Island",Cold,any,any,,fishing,,,,8,15,,
0501,Oshawott,4,ultra-rare,6,5,31,Coast,Beach,any,any,,grounded,Natural,,,8,15,,region_bias=hisui
0501,Oshawott,5,ultra-rare,6,5,31,Coast,Beach,any,any,,surface,Water,,,8,15,,region_bias=hisui
0501,Oshawott,6,ultra-rare,6,5,31,Snowy Beach,,any,any,,grounded,Natural,,,8,15,,region_bias=hisui
0501,Oshawott,7,ultra-rare,6,5,31,Snowy Beach,,any,any,,surface,Water,,,8,15,,region_bias=hisui
0501,Oshawott,8,ultra-rare,6,5,31,"Coast, Cold Ocean",Beach,any,any,,fishing,,,,8,15,,region_bias=hisui
0502,Dewott,1,ultra-rare,3.6,17,41,Beach,Freezing,any,any,,grounded,Natural,,,8,15,,
0502,Dewott,2,ultra-rare,3.6,17,41,Beach,Freezing,any,any,,surface,Water,,,8,15,,
0502,Dewott,3,ultra-rare,3.6,17,41,"Beach, Ocean, Tropical Island",Cold,any,any,,fishing,,,,8,15,,
0502,Dewott,4,ultra-rare,3.6,17,41,Coast,Beach,any,any,,grounded,Natural,,,8,15,,region_bias=hisui
0502,Dewott,5,ultra-rare,3.6,17,41,Coast,Beach,any,any,,surface,Water,,,8,15,,region_bias=hisui
0502,Dewott,6,ultra-rare,3.6,17,41,Snowy Beach,,any,any,,grounded,Natural,,,8,15,,region_bias=hisui
0502,Dewott,7,ultra-rare,3.6,17,41,Snowy Beach,,any,any,,surface,Water,,,8,15,,region_bias=hisui
0502,Dewott,8,ultra-rare,3.6,17,41,"Coast, Cold Ocean",Beach,any,any,,fishing,,,,8,15,,region_bias=hisui
0503,Samurott,1,ultra-rare,0.4,36,53,Beach,Freezing,any,any,,grounded,Natural,,,8,15,,
0503,Samurott,2,ultra-rare,0.4,36,53,Beach,Freezing,any,any,,surface,Water,,,8,15,,
0503,Samurott,3,ultra-rare,0.4,36,53,"Beach, Ocean, Tropical Island",Cold,any,any,,fishing,,,,8,15,,
0503,Samurott [Hisuian],4,ultra-rare,0.4,36,53,Coast,Beach,any,any,,grounded,Natural,,,8,15,,
0503,Samurott [Hisuian],5,ultra-rare,0.4,36,53,Coast,Beach,any,any,,surface,Water,,,8,15,,
0503,Samurott [Hisuian],6,ultra-rare,0.4,36,53,Snowy Beach,,any,any,,grounded,Natural,,,8,15,,
0503,Samurott [Hisuian],7,ultra-rare,0.4,36,53,Snowy Beach,,any,any,,surface,Water,,,8,15,,
0503,Samurott [Hisuian],8,ultra-rare,0.4,36,53,"Coast, Cold Ocean",Beach,any,any,,fishing,,,,8,15,,
0504,Patrat,1,common,9,1,26,Grassland,,any,any,,grounded,Natural,,,8,15,,
0505,Watchog,1,common,1,20,42,Grassland,,any,any,,grounded,Natural,,,8,15,,
0506,Lillipup,1,common,5.4,3,28,Overworld,Desert,any,any,,grounded,"Natural, Urban",,,8,15,,
0506,Lillipup,2,common,5.4,3,28,Overworld,Desert,any,any,,grounded,Natural,structure:#minecraft:village,,8,15,,
0507,Herdier,1,common,0.54,16,37,Overworld,Desert,any,any,,grounded,"Natural, Urban",,,8,15,,
0507,Herdier,2,common,0.54,16,37,Overworld,Desert,any,any,,grounded,Natural,structure:#minecraft:village,,8,15,,
0508,Stoutland,1,common,0.06,32,50,Overworld,Desert,any,any,,grounded,"Natural, Urban",,,8,15,,
0508,Stoutland,2,common,0.06,32,50,Overworld,Desert,any,any,,grounded,Natural,structure:#minecraft:village,,8,15,,
0509,Purrloin,1,common,1.8,3,28,"Jungle, Swamp, Temperate",,night,clear,,grounded,Natural,,structure:#minecraft:village,8,15,,
0509,Purrloin,2,common,1.8,3,28,Savanna,,night,any,,grounded,Natural,,structure:#minecraft:village,8,15,,
0509,Purrloin,3,common,10,3,28,Overworld,"Arid, Freezing, Taiga",any,clear,Night x1.5,grounded,"Natural, Urban",,,8,15,,
0509,Purrloin,4,common,10,3,28,Overworld,"Arid, Freezing, Taiga",any,clear,Night x1.5,grounded,Natural,structure:#minecraft:village,,8,15,,
0509,Purrloin,5,common,10,3,28,Savanna,,any,any,Night x1.5,grounded,"Natural, Urban",,,8,15,,
0509,Purrloin,6,common,10,3,28,Savanna,,any,any,Night x1.5,grounded,Natural,structure:#minecraft:village,,8,15,,
0509,Purrloin,7,common,5.4,3,28,Overworld,,any,any,,grounded,Mansion,,,,,FALSE,
0509,Purrloin,8,common,54,3,28,Overworld,,any,clear,Night x1.5,grounded,Natural,structure:minecraft:swamp_hut,,8,15,,
0510,Liepard,1,common,0.2,20,45,"Jungle, Swamp, Temperate",,night,clear,,grounded,Natural,,structure:#minecraft:village,8,15,,
0510,Liepard,2,common,0.2,20,45,Savanna,,night,any,,grounded,Natural,,structure:#minecraft:village,8,15,,
0510,Liepard,3,common,1,20,45,Overworld,"Arid, Freezing, Taiga",any,clear,Night x1.5,grounded,"Natural, Urban",,,8,15,,
0510,Liepard,4,common,1,20,45,Overworld,"Arid, Freezing, Taiga",any,clear,Night x1.5,grounded,Natural,structure:#minecraft:village,,8,15,,
0510,Liepard,5,common,1,20,45,Savanna,,any,any,Night x1.5,grounded,"Natural, Urban",,,8,15,,
0510,Liepard,6,common,1,20,45,Savanna,,any,any,Night x1.5,grounded,Natural,structure:#minecraft:village,,8,15,,
0510,Liepard,7,common,0.6,20,45,Overworld,,any,any,,grounded,Mansion,,,,,FALSE,
0510,Liepard,8,common,6,20,45,Overworld,,any,clear,Night x1.5,grounded,Natural,structure:minecraft:swamp_hut,,8,15,,
0511,Pansage,1,uncommon,8.4,7,32,"Jungle, Tropical Island",,any,any,Night x0.25,grounded,"Natural, Treetop, Wild",,,8,15,,
0511,Pansage,2,uncommon,1.68,7,32,Forest,,any,any,Night x0.25,grounded,"Natural, Treetop, Wild",,,8,15,,
0511,Pansage,3,uncommon,1.68,7,32,"Skyroot Forest, Skyroot Woodland",,any,any,,grounded,"Natural, Treetop",,,8,15,,
0512,Simisage,1,uncommon,1.6,27,50,"Jungle, Tropical Island",,any,any,Night x0.25,grounded,"Natural, Treetop, Wild",,,8,15,,
0512,Simisage,2,uncommon,0.32,27,50,Forest,,any,any,Night x0.25,grounded,"Natural, Treetop, Wild",,,8,15,,
0512,Simisage,3,uncommon,0.32,27,50,"Skyroot Forest, Skyroot Woodland",,any,any,,grounded,"Natural, Treetop",,,8,15,,
0513,Pansear,1,uncommon,8.4,7,32,"Jungle, Tropical Island",,any,any,Night x0.25,grounded,"Natural, Treetop, Wild",,,8,15,,
0513,Pansear,2,uncommon,1.68,7,32,Volcanic,,any,any,Night x0.25,grounded,"Natural, Treetop, Wild",,,8,15,,
0514,Simisear,1,uncommon,1.6,27,50,"Jungle, Tropical Island",,any,any,Night x0.25,grounded,"Natural, Treetop, Wild",,,8,15,,
0514,Simisear,2,uncommon,0.32,27,50,Volcanic,,any,any,Night x0.25,grounded,"Natural, Treetop, Wild",,,8,15,,
0515,Panpour,1,uncommon,8.4,7,32,"Jungle, Tropical Island",,any,any,Night x0.25,grounded,"Natural, Treetop, Wild",,,8,15,,
0515,Panpour,2,uncommon,1.68,7,32,River,Freezing,any,any,Night x0.25,grounded,"Natural, Treetop, Wild",,,8,15,,
0516,Simipour,1,uncommon,1.6,27,50,"Jungle, Tropical Island",,any,any,Night x0.25,grounded,"Natural, Treetop, Wild",,,8,15,,
0516,Simipour,2,uncommon,0.32,27,50,River,Freezing,any,any,Night x0.25,grounded,"Natural, Treetop, Wild",,,8,15,,
0517,Munna,1,common,9.5,4,29,Overworld,,night,any,,grounded,"Natural, Urban",,,8,15,,
0517,Munna,2,common,9.5,4,29,Overworld,,night,any,,grounded,Natural,structure:#minecraft:village,,8,15,,
0518,Musharna,1,common,0.5,24,49,Overworld,,night,any,,grounded,"Natural, Urban",,,8,15,,
0518,Musharna,2,common,0.5,24,49,Overworld,,night,any,,grounded,Natural,structure:#minecraft:village,,8,15,,
0519,Pidove,2,common,9,1,26,"Mountain, Sky",Volcanic,day,any,,grounded,"Natural, Treetop",,,8,15,,
0519,Pidove,3,common,9,1,26,Overworld,"Arid, Tundra",day,any,,grounded,"Natural, Urban",,,8,15,,
0519,Pidove,4,common,9,1,26,Overworld,"Arid, Tundra",day,any,,grounded,Natural,structure:#minecraft:village,,8,15,,
0520,Tranquill,2,common,0.9,21,36,"Mountain, Sky",Volcanic,day,any,,grounded,"Natural, Treetop",,,8,15,,
0520,Tranquill,3,common,0.9,21,36,Overworld,"Arid, Tundra",day,any,,grounded,"Natural, Urban",,,8,15,,
0520,Tranquill,4,common,0.9,21,36,Overworld,"Arid, Tundra",day,any,,grounded,Natural,structure:#minecraft:village,,8,15,,
0521,Unfezant,2,common,0.1,32,49,"Mountain, Sky",Volcanic,day,any,,grounded,"Natural, Treetop",,,8,15,,
0521,Unfezant,3,common,0.1,32,49,Overworld,"Arid, Tundra",day,any,,grounded,"Natural, Urban",,,8,15,,
0521,Unfezant,4,common,0.1,32,49,Overworld,"Arid, Tundra",day,any,,grounded,Natural,structure:#minecraft:village,,8,15,,
0522,Blitzle,1,common,9,5,30,Savanna,,any,any,"Night x0.25, Storm x5",grounded,"Natural, Wild",,,8,15,,
0523,Zebstrika,1,common,1,27,50,Savanna,,any,any,"Night x0.25, Storm x5",grounded,"Natural, Wild",,,8,15,,
0524,Roggenrola,1,common,9,3,28,Overworld,Deep Dark,any,any,,grounded,Natural,maxY = 0,,0,7,,
0524,Roggenrola,2,uncommon,8.4,3,28,Deep Dark,,any,any,,grounded,Natural,,,0,7,,
0525,Boldore,1,common,0.95,25,39,Overworld,Deep Dark,any,any,,grounded,Natural,maxY = 0,,0,7,,
0525,Boldore,2,uncommon,1.52,25,39,Deep Dark,,any,any,,grounded,Natural,,,0,7,,
0526,Gigalith,1,common,0.05,34,52,Overworld,Deep Dark,any,any,,grounded,Natural,maxY = 0,,0,7,,
0526,Gigalith,2,uncommon,0.08,34,52,Deep Dark,,any,any,,grounded,Natural,,,0,7,,
0527,Woobat,1,common,9,7,32,"Jungle, Savanna",,night,clear,,grounded,"Natural, Treetop",,,8,15,,
0527,Woobat,3,common,9,7,32,"Jungle, Savanna",,any,any,Night x0.25,grounded,Natural,,,0,7,,
0528,Swoobat,1,common,1,27,43,"Jungle, Savanna",,night,clear,,grounded,"Natural, Treetop",,,8,15,,
0528,Swoobat,3,common,1,27,43,"Jungle, Savanna",,any,any,Night x0.25,grounded,Natural,,,0,7,,
0529,Drilbur,1,common,9,8,33,Overworld,Deep Dark,any,any,,grounded,Natural,,,0,7,,
0530,Excadrill,1,common,1,31,51,Overworld,Deep Dark,any,any,,grounded,Natural,,,0,7,,
0532,Timburr,1,common,5.4,6,31,Overworld,"Sandy, Tundra",any,any,Night x0.25,grounded,"Natural, Urban",,,8,15,,
0532,Timburr,2,common,5.4,6,31,Overworld,"Sandy, Tundra",any,any,Night x0.25,grounded,Natural,structure:#minecraft:village,,8,15,,
0533,Gurdurr,1,common,0.57,25,41,Overworld,"Sandy, Tundra",any,any,Night x0.25,grounded,"Natural, Urban",,,8,15,,
0533,Gurdurr,2,common,0.57,25,41,Overworld,"Sandy, Tundra",any,any,Night x0.25,grounded,Natural,structure:#minecraft:village,,8,15,,
0534,Conkeldurr,1,common,0.03,36,51,Overworld,"Sandy, Tundra",any,any,Night x0.25,grounded,"Natural, Urban",,,8,15,,
0534,Conkeldurr,2,common,0.03,36,51,Overworld,"Sandy, Tundra",any,any,Night x0.25,grounded,Natural,structure:#minecraft:village,,8,15,,
0538,Throh,1,uncommon,2,12,47,Mountain,,,,Night x0.25,grounded,Natural,,,8,15,,
0539,Sawk,1,uncommon,2,12,47,Mountain,,,,Night x0.25,grounded,Natural,,,8,15,,
0540,Sewaddle,1,common,9,6,31,Forest,"Freezing, Spooky",any,any,,grounded,"Natural, Wild",,,8,15,,
0541,Swadloon,1,common,0.9,20,38,Forest,"Freezing, Spooky",any,any,,grounded,"Natural, Wild",,,8,15,,
0542,Leavanny,1,common,0.1,33,50,Forest,"Freezing, Spooky",any,any,,grounded,"Natural, Wild",,,8,15,,
0543,Venipede,1,common,1.8,1,26,Forest,,night,any,,grounded,"Natural, Wild",,,8,15,,
0543,Venipede,2,common,5.4,1,26,Jungle,,night,any,,grounded,"Natural, Wild",,,8,15,,
0543,Venipede,3,common,1.8,1,26,Lush,,any,any,,grounded,Natural,,"structure:cobblemon:shipwreck_coves/lush_shipwreck_cove, minY = -41, maxY = 9",0,7,,
0543,Venipede,4,common,5.4,1,26,"Nether Forest, Nether Fungus",,any,any,,grounded,"Natural, Wild",,,,,any,
0543,Venipede,5,common,1.8,1,26,Overworld,Lush,any,any,,grounded,Natural,"structure:cobblemon:shipwreck_coves/lush_shipwreck_cove, minY = -41, maxY = 9",,0,7,,
0544,Whirlipede,1,common,0.18,22,36,Forest,,night,any,,grounded,"Natural, Wild",,,8,15,,
0544,Whirlipede,2,common,0.54,22,36,Jungle,,night,any,,grounded,"Natural, Wild",,,8,15,,
0544,Whirlipede,3,common,0.18,22,36,Lush,,any,any,,grounded,Natural,,"structure:cobblemon:shipwreck_coves/lush_shipwreck_cove, minY = -41, maxY = 9",0,7,,
0544,Whirlipede,4,common,0.54,22,36,"Nether Forest, Nether Fungus",,any,any,,grounded,"Natural, Wild",,,,,any,
0544,Whirlipede,5,common,0.18,22,36,Overworld,Lush,any,any,,grounded,Natural,"structure:cobblemon:shipwreck_coves/lush_shipwreck_cove, minY = -41, maxY = 9",,0,7,,
0545,Scolipede,1,common,0.02,30,49,Forest,,night,any,,grounded,"Natural, Wild",,,8,15,,
0545,Scolipede,2,common,0.06,30,49,Jungle,,night,any,,grounded,"Natural, Wild",,,8,15,,
0545,Scolipede,3,common,0.02,30,49,Lush,,any,any,,grounded,Natural,,"structure:cobblemon:shipwreck_coves/lush_shipwreck_cove, minY = -41, maxY = 9",0,7,,
0545,Scolipede,4,common,0.06,30,49,"Nether Forest, Nether Fungus",,any,any,,grounded,"Natural, Wild",,,,,any,
0545,Scolipede,5,common,0.02,30,49,Overworld,Lush,any,any,,grounded,Natural,"structure:cobblemon:shipwreck_coves/lush_shipwreck_cove, minY = -41, maxY = 9",,0,7,,
0546,Cottonee,1,common,5.7,3,28,Plains,,any,clear,Night x0.25,grounded,Natural,,,8,15,,
0546,Cottonee,3,common,9.5,3,28,"Skyroot Grove, Skyroot Meadow",,any,any,,grounded,Natural,,,8,15,,
0547,Whimsicott,1,common,0.3,23,48,Plains,,any,clear,Night x0.25,grounded,Natural,,,8,15,,
0547,Whimsicott,3,common,0.5,23,48,"Skyroot Grove, Skyroot Meadow",,any,any,,grounded,Natural,,,8,15,,
0548,Petilil,1,common,9.5,3,28,Floral,Hills,any,any,Night x0.25,grounded,"Natural, Wild",,,8,15,,
0548,Petilil,2,common,1.9,3,28,"Forest, Tropical Island","Hills, Freezing, Spooky",any,any,Night x0.25,grounded,"Natural, Wild",,,8,15,,
0548,Petilil,3,common,9.5,3,28,Floral Meadow,,any,any,,grounded,,,structure:#the_bumblezone:sempiternal_sanctums,,,any,
0548,Petilil,4,common,5.7,3,28,Hills,"Arid, Freezing, Spooky",any,any,Night x0.25,grounded,"Natural, Wild",,,8,15,,region_bias=hisui
0548,Petilil,5,common,5.7,3,28,Aether,,any,any,,grounded,Natural,,,8,15,,region_bias=hisui
0549,Lilligant,1,common,0.5,23,48,Floral,Hills,any,any,Night x0.25,grounded,"Natural, Wild",,,8,15,,
0549,Lilligant,2,common,0.1,23,48,"Forest, Tropical Island","Hills, Freezing, Spooky",any,any,Night x0.25,grounded,"Natural, Wild",,,8,15,,
0549,Lilligant,3,common,0.5,23,48,Floral Meadow,,any,any,,grounded,,,structure:#the_bumblezone:sempiternal_sanctums,,,any,
0549,Lilligant [Hisuian],4,common,0.3,23,48,Hills,"Arid, Freezing, Spooky",any,any,Night x0.25,grounded,"Natural, Wild",,,8,15,,
0549,Lilligant [Hisuian],5,common,0.3,23,48,Aether,,any,any,,grounded,Natural,,,8,15,,
0550,Basculin,1,common,10,21,46,Freshwater,,any,any,,submerged,Water,"moonPhase = 1, 2, 3",,,,TRUE,striped=blue
0550,Basculin,2,common,2,21,46,Freshwater,,any,any,,submerged,Water,"moonPhase = 5, 6, 7",,,,TRUE,striped=blue
0550,Basculin,3,common,5,21,46,Freshwater,,any,any,,submerged,Water,"moonPhase = 0, 4",,,,TRUE,striped=blue
0550,Basculin,4,common,10,21,46,"Arid, Forest, Freshwater, Grassland, Jungle, Mountain, Snowy Forest, Taiga, Tundra",,any,any,,fishing,,"moonPhase = 1, 2, 3",,,,TRUE,striped=blue
0550,Basculin,5,common,2,21,46,"Arid, Forest, Freshwater, Grassland, Jungle, Mountain, Snowy Forest, Taiga, Tundra",,any,any,,fishing,,"moonPhase = 5, 6, 7",,,,TRUE,striped=blue
0550,Basculin,6,common,5,21,46,"Arid, Forest, Freshwater, Grassland, Jungle, Mountain, Snowy Forest, Taiga, Tundra",,any,any,,fishing,,"moonPhase = 0, 4",,,,TRUE,striped=blue
0550,Basculin,7,common,10,21,46,Freshwater,,any,any,,submerged,Water,"moonPhase = 5, 6, 7",,,,TRUE,striped=red
0550,Basculin,8,common,2,21,46,Freshwater,,any,any,,submerged,Water,"moonPhase = 1, 2, 3",,,,TRUE,striped=red
0550,Basculin,9,common,5,21,46,Freshwater,,any,any,,submerged,Water,"moonPhase = 0, 4",,,,TRUE,striped=red
0550,Basculin,10,common,10,21,46,"Arid, Forest, Freshwater, Grassland, Jungle, Mountain, Snowy Forest, Taiga, Tundra",,any,any,,fishing,,"moonPhase = 5, 6, 7",,,,TRUE,striped=red
0550,Basculin,11,common,2,21,46,"Arid, Forest, Freshwater, Grassland, Jungle, Mountain, Snowy Forest, Taiga, Tundra",,any,any,,fishing,,"moonPhase = 1, 2, 3",,,,TRUE,striped=red
0550,Basculin,12,common,5,21,46,"Arid, Forest, Freshwater, Grassland, Jungle, Mountain, Snowy Forest, Taiga, Tundra",,any,any,,fishing,,"moonPhase = 0, 4",,,,TRUE,striped=red
0550,Basculin,13,common,1.8,21,46,Freshwater,,any,any,,submerged,Water,"moonPhase = 0, 4",,,,TRUE,striped=white
0550,Basculin,14,common,1.8,21,46,"Arid, Forest, Freshwater, Grassland, Jungle, Mountain, Snowy Forest, Taiga, Tundra",,any,any,,fishing,,"moonPhase = 0, 4",,,,TRUE,striped=white
0550,Basculin,15,common,10,21,46,Freshwater,,any,any,,submerged,Water,"moonPhase = 1, 2, 3",,8,15,FALSE,striped=blue
0550,Basculin,16,common,2,21,46,Freshwater,,any,any,,submerged,Water,"moonPhase = 5, 6, 7",,8,15,FALSE,striped=blue
0550,Basculin,17,common,5,21,46,Freshwater,,any,any,,submerged,Water,"moonPhase = 0, 4",,8,15,FALSE,striped=blue
0550,Basculin,18,common,10,21,46,"Arid, Forest, Freshwater, Grassland, Jungle, Mountain, Snowy Forest, Taiga, Tundra",,any,any,,fishing,,"moonPhase = 1, 2, 3",,8,15,FALSE,striped=blue
0550,Basculin,19,common,2,21,46,"Arid, Forest, Freshwater, Grassland, Jungle, Mountain, Snowy Forest, Taiga, Tundra",,any,any,,fishing,,"moonPhase = 5, 6, 7",,8,15,FALSE,striped=blue
0550,Basculin,20,common,5,21,46,"Arid, Forest, Freshwater, Grassland, Jungle, Mountain, Snowy Forest, Taiga, Tundra",,any,any,,fishing,,"moonPhase = 0, 4",,8,15,FALSE,striped=blue
0550,Basculin,21,common,10,21,46,Freshwater,,any,any,,submerged,Water,"moonPhase = 5, 6, 7",,8,15,FALSE,striped=red
0550,Basculin,22,common,2,21,46,Freshwater,,any,any,,submerged,Water,"moonPhase = 1, 2, 3",,8,15,FALSE,striped=red
0550,Basculin,23,common,5,21,46,Freshwater,,any,any,,submerged,Water,"moonPhase = 0, 4",,8,15,FALSE,striped=red
0550,Basculin,24,common,10,21,46,"Arid, Forest, Freshwater, Grassland, Jungle, Mountain, Snowy Forest, Taiga, Tundra",,any,any,,fishing,,"moonPhase = 5, 6, 7",,8,15,FALSE,striped=red
0550,Basculin,25,common,2,21,46,"Arid, Forest, Freshwater, Grassland, Jungle, Mountain, Snowy Forest, Taiga, Tundra",,any,any,,fishing,,"moonPhase = 1, 2, 3",,8,15,FALSE,striped=red
0550,Basculin,26,common,5,21,46,"Arid, Forest, Freshwater, Grassland, Jungle, Mountain, Snowy Forest, Taiga, Tundra",,any,any,,fishing,,"moonPhase = 0, 4",,8,15,FALSE,striped=red
0550,Basculin,27,common,1.8,21,46,Freshwater,,any,any,,submerged,Water,"moonPhase = 0, 4",,8,15,FALSE,striped=white
0550,Basculin,28,common,1.8,21,46,"Arid, Forest, Freshwater, Grassland, Jungle, Mountain, Snowy Forest, Taiga, Tundra",,any,any,,fishing,,"moonPhase = 0, 4",,8,15,FALSE,striped=white
0551,Sandile,1,common,1.8,4,29,Desert,,any,any,,grounded,"Natural, Wild",,,8,15,,
0552,Krokorok,1,common,0.18,29,35,Desert,,any,any,,grounded,"Natural, Wild",,,8,15,,
0553,Krookodile,1,common,0.02,40,52,Desert,,any,any,,grounded,"Natural, Wild",,,8,15,,
0554,Darumaka,1,common,54,7,32,"Desert, Jungle",,any,any,,grounded,Natural,structure:#cobblemon:ruin,,8,15,,
0554,Darumaka,2,common,54,7,32,Desert,,any,any,,grounded,"Natural, Desert_Pyramid",,,8,15,,
0554,Darumaka,3,common,54,7,32,Jungle,,any,any,,grounded,"Natural, Jungle_Pyramid",,,8,15,,
0554,Darumaka,4,common,5.4,7,32,Nether,"Nether Frozen, Nether Quartz, Nether Toxic",any,any,,grounded,Natural,,,,,any,
0555,Darmanitan,1,common,5.4,35,54,"Desert, Jungle",,any,any,,grounded,Natural,structure:#cobblemon:ruin,,8,15,,
0555,Darmanitan,2,common,5.4,35,54,Desert,,any,any,,grounded,"Natural, Desert_Pyramid",,,8,15,,
0555,Darmanitan,3,common,5.4,35,54,Jungle,,any,any,,grounded,"Natural, Jungle_Pyramid",,,8,15,,
0555,Darmanitan,4,common,0.6,35,54,Nether,"Nether Frozen, Nether Quartz, Nether Toxic",any,any,,grounded,Natural,,,,,any,
0556,Maractus,1,common,10,21,46,"Badlands, Desert",,any,any,Night x0.25,grounded,Natural,,,8,15,,
0557,Dwebble,1,common,9,8,33,Badlands,,any,any,,grounded,Natural,,,,,any,
0558,Crustle,1,common,1,34,49,Badlands,,any,any,,grounded,Natural,,,,,any,
0559,Scraggy,1,common,9,10,35,Badlands,,any,any,,grounded,Natural,,,8,15,,
0559,Scraggy,2,common,5.4,10,35,Arid,Badlands,any,any,,grounded,"Natural, Urban",,,8,15,,
0559,Scraggy,3,common,5.4,10,35,Arid,Badlands,any,any,,grounded,Natural,structure:#minecraft:village,,8,15,,
0560,Scrafty,1,common,1,39,49,Badlands,,any,any,,grounded,Natural,,,8,15,,
0560,Scrafty,2,common,0.6,39,49,Arid,Badlands,any,any,,grounded,"Natural, Urban",,,8,15,,
0560,Scrafty,3,common,0.6,39,49,Arid,Badlands,any,any,,grounded,Natural,structure:#minecraft:village,,8,15,,
0561,Sigilyph,1,uncommon,60,24,49,"Badlands, Desert",,any,any,,grounded,Natural,structure:#cobblemon:ruin,,8,15,,
0561,Sigilyph,2,common,60,24,49,Overworld,,any,any,,grounded,"Natural, Desert_Pyramid",structure:minecraft:desert_well,,8,15,,
0561,Sigilyph,3,common,60,24,49,Overworld,,any,any,,grounded,"Natural, Jungle_Pyramid",,,8,15,,
0561,Sigilyph,4,common,60,24,49,Overworld,,any,any,,grounded,Trail_Ruins,,,8,15,,
0561,Sigilyph,5,uncommon,6,24,49,End,,any,any,,grounded,"Natural, End_City",,,,,any,
0561,Sigilyph,7,uncommon,10,24,49,Aether,,any,any,,grounded,,structure:#aether:dungeons,,,,any,
0561,Sigilyph,8,common,6,24,49,Howling Constructs,,any,any,,grounded,,,structure:#the_bumblezone:sempiternal_sanctums,,,any,
0562,Yamask,1,uncommon,1.68,5,30,Desert,Deep Dark,any,any,,grounded,Natural,minY = 0,,0,7,,
0562,Yamask,2,common,90,5,30,Overworld,,any,any,,grounded,"Natural, Desert_Pyramid",minY = 48,,,,FALSE,
0563,Cofagrigus,1,uncommon,0.32,34,48,Desert,Deep Dark,any,any,,grounded,Natural,minY = 0,,0,7,,
0563,Cofagrigus,2,common,10,34,48,Overworld,,any,any,,grounded,"Natural, Desert_Pyramid",minY = 48,,,,FALSE,
0564,Tirtouga,1,ultra-rare,6,15,40,Lush,,any,any,,grounded,Natural,,,0,7,,
0564,Tirtouga,2,ultra-rare,6,15,40,Lush,,any,any,,submerged,Water,,,0,7,,
0565,Carracosta,1,ultra-rare,4,37,57,Lush,,any,any,,grounded,Natural,,,0,7,,
0565,Carracosta,2,ultra-rare,4,37,57,Lush,,any,any,,submerged,Water,,,0,7,,
0566,Archen,1,ultra-rare,6,15,40,Lush,,any,any,,grounded,Natural,,,0,7,,
0567,Archeops,1,ultra-rare,4,37,57,Lush,,any,any,,grounded,Natural,,,0,7,,
0568,Trubbish,1,common,1.8,8,33,Overworld,,any,any,Night x5,grounded,"Natural, Urban",,,8,15,,
0568,Trubbish,2,common,1.8,8,33,Overworld,,any,any,Night x5,grounded,Natural,structure:#minecraft:village,,8,15,,
0569,Garbodor,1,common,0.2,36,47,Overworld,,any,any,Night x5,grounded,"Natural, Urban",,,8,15,,
0569,Garbodor,2,common,0.2,36,47,Overworld,,any,any,Night x5,grounded,Natural,structure:#minecraft:village,,8,15,,
0570,Zorua,1,uncommon,5.04,8,33,Forest,Freezing,night,any,New Moon x5,grounded,"Natural, Wild",,,8,15,,
0570,Zorua [Hisuian],1,uncommon,5.04,8,33,"Snowy Forest, Snowy Taiga",,night,any,New Moon x5,grounded,"Natural, Wild",,,8,15,,
0570,Zorua [Hisuian],2,uncommon,84,8,33,Nether,,any,any,,grounded,"Natural, Nether_Fossil",,,,,any,
0571,Zoroark,1,uncommon,0.96,30,51,Forest,Freezing,night,any,New Moon x5,grounded,"Natural, Wild",,,8,15,,
0571,Zoroark [Hisuian],1,uncommon,0.96,30,51,"Snowy Forest, Snowy Taiga",,night,any,New Moon x5,grounded,"Natural, Wild",,,8,15,,
0571,Zoroark [Hisuian],2,uncommon,16,30,51,Nether,,any,any,,grounded,"Natural, Nether_Fossil",,,,,any,
0572,Minccino,1,common,1.9,5,30,Magical,,any,any,,grounded,Natural,,,8,15,,
0572,Minccino,2,common,5.7,5,30,Overworld,"Sandy, Tundra",any,any,,grounded,"Natural, Urban",,,8,15,,
0572,Minccino,3,common,5.7,5,30,Overworld,"Sandy, Tundra",any,any,,grounded,Natural,structure:#minecraft:village,,8,15,,
0572,Minccino,4,common,9.5,5,30,Overworld,,any,any,,grounded,Mansion,,,,,FALSE,
0573,Cinccino,1,common,0.1,25,47,Magical,,any,any,,grounded,Natural,,,8,15,,
0573,Cinccino,2,common,0.3,25,47,Overworld,"Sandy, Tundra",any,any,,grounded,"Natural, Urban",,,8,15,,
0573,Cinccino,3,common,0.3,25,47,Overworld,"Sandy, Tundra",any,any,,grounded,Natural,structure:#minecraft:village,,8,15,,
0573,Cinccino,4,common,0.5,25,47,Overworld,,any,any,,grounded,Mansion,,,,,FALSE,
0574,Gothita,1,common,5.4,4,29,Overworld,,any,any,,grounded,Mansion,,,,,FALSE,
0574,Gothita,2,uncommon,8.4,4,29,End,,any,any,,grounded,End_City,,,,,any,
0575,Gothorita,1,common,0.54,32,39,Overworld,,any,any,,grounded,Mansion,,,,,FALSE,
0575,Gothorita,2,uncommon,1.44,32,39,End,,any,any,,grounded,End_City,,,,,any,
0576,Gothitelle,1,common,0.06,41,49,Overworld,,any,any,,grounded,Mansion,,,,,FALSE,
0576,Gothitelle,2,uncommon,0.16,41,49,End,,any,any,,grounded,End_City,,,,,any,
0577,Solosis,1,uncommon,1.68,4,29,Overworld,,any,any,,grounded,Natural,,,8,15,,
0577,Solosis,2,uncommon,1.68,4,29,End,,any,any,,grounded,Natural,,,,,any,
0578,Duosion,1,uncommon,0.288,32,37,Overworld,,any,any,,grounded,Natural,,,8,15,,
0578,Duosion,2,uncommon,0.288,32,37,End,,any,any,,grounded,Natural,,,,,any,
0579,Reuniclus,1,uncommon,0.032,41,49,Overworld,,any,any,,grounded,Natural,,,8,15,,
0579,Reuniclus,2,uncommon,0.032,41,49,End,,any,any,,grounded,Natural,,,,,any,
0580,Ducklett,1,common,9,6,31,Freshwater,Freezing,any,any,Night x0.25,grounded,Natural,,,8,15,,
0580,Ducklett,2,common,9,6,31,Sky,,any,any,Night x0.25,grounded,Natural,,,8,15,,
0580,Ducklett,3,uncommon,8.4,6,31,Freshwater,Freezing,day,any,,surface,Water,,,8,15,,
0580,Ducklett,4,uncommon,8.4,6,31,Sky,,day,any,,surface,Water,,,8,15,,
0580,Ducklett,7,common,9,6,31,Aether,,any,any,,grounded,Natural,minecraft:water,,8,15,,
0580,Ducklett,8,uncommon,8.4,6,31,Aether,,any,any,,surface,Water,,,8,15,,
0581,Swanna,1,common,1,35,47,Freshwater,Freezing,any,any,Night x0.25,grounded,Natural,,,8,15,,
0581,Swanna,2,common,1,35,47,Sky,,any,any,Night x0.25,grounded,,,,8,15,,
0581,Swanna,3,uncommon,1.6,35,47,Freshwater,Freezing,day,any,,surface,Water,,,8,15,,
0581,Swanna,4,uncommon,1.6,35,47,Sky,,day,any,,surface,Water,,,8,15,,
0581,Swanna,7,common,1,35,47,Aether,,any,any,,grounded,Natural,minecraft:water,,8,15,,
0581,Swanna,8,uncommon,1.6,35,47,Aether,,any,any,,surface,Water,,,8,15,,
0582,Vanillite,1,common,1.8,6,31,Freezing,,any,any,Dawn x5,grounded,Natural,,,8,15,,
0582,Vanillite,2,uncommon,5.04,6,31,Freezing,,any,any,,grounded,Natural,minY = 0,,0,7,,
0582,Vanillite,3,common,5.4,6,31,Nether Frozen,,any,any,,grounded,Natural,,,,,any,
0583,Vanillish,1,common,0.18,35,40,Freezing,,any,any,Dawn x5,grounded,Natural,,,8,15,,
0583,Vanillish,2,uncommon,0.864,35,40,Freezing,,any,any,,grounded,Natural,minY = 0,,0,7,,
0583,Vanillish,3,common,0.54,35,40,Nether Frozen,,any,any,,grounded,Natural,,,,,any,
0584,Vanilluxe,1,common,0.02,47,54,Freezing,,any,any,Dawn x5,grounded,Natural,,,8,15,,
0584,Vanilluxe,2,uncommon,0.096,47,54,Freezing,,any,any,,grounded,Natural,minY = 0,,0,7,,
0584,Vanilluxe,3,common,0.06,47,54,Nether Frozen,,any,any,,grounded,Natural,,,,,any,
0585,Deerling,1,common,1.8,9,34,"Floral, Forest, Hills, Plains, Snowy Forest, Taiga",Savanna,any,any,Night x0.25,grounded,"Natural, Wild",,,8,15,,
0585,Deerling,2,common,1.8,9,34,Aether,,any,any,,grounded,Natural,,,8,15,,
0585,Deerling,3,uncommon,8.4,9,34,Floral Meadow,,any,any,,grounded,,,structure:#the_bumblezone:sempiternal_sanctums,,,any,
0586,Sawsbuck,1,common,0.2,34,48,"Floral, Forest, Hills, Plains, Snowy Forest, Taiga",Savanna,any,any,Night x0.25,grounded,"Natural, Wild",,,8,15,,
0586,Sawsbuck,2,common,0.2,34,48,Aether,,any,any,,grounded,Natural,,,8,15,,
0586,Sawsbuck,3,uncommon,1.6,34,48,Floral Meadow,,any,any,,grounded,,,structure:#the_bumblezone:sempiternal_sanctums,,,any,
0587,Emolga,1,uncommon,10,18,43,Taiga,,any,any,Storm x5,grounded,"Natural, Treetop",,,8,15,,
0588,Karrablast,1,common,5.7,7,32,Swamp,,any,any,,grounded,Natural,,,8,15,,
0589,Escavalier,1,common,0.3,27,50,Swamp,,any,any,,grounded,Natural,,,8,15,,
0590,Foongus,1,common,9,4,29,Mushroom,,any,any,,grounded,Natural,,,0,7,,
0590,Foongus,2,common,9,4,29,Mushroom,,any,any,Day x0.25,grounded,Natural,,,8,15,,
0591,Amoonguss,1,common,1,39,46,Mushroom,,any,any,,grounded,Natural,,,0,7,,
0591,Amoonguss,2,common,1,39,46,Mushroom,,any,any,Day x0.25,grounded,Natural,,,8,15,,
0592,Frillish,1,common,5.4,9,34,Ocean,,any,any,Wreck x10,submerged,Water,maxY = 48,,,,TRUE,
0592,Frillish,2,common,5.4,9,34,Ocean,,night,any,,surface,Water,moonPhase = 0,,8,15,,
0592,Frillish,3,common,9,9,34,Ocean,,any,any,"Wreck x10, Lure0/1 x0.6",fishing,,,,,,TRUE,
0592,Frillish,4,common,5.4,9,34,Ocean,,any,any,Wreck x10,submerged,Water,maxY = 48,,8,15,FALSE,
0592,Frillish,5,common,9,9,34,Ocean,,any,any,"Wreck x10, Lure0/1 x0.6",fishing,,,,8,15,FALSE,
0592,Frillish,6,common,54,9,34,Overworld,,any,any,,submerged,Water,"structure:cobblemon:shipwreck_coves/submerged_shipwreck_cove, minY = -60, maxY = 13",,,,FALSE,
0592,Frillish,7,common,54,9,34,Overworld,,any,any,,fishing,,"structure:cobblemon:shipwreck_coves/submerged_shipwreck_cove, minY = -60, maxY = 13",,,,FALSE,
0593,Jellicent,1,common,0.6,40,48,Ocean,,any,any,Wreck x10,submerged,Water,maxY = 48,,,,TRUE,
0593,Jellicent,2,common,0.6,40,48,Ocean,,night,any,,surface,Water,moonPhase = 0,,8,15,,
0593,Jellicent,3,common,1,40,48,Ocean,,any,any,"Wreck x10, Lure0/1 x0.6",fishing,,,,,,TRUE,
0593,Jellicent,4,common,0.6,40,48,Ocean,,any,any,Wreck x10,submerged,Water,maxY = 48,,8,15,FALSE,
0593,Jellicent,5,common,1,40,48,Ocean,,any,any,"Wreck x10, Lure0/1 x0.6",fishing,,,,8,15,FALSE,
0593,Jellicent,6,common,6,40,48,Overworld,,any,any,,submerged,Water,"structure:cobblemon:shipwreck_coves/submerged_shipwreck_cove, minY = -60, maxY = 13",,,,FALSE,
0593,Jellicent,7,common,6,40,48,Overworld,,any,any,,fishing,,"structure:cobblemon:shipwreck_coves/submerged_shipwreck_cove, minY = -60, maxY = 13",,,,FALSE,
0594,Alomomola,1,uncommon,6,22,47,Deep Ocean,Frozen Ocean,any,any,,submerged,Water,,,,,TRUE,
0594,Alomomola,2,uncommon,6,22,47,Ocean,,any,any,,fishing,,,minLureLevel = 1,,,TRUE,
0594,Alomomola,3,common,2,22,47,Ocean,,any,any,Lure3 x3,fishing,,minLureLevel = 1,,,,TRUE,
0594,Alomomola,4,uncommon,6,22,47,Deep Ocean,Frozen Ocean,any,any,,submerged,Water,,,8,15,FALSE,
0594,Alomomola,5,uncommon,6,22,47,Ocean,,any,any,,fishing,,,minLureLevel = 1,8,15,FALSE,
0594,Alomomola,6,common,2,22,47,Ocean,,any,any,Lure3 x3,fishing,,minLureLevel = 1,,8,15,FALSE,
0595,Joltik,1,common,5.4,7,32,"Badlands, Jungle, Savanna",,night,any,Storm x5,grounded,Natural,,,8,15,,
0595,Joltik,2,common,5.4,7,32,Overworld,Deep Dark,any,any,,grounded,Natural,,,0,7,,
0595,Joltik,3,common,9,7,32,,,any,any,,grounded,"Webs, Natural",,,0,7,,
0595,Joltik,4,common,1.8,7,32,Overworld,,night,any,Storm x5,grounded,Natural,minecraft:lightning_rod,,8,15,,
0596,Galvantula,1,common,0.6,36,47,"Badlands, Jungle, Savanna",,night,any,Storm x5,grounded,Natural,,,8,15,,
0596,Galvantula,2,common,0.6,36,47,Overworld,Deep Dark,any,any,,grounded,Natural,,,0,7,,
0596,Galvantula,3,common,1,36,47,,,any,any,,grounded,"Webs, Natural",,,0,7,,
0596,Galvantula,4,common,0.2,36,47,Overworld,,night,any,Storm x5,grounded,Natural,minecraft:lightning_rod,,8,15,,
0597,Ferroseed,1,common,9,6,31,Lush,,any,any,,grounded,Natural,,"structure:cobblemon:shipwreck_coves/lush_shipwreck_cove, minY = -41, maxY = 9",0,7,,
0597,Ferroseed,2,common,9,6,31,Overworld,Lush,any,any,,grounded,Natural,"structure:cobblemon:shipwreck_coves/lush_shipwreck_cove, minY = -41, maxY = 9",,0,7,,
0598,Ferrothorn,1,common,1,40,49,Lush,,any,any,,grounded,Natural,,"structure:cobblemon:shipwreck_coves/lush_shipwreck_cove, minY = -41, maxY = 9",0,7,,
0598,Ferrothorn,2,common,1,40,49,Overworld,Lush,any,any,,grounded,Natural,"structure:cobblemon:shipwreck_coves/lush_shipwreck_cove, minY = -41, maxY = 9",,0,7,,
0599,Klink,1,common,9,5,30,Overworld,Deep Dark,any,any,,grounded,Natural,"#minecraft:redstone_ores, #c:redstone_ores",,0,7,,
0599,Klink,2,common,1.8,5,30,Overworld,,any,any,,grounded,"Natural, Redstone",,,,,any,
0599,Klink,3,common,1.8,5,30,Overworld,,any,any,,grounded,Natural,"create:cogwheel, create:large_cogwheel, create:gearbox, create:vertical_gearbox",,,,any,
0600,Klang,1,common,0.9,38,44,Overworld,Deep Dark,any,any,,grounded,Natural,"#minecraft:redstone_ores, #c:redstone_ores",,0,7,,
0600,Klang,2,common,0.18,38,44,Overworld,,any,any,,grounded,"Natural, Redstone",,,,,any,
0600,Klang,3,common,0.18,38,44,Overworld,,any,any,,grounded,Natural,"create:cogwheel, create:large_cogwheel, create:gearbox, create:vertical_gearbox",,,,any,
0601,Klinklang,1,common,0.1,49,52,Overworld,Deep Dark,any,any,,grounded,Natural,"#minecraft:redstone_ores, #c:redstone_ores",,0,7,,
0601,Klinklang,2,common,0.02,49,52,Overworld,,any,any,,grounded,"Natural, Redstone",,,,,any,
0601,Klinklang,3,common,0.02,49,52,Overworld,,any,any,,grounded,Natural,"create:cogwheel, create:large_cogwheel, create:gearbox, create:vertical_gearbox",,,,any,
0602,Tynamo,1,common,1.8,3,28,Ocean,,,,,submerged,Water,maxY = 48,,,,any,
0602,Tynamo,2,uncommon,5.04,3,28,Overworld,Lush,,,,submerged,Water,maxY = 48,"structure:#cobblemon:shipwreck_cove, minY = -60, maxY = 13",0,7,,
0602,Tynamo,3,common,5.4,3,28,Overworld,,,,,submerged,Water,"structure:cobblemon:shipwreck_coves/submerged_shipwreck_cove, minY = -60, maxY = 13",,,,FALSE,
0602,Tynamo,4,common,1.8,3,28,Ocean,,,,"Lure2 x3, Lure3 x5",fishing,,,,,,TRUE,
0602,Tynamo,5,common,9,3,28,Overworld,Lush,any,any,Lure0/1 x0.6,fishing,,,,0,7,,
0602,Tynamo,6,common,1.8,3,28,Ocean,,,,"Lure2 x3, Lure3 x5",fishing,,,,8,15,FALSE,
0603,Eelektrik,1,common,0.19,39,41,Ocean,,,,,submerged,Water,maxY = 48,,,,any,
0603,Eelektrik,2,uncommon,0.712,39,41,Overworld,Lush,,,,submerged,Water,maxY = 48,"structure:#cobblemon:shipwreck_cove, minY = -60, maxY = 13",0,7,,
0603,Eelektrik,3,common,0.57,39,41,Overworld,,,,,submerged,Water,"structure:cobblemon:shipwreck_coves/submerged_shipwreck_cove, minY = -60, maxY = 13",,,,FALSE,
0603,Eelektrik,4,common,0.19,39,41,Ocean,,,,"Lure2 x3, Lure3 x5",fishing,,,,,,TRUE,
0603,Eelektrik,5,common,0.95,39,41,Overworld,Lush,any,any,Lure0/1 x0.6,fishing,,,,0,7,,
0603,Eelektrik,6,common,0.19,39,41,Ocean,,,,"Lure2 x3, Lure3 x5",fishing,,,,8,15,FALSE,
0604,Eelektross,1,common,0.01,36,52,Ocean,,,,,submerged,Water,maxY = 48,,,,any,
0604,Eelektross,2,uncommon,0.048,36,52,Overworld,Lush,,,,submerged,Water,maxY = 48,"structure:#cobblemon:shipwreck_cove, minY = -60, maxY = 13",0,7,,
0604,Eelektross,3,common,0.03,36,52,Overworld,,,,,submerged,Water,"structure:cobblemon:shipwreck_coves/submerged_shipwreck_cove, minY = -60, maxY = 13",,,,FALSE,
0604,Eelektross,4,common,0.01,36,52,Ocean,,,,"Lure2 x3, Lure3 x5",fishing,,,,,,TRUE,
0604,Eelektross,5,common,0.05,36,52,Overworld,Lush,any,any,Lure0/1 x0.6,fishing,,,,0,7,,
0604,Eelektross,6,common,0.01,36,52,Ocean,,,,"Lure2 x3, Lure3 x5",fishing,,,,8,15,FALSE,
0605,Elgyem,1,uncommon,8.4,9,34,End,,any,any,,grounded,Natural,,,,,any,
0605,Elgyem,2,common,9,9,34,Overworld,,night,any,,grounded,Natural,minecraft:wheat,,8,15,,
0605,Elgyem,5,common,5.4,9,34,Howling Constructs,,any,any,,grounded,,,structure:#the_bumblezone:sempiternal_sanctums,,,any,
0606,Beheeyem,1,uncommon,1.6,42,49,End,,any,any,,grounded,Natural,,,,,any,
0606,Beheeyem,2,common,1,42,49,Overworld,,night,any,,grounded,Natural,minecraft:wheat,,8,15,,
0606,Beheeyem,5,common,0.6,42,49,Howling Constructs,,any,any,,grounded,,,structure:#the_bumblezone:sempiternal_sanctums,,,any,
0607,Litwick,1,common,1.8,3,28,Nether Soul Fire,,any,any,,grounded,Natural,,,,,any,
0607,Litwick,2,common,9,3,28,Overworld,,night,any,,grounded,Mansion,,,,,FALSE,
0608,Lampent,1,common,0.19,41,46,Nether Soul Fire,,any,any,,grounded,Natural,,,,,any,
0608,Lampent,2,common,0.95,41,46,Overworld,,night,any,,grounded,Mansion,,,,,FALSE,
0609,Chandelure,1,common,0.01,41,52,Nether Soul Fire,,any,any,,grounded,Natural,,,,,any,
0609,Chandelure,2,common,0.05,41,52,Overworld,,night,any,,grounded,Mansion,,,,,FALSE,
0610,Axew,1,ultra-rare,6,7,32,Mountain,,any,any,,grounded,"Natural, Wild",,,,,any,
0611,Fraxure,1,ultra-rare,3.6,38,41,Mountain,,any,any,,grounded,"Natural, Wild",,,,,any,
0612,Haxorus,1,ultra-rare,0.4,48,54,Mountain,,any,any,,grounded,"Natural, Wild",,,,,any,
0613,Cubchoo,1,common,1.8,6,31,Frozen Ocean,,any,any,,grounded,"Natural, Wild",,,8,15,,
0614,Beartic,1,common,0.2,37,51,Frozen Ocean,,any,any,,grounded,"Natural, Wild",,,8,15,,
0615,Cryogonal,1,uncommon,2,27,52,Freezing,,any,any,Rain x5,grounded,Natural,,,8,15,,
0615,Cryogonal,2,common,2,27,52,Nether Frozen,,any,any,,grounded,Natural,,,,,any,
0616,Shelmet,1,common,1.9,6,31,Swamp,,any,any,Rain x5,grounded,Natural,,,8,15,,
0617,Accelgor,1,common,0.1,26,50,Swamp,,any,any,Rain x5,grounded,Natural,,,8,15,,
0618,Stunfisk,1,common,2,22,47,Swamp,,any,any,,seafloor,Water,,,,,TRUE,
0618,Stunfisk,2,common,2,22,47,"Arid, Jungle, Swamp",,any,any,"Lure2 x3, Lure3 x5",fishing,,,,,,TRUE,
0618,Stunfisk,3,common,2,22,47,"Arid, Jungle, Swamp",,any,any,"Lure2 x3, Lure3 x5",fishing,,,,8,15,FALSE,
0618,Stunfisk [Galarian],4,common,2,22,47,Swamp,,any,any,,grounded,Natural,,,8,15,,
0619,Mienfoo,1,uncommon,8.4,10,35,Mountain,Hills,any,any,Night x0.25,grounded,"Natural, Wild",,,8,15,,
0620,Mienshao,1,uncommon,1.6,50,51,Mountain,Hills,any,any,Night x0.25,grounded,"Natural, Wild",,,8,15,,
0621,Druddigon,1,rare,10,24,49,Overworld,"Deep Dark, Mountain",any,any,,grounded,Natural,,,0,7,,
0621,Druddigon,2,uncommon,10,24,49,Mountain,Deep Dark,any,any,,grounded,Natural,,,0,7,,
0621,Druddigon,3,rare,10,24,49,Mountain,,day,any,,grounded,"Natural, Wild",,,8,15,,
0622,Golett,1,uncommon,84,5,30,Deep Dark,,any,any,,grounded,Ancient_City,,,0,7,,
0622,Golett,2,rare,15,5,30,Overworld,,any,any,,grounded,Natural,structure:#cobblemon:ruin,,8,15,,
0622,Golett,3,common,18,5,30,Overworld,,any,any,,grounded,Trail_Ruins,,,8,15,,
0622,Golett,4,common,18,5,30,Desert,,any,any,,grounded,"Natural, Desert_Pyramid",,,,,any,
0622,Golett,5,common,18,5,30,Jungle,,any,any,,grounded,"Natural, Jungle_Pyramid",,,,,any,
0622,Golett,6,common,5.4,5,30,Howling Constructs,,any,any,,grounded,,,structure:#the_bumblezone:sempiternal_sanctums,,,any,
0623,Golurk,1,uncommon,16,43,48,Deep Dark,,any,any,,grounded,Ancient_City,,,0,7,,
0623,Golurk,2,rare,5,43,48,Overworld,,any,any,,grounded,Natural,structure:#cobblemon:ruin,,8,15,,
0623,Golurk,3,common,2,43,48,Overworld,,any,any,,grounded,Trail_Ruins,,,8,15,,
0623,Golurk,4,common,2,43,48,Desert,,any,any,,grounded,"Natural, Desert_Pyramid",,,,,any,
0623,Golurk,5,common,2,43,48,Jungle,,any,any,,grounded,"Natural, Jungle_Pyramid",,,,,any,
0623,Golurk,6,common,0.6,43,48,Howling Constructs,,any,any,,grounded,,,structure:#the_bumblezone:sempiternal_sanctums,,,any,
0626,Bouffalant,1,common,10,24,49,Plains,,any,any,Night x0.25,grounded,"Natural, Wild",,,8,15,,
0627,Rufflet,1,uncommon,8.4,10,35,"Badlands, Hills",,day,any,,grounded,"Natural, Treetop, Wild",,,8,15,,
0627,Rufflet,2,common,9,10,35,Sky,,day,any,,grounded,"Natural, Treetop, Wild",,,8,15,,
0627,Rufflet,5,uncommon,8.4,10,35,Mountain,"Badlands, Hills, Volcanic",any,any,Night x0.25,grounded,"Natural, Treetop, Wild",,,8,15,,region_bias=hisui
0627,Rufflet,6,common,9,10,35,Sky,,any,any,Night x0.25,grounded,"Natural, Treetop, Wild",,,8,15,,region_bias=hisui
0628,Braviary,1,uncommon,1.6,54,59,"Badlands, Hills",,day,any,,grounded,"Natural, Treetop, Wild",,,8,15,,
0628,Braviary,2,common,1,54,59,Sky,,day,any,,grounded,"Natural, Treetop, Wild",,,8,15,,
0628,Braviary [Hisuian],5,uncommon,1.6,54,59,Mountain,"Badlands, Hills, Volcanic",any,any,Night x0.25,grounded,"Natural, Treetop, Wild",,,8,15,,
0628,Braviary [Hisuian],6,common,1,54,59,Sky,,any,any,Night x0.25,grounded,"Natural, Treetop, Wild",,,8,15,,
0631,Heatmor,1,uncommon,6,23,48,"Badlands, Hills",,any,any,Night x0.25,grounded,"Natural, Wild",,,8,15,,
0631,Heatmor,2,common,2,23,48,Nether Mountain,,any,any,,grounded,"Natural, Wild",,,,,any,
0632,Durant,1,common,2,23,48,"Badlands, Hills",,any,any,,grounded,Natural,,,8,15,,
0632,Durant,2,common,10,23,48,"Badlands, Hills",,any,any,,grounded,Natural,,,0,7,,
0632,Durant,3,common,10,23,48,Nether Mountain,,any,any,,grounded,Natural,,,,,any,
0633,Deino,1,rare,7.5,5,30,Deep Dark,,any,any,,grounded,Natural,,,0,7,,
0633,Deino,2,ultra-rare,6,5,30,Overworld,Deep Dark,any,any,,grounded,Natural,maxY = 0,,0,7,,
0633,Deino,3,rare,7.5,5,30,Aether,,any,any,,grounded,Natural,,,0,7,,
0634,Zweilous,1,rare,2.25,50,55,Deep Dark,,any,any,,grounded,Natural,,,0,7,,
0634,Zweilous,2,ultra-rare,3.6,50,55,Overworld,Deep Dark,any,any,,grounded,Natural,maxY = 0,,0,7,,
0634,Zweilous,3,rare,2.25,50,55,Aether,,any,any,,grounded,Natural,,,0,7,,
0635,Hydreigon,1,rare,0.25,64,69,Deep Dark,,any,any,,grounded,Natural,,,0,7,,
0635,Hydreigon,2,ultra-rare,0.4,64,69,Overworld,Deep Dark,any,any,,grounded,Natural,maxY = 0,,0,7,,
0635,Hydreigon,3,rare,0.25,64,69,Aether,,any,any,,grounded,Natural,,,0,7,,
0636,Larvesta,1,uncommon,84,11,36,Desert,,any,any,,grounded,"Natural, Desert_Pyramid",minY = 48,,,,FALSE,
0636,Larvesta,2,uncommon,84,11,36,Jungle,,any,any,,grounded,"Natural, Jungle_Pyramid",minY = 48,,,,FALSE,
0636,Larvesta,3,uncommon,8.4,11,36,"Nether Crimson, Nether Forest",,any,any,,grounded,"Natural, Treetop",,,,,any,
0636,Larvesta,4,uncommon,9,11,36,Aether,,any,any,,grounded,,structure:#aether:dungeons,,0,7,,
0637,Volcarona,1,uncommon,16,59,64,Desert,,any,any,,grounded,"Natural, Desert_Pyramid",minY = 48,,,,FALSE,
0637,Volcarona,2,uncommon,16,59,64,Jungle,,any,any,,grounded,"Natural, Jungle_Pyramid",minY = 48,,,,FALSE,
0637,Volcarona,3,uncommon,1.6,59,64,"Nether Crimson, Nether Forest",,any,any,,grounded,"Natural, Treetop",,,,,any,
0637,Volcarona,4,uncommon,1,59,64,Aether,,any,any,,grounded,,structure:#aether:dungeons,,0,7,,
0650,Chespin,1,ultra-rare,6,5,31,Forest,Spooky,any,any,,grounded,Natural,,,8,15,,
0651,Quilladin,1,ultra-rare,3.6,16,41,Forest,Spooky,any,any,,grounded,Natural,,,8,15,,
0652,Chesnaught,1,ultra-rare,0.4,36,53,Forest,Spooky,any,any,,grounded,Natural,,,8,15,,
0653,Fennekin,1,ultra-rare,6,5,31,Desert,,any,any,,grounded,Natural,,,8,15,,
0654,Braixen,1,ultra-rare,3.6,16,41,Desert,,any,any,,grounded,Natural,,,8,15,,
0655,Delphox,1,ultra-rare,0.4,36,53,Desert,,any,any,,grounded,Natural,,,8,15,,
0656,Froakie,1,ultra-rare,6,5,31,Freshwater,Freezing,any,any,,grounded,Natural,,,8,15,,
0656,Froakie,2,ultra-rare,6,5,31,Freshwater,Freezing,any,any,,submerged,Water,,,8,15,,
0656,Froakie,3,ultra-rare,6,5,31,"Bamboo, Jungle",,any,any,,grounded,Natural,minecraft:water,,8,15,,
0656,Froakie,4,ultra-rare,6,5,31,"Bamboo, Jungle",,any,any,,submerged,Water,,,8,15,,
0656,Froakie,5,ultra-rare,6,5,31,"Bamboo, Freshwater, Jungle",Freezing,any,any,,fishing,,,,8,15,,
0657,Frogadier,1,ultra-rare,3.6,16,41,Freshwater,Freezing,any,any,,grounded,Natural,,,8,15,,
0657,Frogadier,2,ultra-rare,3.6,16,41,Freshwater,Freezing,any,any,,submerged,Water,,,8,15,,
0657,Frogadier,3,ultra-rare,3.6,16,41,"Bamboo, Jungle",,any,any,,grounded,Natural,minecraft:water,,8,15,,
0657,Frogadier,4,ultra-rare,3.6,16,41,"Bamboo, Jungle",,any,any,,submerged,Water,,,8,15,,
0657,Frogadier,5,ultra-rare,3.6,16,41,"Bamboo, Freshwater, Jungle",Freezing,any,any,,fishing,,,,8,15,,
0658,Greninja,1,ultra-rare,0.4,36,53,Freshwater,Freezing,any,any,,grounded,Natural,,,8,15,,
0658,Greninja,2,ultra-rare,0.4,36,53,Freshwater,Freezing,any,any,,submerged,Water,,,8,15,,
0658,Greninja,3,ultra-rare,0.4,36,53,"Bamboo, Jungle",,any,any,,grounded,Natural,minecraft:water,,8,15,,
0658,Greninja,4,ultra-rare,0.4,36,53,"Bamboo, Jungle",,any,any,,submerged,Water,,,8,15,,
0658,Greninja,5,ultra-rare,0.4,36,53,"Bamboo, Freshwater, Jungle",Freezing,any,any,,fishing,,,,8,15,,
0659,Bunnelby,1,common,5.4,1,24,"Hills, Temperate",,any,any,,grounded,Natural,minY = 32,,,,any,
0660,Diggersby,1,common,0.6,20,42,"Hills, Temperate",,any,any,,grounded,Natural,minY = 32,,,,any,
0661,Fletchling,1,common,5.4,3,28,"Forest, Sky, Taiga",,day,any,,grounded,"Natural, Treetop",,,8,15,,
0661,Fletchling,3,common,5.4,3,28,"Nether Forest, Nether Fungus",Nether Warped,any,any,,grounded,"Natural, Treetop",,,,,any,
0661,Fletchling,4,common,5.4,3,28,"Skyroot Forest, Skyroot Woodland",,any,any,,grounded,"Natural, Treetop",,,8,15,,
0662,Fletchinder,1,common,0.54,17,38,"Forest, Sky, Taiga",,day,any,,grounded,"Natural, Treetop",,,8,15,,
0662,Fletchinder,3,common,0.54,17,38,"Nether Forest, Nether Fungus",Nether Warped,any,any,,grounded,"Natural, Treetop",,,,,any,
0662,Fletchinder,4,common,0.54,17,38,"Skyroot Forest, Skyroot Woodland",,any,any,,grounded,"Natural, Treetop",,,8,15,,
0663,Talonflame,1,common,0.06,35,50,"Forest, Sky, Taiga",,day,any,,grounded,"Natural, Treetop",,,8,15,,
0663,Talonflame,3,common,0.06,35,50,"Nether Forest, Nether Fungus",Nether Warped,any,any,,grounded,"Natural, Treetop",,,,,any,
0663,Talonflame,4,common,0.06,35,50,"Skyroot Forest, Skyroot Woodland",,any,any,,grounded,"Natural, Treetop",,,8,15,,
0664,Scatterbug,1,common,7,1,20,"Aether, Floral, Plains, Savanna",,any,any,,grounded,"Natural, Foliage",,,8,15,,
0664,Scatterbug,2,common,4.5,1,20,Floral Meadow,,any,any,,grounded,,,structure:#the_bumblezone:sempiternal_sanctums,,,any,
0665,Spewpa,1,common,3,9,21,"Aether, Floral, Plains, Savanna",,any,any,,grounded,"Natural, Foliage",,,8,15,,
0665,Spewpa,2,common,1,9,21,Floral Meadow,,any,any,,grounded,,,structure:#the_bumblezone:sempiternal_sanctums,,,any,
0666,Vivillon,1,common,2,12,41,Badlands,,day,any,,grounded,Natural,#cobblemon:flowers,structure:#minecraft:village,8,15,,vivillon_wings=high-plains
0666,Vivillon,2,common,2,12,41,Cherry Blossom,,day,clear,,grounded,Natural,#cobblemon:flowers,structure:#minecraft:village,8,15,,vivillon_wings=fancy
0666,Vivillon,3,common,2,12,41,"Coast, Warm Ocean","Cold Ocean, Frozen Ocean, Lukewarm Ocean, Temperate Ocean",day,clear,,grounded,Natural,#cobblemon:flowers,structure:#minecraft:village,8,15,,vivillon_wings=ocean
0666,Vivillon,4,common,2,12,41,Desert,Badlands,day,any,,grounded,Natural,#cobblemon:flowers,structure:#minecraft:village,8,15,,vivillon_wings=sandstorm
0666,Vivillon,5,common,2,12,41,Floral,"Cherry Blossom, Magical, Sunflower Plains",day,clear,,grounded,Natural,#cobblemon:flowers,structure:#minecraft:village,8,15,,vivillon_wings=meadow
0666,Vivillon,6,common,5,12,41,Floral Meadow,,any,any,,grounded,,,structure:#the_bumblezone:sempiternal_sanctums,,,any,vivillon_wings=meadow
0666,Vivillon,7,common,2,12,41,Forest,"Cherry Blossom, Floral, Jungle, Magical, Mountain, Mushroom, Plains, Spooky, Swamp",day,clear,,grounded,Natural,#cobblemon:flowers,structure:#minecraft:village,8,15,,vivillon_wings=garden
0666,Vivillon,8,common,2,12,41,Freshwater,"Forest, Jungle, Magical, Spooky",day,clear,,grounded,Natural,,structure:#minecraft:village,8,15,,vivillon_wings=river
0666,Vivillon,9,common,2,12,41,Frozen Ocean,,day,clear,,grounded,Natural,#cobblemon:flowers,structure:#minecraft:village,8,15,,vivillon_wings=polar
0666,Vivillon,10,common,2,12,41,"Glacial, Snowy Forest, Tundra",Mountain,day,clear,,grounded,Natural,#cobblemon:flowers,structure:#minecraft:village,8,15,,vivillon_wings=tundra
0666,Vivillon,11,common,2,12,41,Jungle,Mountain,day,clear,,grounded,Natural,#cobblemon:flowers,structure:#minecraft:village,8,15,,vivillon_wings=jungle
0666,Vivillon,12,common,2,12,41,Mountain,"Badlands, Desert, Floral, Mushroom, Tropical Island, Volcanic",day,clear,,grounded,Natural,#cobblemon:flowers,structure:#minecraft:village,8,15,,vivillon_wings=monsoon
0666,Vivillon,13,common,2,12,41,Mushroom,"Magical, Spooky, Swamp",day,clear,,grounded,Natural,#cobblemon:flowers,structure:#minecraft:village,8,15,,vivillon_wings=archipelago
0666,Vivillon,14,common,2,12,41,Ocean,"Frozen Ocean, Warm Ocean",day,clear,,grounded,Natural,#cobblemon:flowers,structure:#minecraft:village,8,15,,vivillon_wings=marine
0666,Vivillon,15,common,2,12,41,Overworld,,day,clear,,grounded,Natural,structure:#minecraft:village,,8,15,,vivillon_wings=modern
0666,Vivillon,15,common,2,12,41,Overworld,,day,clear,,grounded,"Natural, Urban",,,8,15,,vivillon_wings=modern
0666,Vivillon,16,common,2,12,41,Plains,"Floral, Mushroom, Savanna, Sunflower Plains",day,clear,,grounded,Natural,#cobblemon:flowers,structure:#minecraft:village,8,15,,vivillon_wings=continental
0666,Vivillon,17,common,2,12,41,Savanna,"Badlands, Desert, Floral, Mountain",day,any,,grounded,Natural,#cobblemon:flowers,structure:#minecraft:village,8,15,,vivillon_wings=savanna
0666,Vivillon,18,common,2,12,41,"Sunflower Plains, Sky, Tropical Island",,day,clear,,grounded,Natural,#cobblemon:flowers,structure:#minecraft:village,8,15,,vivillon_wings=sun
0666,Vivillon,19,common,2,12,41,"Magical, Spooky",Mountain,day,clear,,grounded,Natural,#cobblemon:flowers,structure:#minecraft:village,8,15,,vivillon_wings=elegant
0666,Vivillon,20,common,2,12,41,Taiga,Mountain,day,clear,,grounded,Natural,#cobblemon:flowers,structure:#minecraft:village,8,15,,vivillon_wings=icy-snow
0666,Vivillon,21,common,2,12,41,Aether,,any,any,,grounded,Natural,#cobblemon:flowers,,8,15,,vivillon_wings=fancy
0667,Litleo,1,common,1.8,12,37,Savanna,,any,any,,grounded,"Natural, Wild",,,8,15,,
0667,Litleo,2,common,1.8,12,37,"Nether Overgrowth, Nether Wasteland",,any,any,,grounded,"Natural, Wild",,,,,any,
0668,Pyroar,1,common,0.2,35,51,Savanna,,any,any,,grounded,"Natural, Wild",,,8,15,,
0668,Pyroar,2,common,0.2,35,51,"Nether Overgrowth, Nether Wasteland",,any,any,,grounded,"Natural, Wild",,,,,any,
0669,Flabebe,1,common,9,5,30,Overworld,,any,any,Night x0.25,grounded,Natural,#cobblemon:red_flowers,,8,15,,flower=red
0669,Flabebe,2,common,9,5,30,Overworld,,any,any,Night x0.25,grounded,Natural,#cobblemon:yellow_flowers,,8,15,,flower=yellow
0669,Flabebe,3,common,9,5,30,Overworld,,any,any,Night x0.25,grounded,Natural,#cobblemon:orange_flowers,,8,15,,flower=orange
0669,Flabebe,4,common,9,5,30,Overworld,,any,any,Night x0.25,grounded,Natural,#cobblemon:blue_flowers,,8,15,,flower=blue
0669,Flabebe,5,common,9,5,30,Overworld,,any,any,Night x0.25,grounded,Natural,#cobblemon:white_flowers,,8,15,,flower=white
0669,Flabebe,6,common,9,5,30,Overworld,,any,any,Night x0.25,grounded,Natural,#cobblemon:pink_flowers,,8,15,,flower=pink
0669,Flabebe,7,common,9,5,30,Aether,,any,any,,grounded,Natural,#cobblemon:white_flowers,,8,15,,flower=white
0669,Flabebe,8,common,1.5,5,30,Floral Meadow,,any,any,Night x0.25,grounded,,,structure:#the_bumblezone:sempiternal_sanctums,,,any,"flower=red, yellow, orange, blue, white, pink"
0670,Floette,1,common,0.95,19,37,Overworld,,any,any,Night x0.25,grounded,Natural,#cobblemon:red_flowers,,8,15,,flower=red
0670,Floette,2,common,0.95,19,37,Overworld,,any,any,Night x0.25,grounded,Natural,#cobblemon:yellow_flowers,,8,15,,flower=yellow
0670,Floette,3,common,0.95,19,37,Overworld,,any,any,Night x0.25,grounded,Natural,#cobblemon:orange_flowers,,8,15,,flower=orange
0670,Floette,4,common,0.95,19,37,Overworld,,any,any,Night x0.25,grounded,Natural,#cobblemon:blue_flowers,,8,15,,flower=blue
0670,Floette,5,common,0.95,19,37,Overworld,,any,any,Night x0.25,grounded,Natural,#cobblemon:white_flowers,,8,15,,flower=white
0670,Floette,6,common,0.95,19,37,Overworld,,any,any,Night x0.25,grounded,Natural,#cobblemon:pink_flowers,,8,15,,flower=pink
0670,Floette,7,common,0.95,19,37,Aether,,any,any,,grounded,Natural,#cobblemon:white_flowers,,8,15,,flower=white
0670,Floette,8,common,0.158,19,37,Floral Meadow,,any,any,Night x0.25,grounded,,,structure:#the_bumblezone:sempiternal_sanctums,,,any,"flower=red, yellow, orange, blue, white, pink"
0671,Florges,1,common,0.05,32,55,Overworld,,any,any,Night x0.25,grounded,Natural,#cobblemon:red_flowers,,8,15,,flower=red
0671,Florges,2,common,0.05,32,55,Overworld,,any,any,Night x0.25,grounded,Natural,#cobblemon:yellow_flowers,,8,15,,flower=yellow
0671,Florges,3,common,0.05,32,55,Overworld,,any,any,Night x0.25,grounded,Natural,#cobblemon:orange_flowers,,8,15,,flower=orange
0671,Florges,4,common,0.05,32,55,Overworld,,any,any,Night x0.25,grounded,Natural,#cobblemon:blue_flowers,,8,15,,flower=blue
0671,Florges,5,common,0.05,32,55,Overworld,,any,any,Night x0.25,grounded,Natural,#cobblemon:white_flowers,,8,15,,flower=white
0671,Florges,6,common,0.05,32,55,Overworld,,any,any,Night x0.25,grounded,Natural,#cobblemon:pink_flowers,,8,15,,flower=pink
0671,Florges,7,common,0.05,32,55,Aether,,any,any,,grounded,Natural,#cobblemon:white_flowers,,8,15,,flower=white
0671,Florges,8,common,0.008,32,55,Floral Meadow,,any,any,Night x0.25,grounded,,,structure:#the_bumblezone:sempiternal_sanctums,,,any,"flower=red, yellow, orange, blue, white, pink"
0672,Skiddo,1,common,9,10,35,Mountain,Volcanic,any,any,Night x0.25,grounded,Natural,,,8,15,,
0673,Gogoat,1,common,1,32,53,Mountain,Volcanic,any,any,Night x0.25,grounded,Natural,,,8,15,,
0676,Furfrou,1,common,2,22,47,Overworld,,any,any,,grounded,"Natural, Urban",,,8,15,,
0676,Furfrou,2,common,2,22,47,Overworld,,any,any,,grounded,Natural,structure:#minecraft:village,,8,15,,
0676,Furfrou,3,common,20,22,47,Overworld,,any,any,,grounded,"Natural, Mansion",,,8,15,,
0677,Espurr,1,common,1.8,11,36,Overworld,"Arid, Freezing",any,clear,Night x1.5,grounded,"Natural, Urban",,,8,15,,
0677,Espurr,2,common,1.8,11,36,Overworld,"Arid, Freezing",any,clear,Night x1.5,grounded,Natural,structure:#minecraft:village,,8,15,,
0677,Espurr,3,common,1.8,11,36,"Arid, Freezing",,any,any,Night x1.5,grounded,"Natural, Urban",,,8,15,,
0677,Espurr,4,common,1.8,11,36,"Arid, Freezing",,any,any,Night x1.5,grounded,Natural,structure:#minecraft:village,,8,15,,
0677,Espurr,5,common,9,11,36,Overworld,,any,any,,grounded,Mansion,,,,,FALSE,
0678,Meowstic,1,common,0.2,25,47,Overworld,"Arid, Freezing",any,clear,Night x1.5,grounded,"Natural, Urban",,,8,15,,
0678,Meowstic,2,common,0.2,25,47,Overworld,"Arid, Freezing",any,clear,Night x1.5,grounded,Natural,structure:#minecraft:village,,8,15,,
0678,Meowstic,3,common,0.2,25,47,"Arid, Freezing",,any,any,Night x1.5,grounded,"Natural, Urban",,,8,15,,
0678,Meowstic,4,common,0.2,25,47,"Arid, Freezing",,any,any,Night x1.5,grounded,Natural,structure:#minecraft:village,,8,15,,
0678,Meowstic,5,common,1,25,47,Overworld,,any,any,,grounded,Mansion,,,,,FALSE,
0679,Honedge,1,uncommon,84,8,33,Nether,,any,any,,grounded,"Natural, Nether_Structures",,,,,any,
0679,Honedge,2,uncommon,50.4,8,33,Overworld,,any,any,,grounded,,structure:#cobblemon:ruin,,8,15,,
0679,Honedge,3,uncommon,84,8,33,Overworld,,any,any,,grounded,Stronghold,,,0,7,,
0679,Honedge,4,uncommon,5.04,8,33,Aether,,any,any,,grounded,,structure:#aether:dungeons,,0,7,,
0680,Doublade,1,uncommon,15.2,35,45,Nether,,any,any,,grounded,"Natural, Nether_Structures",,,,,any,
0680,Doublade,2,uncommon,7.12,35,45,Overworld,,any,any,,grounded,,structure:#cobblemon:ruin,,8,15,,
0680,Doublade,3,uncommon,15.2,35,45,Overworld,,any,any,,grounded,Stronghold,,,0,7,,
0680,Doublade,4,uncommon,0.712,35,45,Aether,,any,any,,grounded,,structure:#aether:dungeons,,0,7,,
0681,Aegislash,1,uncommon,0.8,40,50,Nether,,any,any,,grounded,"Natural, Nether_Structures",,,,,any,
0681,Aegislash,2,uncommon,0.48,40,50,Overworld,,any,any,,grounded,,structure:#cobblemon:ruin,,8,15,,
0681,Aegislash,3,uncommon,0.8,40,50,Overworld,,any,any,,grounded,Stronghold,,,0,7,,
0681,Aegislash,4,uncommon,0.048,40,50,Aether,,any,any,,grounded,,structure:#aether:dungeons,,0,7,,
0682,Spritzee,1,uncommon,5.52,9,34,"Aether, Floral",,any,any,,grounded,Natural,,,8,15,,
0682,Spritzee,2,common,5.7,9,34,Overworld,,any,any,,grounded,Mansion_Bedrooms,,,,,FALSE,
0683,Aromatisse,1,uncommon,0.48,29,46,"Aether, Floral",,any,any,,grounded,Natural,,,8,15,,
0683,Aromatisse,2,common,0.3,29,46,Overworld,,any,any,,grounded,Mansion_Bedrooms,,,,,FALSE,
0684,Swirlix,1,common,9.5,9,34,"Aether, Overworld",,any,any,,grounded,,minecraft:cake,"#cobblemon:saccharine_trees, minecraft:sugar_cane",,,any,
0684,Swirlix,2,uncommon,5.52,9,34,"Aether, Overworld",,any,any,,grounded,Natural,minecraft:sugar_cane,"#cobblemon:saccharine_trees, minecraft:cake",8,15,,
0684,Swirlix,3,common,5.7,9,34,"Aether, Overworld",,any,any,,grounded,Natural,#cobblemon:saccharine_trees,"minecraft:cake, minecraft:sugar_cane",8,15,,
0684,Swirlix,4,common,5.7,9,34,Overworld,,any,any,,grounded,Mansion_Dining,,,,,FALSE,
0685,Slurpuff,1,common,0.5,29,48,"Aether, Overworld",,any,any,,grounded,,minecraft:cake,"#cobblemon:saccharine_trees, minecraft:sugar_cane",,,any,
0685,Slurpuff,2,uncommon,0.48,29,48,"Aether, Overworld",,any,any,,grounded,Natural,minecraft:sugar_cane,"#cobblemon:saccharine_trees, minecraft:cake",8,15,,
0685,Slurpuff,3,common,0.3,29,48,"Aether, Overworld",,any,any,,grounded,Natural,#cobblemon:saccharine_trees,"minecraft:cake, minecraft:sugar_cane",8,15,,
0685,Slurpuff,4,common,0.3,29,48,Overworld,,any,any,,grounded,Mansion_Dining,,,,,FALSE,
0686,Inkay,1,uncommon,1.68,4,29,"Coast, Ocean",,any,any,,grounded,"Natural, Wild",,,8,15,FALSE,
0686,Inkay,2,uncommon,1.68,4,29,"Coast, Ocean",,any,any,,grounded,Wild,,,,,TRUE,
0686,Inkay,3,uncommon,1.68,4,29,End,,any,any,,grounded,"Natural, Wild",,,,,any,
0686,Inkay,4,uncommon,5.04,4,29,Ocean,,any,any,,submerged,Water,,,,,TRUE,
0686,Inkay,5,uncommon,5.04,4,29,Ocean,,any,any,,submerged,Water,,,8,15,FALSE,
0686,Inkay,6,uncommon,8.4,4,29,Overworld,,any,any,,submerged,Water,"structure:cobblemon:shipwreck_coves/submerged_shipwreck_cove, minY = -60, maxY = 13",,,,FALSE,
0686,Inkay,7,uncommon,5.04,4,29,"Coast, Ocean",Beach,any,any,,fishing,,,minLureLevel = 1,,,TRUE,
0686,Inkay,8,common,1.8,4,29,"Coast, Ocean",Beach,any,any,Lure3 x3,fishing,,minLureLevel = 1,,,,TRUE,
0686,Inkay,9,uncommon,5.04,4,29,"Coast, Ocean",Beach,any,any,,fishing,,,minLureLevel = 1,8,15,FALSE,
0686,Inkay,10,common,1.8,4,29,"Coast, Ocean",Beach,any,any,Lure3 x3,fishing,,minLureLevel = 1,,8,15,FALSE,
0686,Inkay,11,uncommon,8.4,4,29,Overworld,,any,any,,fishing,,"structure:cobblemon:shipwreck_coves/submerged_shipwreck_cove, minY = -60, maxY = 13",minLureLevel = 1,,,FALSE,
0686,Inkay,12,common,5.4,4,29,Overworld,,any,any,Lure3 x3,fishing,,"minLureLevel = 1, structure:cobblemon:shipwreck_coves/submerged_shipwreck_cove, minY = -60, maxY = 13",,,,FALSE,
0687,Malamar,1,uncommon,0.32,30,48,"Coast, Ocean",,any,any,,grounded,"Natural, Wild",,,8,15,FALSE,
0687,Malamar,2,uncommon,0.32,30,48,"Coast, Ocean",,any,any,,grounded,Wild,,,,,TRUE,
0687,Malamar,3,uncommon,0.32,30,48,End,,any,any,,grounded,"Natural, Wild",,,,,any,
0687,Malamar,4,uncommon,0.96,30,48,Ocean,,any,any,,submerged,Water,,,,,TRUE,
0687,Malamar,5,uncommon,0.96,30,48,Ocean,,any,any,,submerged,Water,,,8,15,FALSE,
0687,Malamar,6,uncommon,1.6,30,48,Overworld,,any,any,,submerged,Water,"structure:cobblemon:shipwreck_coves/submerged_shipwreck_cove, minY = -60, maxY = 13",,,,FALSE,
0687,Malamar,7,uncommon,0.96,30,48,"Coast, Ocean",Beach,any,any,,fishing,,,minLureLevel = 1,,,TRUE,
0687,Malamar,8,common,0.2,30,48,"Coast, Ocean",Beach,any,any,Lure3 x3,fishing,,minLureLevel = 1,,,,TRUE,
0687,Malamar,9,uncommon,0.96,30,48,"Coast, Ocean",Beach,any,any,,fishing,,,minLureLevel = 1,8,15,FALSE,
0687,Malamar,10,common,0.2,30,48,"Coast, Ocean",Beach,any,any,Lure3 x3,fishing,,minLureLevel = 1,,8,15,FALSE,
0687,Malamar,11,uncommon,1.6,30,48,Overworld,,any,any,,fishing,,"structure:cobblemon:shipwreck_coves/submerged_shipwreck_cove, minY = -60, maxY = 13",minLureLevel = 1,,,FALSE,
0687,Malamar,12,common,0.6,30,48,Overworld,,any,any,Lure3 x3,fishing,,"minLureLevel = 1, structure:cobblemon:shipwreck_coves/submerged_shipwreck_cove, minY = -60, maxY = 13",,,,FALSE,
0688,Binacle,1,common,1.8,6,31,Coast,,any,any,,grounded,,,,,,any,
0688,Binacle,2,uncommon,8.4,6,31,Ocean,,any,any,,seafloor,Water,,,,,any,
0688,Binacle,3,uncommon,5.04,6,31,"Coast, Ocean",,any,any,,fishing,,,minLureLevel = 1,,,any,
0688,Binacle,4,common,1.8,6,31,"Coast, Ocean",,any,any,Lure3 x3,fishing,,minLureLevel = 1,,,,any,
0689,Barbaracle,1,common,0.2,39,50,Coast,,any,any,,grounded,,,,,,any,
0689,Barbaracle,2,uncommon,1.6,39,50,Ocean,,any,any,,seafloor,Water,,,,,any,
0689,Barbaracle,3,uncommon,0.96,39,50,"Coast, Ocean",,any,any,,fishing,,,minLureLevel = 1,,,any,
0689,Barbaracle,4,common,0.2,39,50,"Coast, Ocean",,any,any,Lure3 x3,fishing,,minLureLevel = 1,,,,any,
0690,Skrelp,1,common,1.8,7,32,Ocean,,any,any,,submerged,Water,minecraft:kelp_plant,,,,TRUE,
0690,Skrelp,2,common,1.8,7,32,"Coast, Ocean",,any,any,"Lure2 x3, Lure3 x5",fishing,,minecraft:kelp_plant,,,,TRUE,
0690,Skrelp,3,common,1.8,7,32,Ocean,,any,any,,submerged,Water,minecraft:kelp_plant,,8,15,FALSE,
0690,Skrelp,4,common,1.8,7,32,"Coast, Ocean",,any,any,"Lure2 x3, Lure3 x5",fishing,,minecraft:kelp_plant,,8,15,FALSE,
0690,Skrelp,5,common,1.8,7,32,Overworld,,any,any,,submerged,Water,"structure:cobblemon:shipwreck_coves/submerged_shipwreck_cove, minY = -60, maxY = 13",,,,FALSE,
0690,Skrelp,6,common,1.8,7,32,Overworld,,any,any,"Lure2 x3, Lure3 x5",fishing,,"structure:cobblemon:shipwreck_coves/submerged_shipwreck_cove, minY = -60, maxY = 13",,,,FALSE,
0691,Dragalge,1,common,0.2,48,49,Ocean,,any,any,,submerged,Water,minecraft:kelp_plant,,,,TRUE,
0691,Dragalge,2,common,0.2,48,49,"Coast, Ocean",,any,any,"Lure2 x3, Lure3 x5",fishing,,minecraft:kelp_plant,,,,TRUE,
0691,Dragalge,3,common,0.2,48,49,Ocean,,any,any,,submerged,Water,minecraft:kelp_plant,,8,15,FALSE,
0691,Dragalge,4,common,0.2,48,49,"Coast, Ocean",,any,any,"Lure2 x3, Lure3 x5",fishing,,minecraft:kelp_plant,,8,15,FALSE,
0691,Dragalge,5,common,0.2,48,49,Overworld,,any,any,,submerged,Water,"structure:cobblemon:shipwreck_coves/submerged_shipwreck_cove, minY = -60, maxY = 13",,,,FALSE,
0691,Dragalge,6,common,0.2,48,49,Overworld,,any,any,"Lure2 x3, Lure3 x5",fishing,,"structure:cobblemon:shipwreck_coves/submerged_shipwreck_cove, minY = -60, maxY = 13",,,,FALSE,
0692,Clauncher,1,common,1.8,8,33,Ocean,,any,any,,seafloor,Water,,,,,TRUE,
0692,Clauncher,2,common,1.8,8,33,"Coast, Ocean",,any,any,"Lure2 x3, Lure3 x5",fishing,,,,,,TRUE,
0692,Clauncher,3,common,1.8,8,33,"Coast, Ocean",,any,any,"Lure2 x3, Lure3 x5",fishing,,,,8,15,FALSE,
0693,Clawitzer,1,common,0.2,37,50,Ocean,,any,any,,submerged,Water,,,,,TRUE,
0693,Clawitzer,2,common,0.2,37,50,"Coast, Ocean",,any,any,"Lure2 x3, Lure3 x5",fishing,,,,,,TRUE,
0693,Clawitzer,3,common,0.2,37,50,Ocean,,any,any,,submerged,Water,,,8,15,FALSE,
0693,Clawitzer,4,common,0.2,37,50,"Coast, Ocean",,any,any,"Lure2 x3, Lure3 x5",fishing,,,,8,15,FALSE,
0696,Tyrunt,1,ultra-rare,6,11,36,Lush,,any,any,,grounded,Natural,,,0,7,,
0697,Tyrantrum,1,ultra-rare,4,39,52,Lush,,any,any,,grounded,Natural,,,0,7,,
0698,Amaura,1,ultra-rare,6,11,36,Lush,,any,any,,grounded,Natural,,,0,7,,
0699,Aurorus,1,ultra-rare,4,39,52,Lush,,any,any,,grounded,Natural,,,0,7,,
0700,Sylveon,1,ultra-rare,1.2,28,53,"Floral, Magical, Skyroot Grove, Skyroot Meadow",Spooky,any,any,,grounded,Natural,,,8,15,,
0700,Sylveon,2,uncommon,0.025,28,53,Overworld,,any,any,,grounded,"Natural, Urban",,,8,15,,
0700,Sylveon,3,uncommon,0.025,28,53,Overworld,,any,any,,grounded,Natural,structure:#minecraft:village,,8,15,,
0700,Sylveon,4,uncommon,0.125,28,53,Overworld,,any,any,,grounded,Mansion,,,,,FALSE,
0701,Hawlucha,1,uncommon,2,25,50,"Badlands, Jungle, Tropical Island",,any,any,Night x0.25,grounded,Natural,,,8,15,,
0701,Hawlucha,2,common,60,25,50,Overworld,,any,any,Night x0.25,grounded,"Natural, Jungle_Pyramid",,,8,15,,
0702,Dedenne,1,uncommon,10,18,43,"Savanna, Shrubland",,any,any,Storm x5,grounded,Natural,,,8,15,,
0703,Carbink,1,common,100,25,50,Overworld,Deep Dark,any,any,,grounded,Natural,#minecraft:diamond_ores,,0,7,,
0703,Carbink,2,uncommon,10,25,50,Nether Quartz,,any,any,,grounded,Natural,on minecraft:quartz_block,,,,any,
0703,Carbink,3,common,10,25,50,Crystal Canyon,,any,any,,grounded,,,structure:#the_bumblezone:sempiternal_sanctums,,,any,
0704,Goomy,1,rare,7.5,5,30,Swamp,,any,rain,,grounded,"Natural, Wild",,,8,15,,
0704,Goomy,2,ultra-rare,6,5,30,Swamp,,any,clear,,grounded,"Natural, Wild",,Slime Chunk,8,15,,
0704,Goomy,3,rare,7.5,5,30,Swamp,,any,clear,,grounded,"Natural, Wild",Slime Chunk,,8,15,,
0704,Goomy,4,ultra-rare,6,5,30,Swamp,,any,any,,fishing,,,Slime Chunk,8,15,,
0704,Goomy,5,rare,7.5,5,30,Swamp,,any,any,,fishing,,Slime Chunk,,8,15,,
0704,Goomy,6,ultra-rare,6,5,30,Overworld,"Arid, Coast, Ocean, Freezing, Swamp",any,any,,fishing,,Slime Chunk,,8,15,,
0704,Goomy,7,rare,7.5,5,30,"Dripstone, Lush",,any,any,,grounded,Natural,,,0,7,,region_bias=hisui
0704,Goomy,8,ultra-rare,6,5,30,Overworld,"Dripstone, Lush",any,any,,grounded,Natural,minecraft:water,Slime Chunk,0,7,,region_bias=hisui
0704,Goomy,9,rare,7.5,5,30,Overworld,"Dripstone, Lush",any,any,,grounded,Natural,Slime Chunk,,0,7,,region_bias=hisui
0704,Goomy,10,rare,7.5,5,30,"Dripstone, Lush",,any,any,,fishing,Natural,,minLureLevel = 2,0,7,,region_bias=hisui
0704,Goomy,11,common,1.8,5,30,"Dripstone, Lush",,any,any,Lure3 x3,fishing,Natural,minLureLevel = 2,,0,7,,region_bias=hisui
0704,Goomy,12,ultra-rare,6,5,30,Overworld,"Dripstone, Lush",any,any,,fishing,Natural,,"minLureLevel = 2, Slime Chunk",0,7,,region_bias=hisui
0704,Goomy,13,rare,7.5,5,30,Overworld,"Dripstone, Lush",any,any,,fishing,Natural,"minLureLevel = 2, maxLureLevel = 2",Slime Chunk,0,7,,region_bias=hisui
0704,Goomy,14,common,1.8,5,30,Overworld,"Dripstone, Lush",any,any,,fishing,Natural,minLureLevel = 3,Slime Chunk,0,7,,region_bias=hisui
0704,Goomy,15,rare,7.5,5,30,Overworld,"Dripstone, Lush",any,any,,fishing,Natural,Slime Chunk,minLureLevel = 2,0,7,,region_bias=hisui
0704,Goomy,16,common,1.8,5,30,Overworld,"Dripstone, Lush",any,any,Lure3 x3,fishing,Natural,"minLureLevel = 2, Slime Chunk",,0,7,,region_bias=hisui
0705,Sliggoo,1,rare,2.25,40,45,Swamp,,any,rain,,grounded,"Natural, Wild",,,8,15,,
0705,Sliggoo,2,ultra-rare,3.6,40,45,Swamp,,any,clear,,grounded,"Natural, Wild",,Slime Chunk,8,15,,
0705,Sliggoo,3,rare,2.25,40,45,Swamp,,any,clear,,grounded,"Natural, Wild",Slime Chunk,,8,15,,
0705,Sliggoo,4,ultra-rare,3.6,40,45,Swamp,,any,any,,fishing,,,Slime Chunk,8,15,,
0705,Sliggoo,5,rare,2.25,40,45,Swamp,,any,any,,fishing,,Slime Chunk,,8,15,,
0705,Sliggoo,6,ultra-rare,3.6,40,45,Overworld,"Arid, Coast, Ocean, Freezing, Swamp",any,any,,fishing,,Slime Chunk,,8,15,,
0705,Sliggoo [Hisuian],7,rare,2.25,40,45,"Dripstone, Lush",,any,any,,grounded,Natural,,,0,7,,
0705,Sliggoo [Hisuian],8,ultra-rare,3.6,40,45,Overworld,"Dripstone, Lush",any,any,,grounded,Natural,minecraft:water,Slime Chunk,0,7,,
0705,Sliggoo [Hisuian],9,rare,2.25,40,45,Overworld,"Dripstone, Lush",any,any,,grounded,Natural,Slime Chunk,,0,7,,
0705,Sliggoo [Hisuian],10,rare,2.25,40,45,"Dripstone, Lush",,any,any,,fishing,Natural,,minLureLevel = 2,0,7,,
0705,Sliggoo [Hisuian],11,common,0.18,40,45,"Dripstone, Lush",,any,any,Lure3 x3,fishing,Natural,minLureLevel = 2,,0,7,,
0705,Sliggoo [Hisuian],12,ultra-rare,3.6,40,45,Overworld,"Dripstone, Lush",any,any,,fishing,Natural,,"minLureLevel = 2, Slime Chunk",0,7,,
0705,Sliggoo [Hisuian],13,rare,2.25,40,45,Overworld,"Dripstone, Lush",any,any,,fishing,Natural,"minLureLevel = 2, maxLureLevel = 2",Slime Chunk,0,7,,
0705,Sliggoo [Hisuian],14,common,0.18,40,45,Overworld,"Dripstone, Lush",any,any,,fishing,Natural,minLureLevel = 3,Slime Chunk,0,7,,
0705,Sliggoo [Hisuian],15,rare,2.25,40,45,Overworld,"Dripstone, Lush",any,any,,fishing,Natural,Slime Chunk,minLureLevel = 2,0,7,,
0705,Sliggoo [Hisuian],16,common,0.18,40,45,Overworld,"Dripstone, Lush",any,any,Lure3 x3,fishing,Natural,"minLureLevel = 2, Slime Chunk",,0,7,,
0706,Goodra,1,rare,0.25,50,60,Swamp,,any,rain,,grounded,"Natural, Wild",,,8,15,,
0706,Goodra,2,ultra-rare,0.4,50,60,Swamp,,any,clear,,grounded,"Natural, Wild",,Slime Chunk,8,15,,
0706,Goodra,3,rare,0.25,50,60,Swamp,,any,clear,,grounded,"Natural, Wild",Slime Chunk,,8,15,,
0706,Goodra,4,ultra-rare,0.4,50,60,Swamp,,any,any,,fishing,,,Slime Chunk,8,15,,
0706,Goodra,5,rare,0.25,50,60,Swamp,,any,any,,fishing,,Slime Chunk,,8,15,,
0706,Goodra,6,ultra-rare,0.4,50,60,Overworld,"Arid, Coast, Ocean, Freezing, Swamp",any,any,,fishing,,Slime Chunk,,8,15,,
0706,Goodra [Hisuian],7,rare,0.25,50,60,"Dripstone, Lush",,any,any,,grounded,Natural,,,0,7,,
0706,Goodra [Hisuian],8,ultra-rare,0.4,50,60,Overworld,"Dripstone, Lush",any,any,,grounded,Natural,minecraft:water,Slime Chunk,0,7,,
0706,Goodra [Hisuian],9,rare,0.25,50,60,Overworld,"Dripstone, Lush",any,any,,grounded,Natural,Slime Chunk,,0,7,,
0706,Goodra [Hisuian],10,rare,0.25,50,60,"Dripstone, Lush",,any,any,,fishing,Natural,,minLureLevel = 2,0,7,,
0706,Goodra [Hisuian],11,common,0.02,50,60,"Dripstone, Lush",,any,any,Lure3 x3,fishing,Natural,minLureLevel = 2,,0,7,,
0706,Goodra [Hisuian],12,ultra-rare,0.4,50,60,Overworld,"Dripstone, Lush",any,any,,fishing,Natural,,"minLureLevel = 2, Slime Chunk",0,7,,
0706,Goodra [Hisuian],13,rare,0.25,50,60,Overworld,"Dripstone, Lush",any,any,,fishing,Natural,"minLureLevel = 2, maxLureLevel = 2",Slime Chunk,0,7,,
0706,Goodra [Hisuian],14,common,0.02,50,60,Overworld,"Dripstone, Lush",any,any,,fishing,Natural,minLureLevel = 3,Slime Chunk,0,7,,
0706,Goodra [Hisuian],15,rare,0.25,50,60,Overworld,"Dripstone, Lush",any,any,,fishing,Natural,Slime Chunk,minLureLevel = 2,0,7,,
0706,Goodra [Hisuian],16,common,0.02,50,60,Overworld,"Dripstone, Lush",any,any,Lure3 x3,fishing,Natural,"minLureLevel = 2, Slime Chunk",,0,7,,
0707,Klefki,1,uncommon,6,22,47,Overworld,,any,any,,grounded,"Natural, Urban",,,,,any,
0707,Klefki,2,uncommon,6,22,47,Overworld,,any,any,,grounded,Natural,structure:#minecraft:village,,,,any,
0707,Klefki,3,common,2,22,47,Overworld,,any,any,,grounded,Mansion,,,,,FALSE,
0708,Phantump,1,common,1.9,6,31,"Forest, Taiga",,night,any,,grounded,"Natural, Wild",,,8,15,,
0708,Phantump,2,common,9.5,6,31,Spooky,,night,any,,grounded,"Natural, Wild",,,8,15,,
0709,Trevenant,1,common,0.1,26,47,"Forest, Taiga",,night,any,,grounded,"Natural, Wild",,,8,15,,
0709,Trevenant,2,common,0.5,26,47,Spooky,,night,any,,grounded,"Natural, Wild",,,8,15,,
0710,Pumpkaboo,1,common,5.7,9,34,Overworld,,night,any,,grounded,Natural,"minecraft:pumpkin, minecraft:carved_pumpkin",,,,any,
0710,Pumpkaboo,2,uncommon,9.2,9,34,Nether Overgrowth,,any,any,,grounded,Natural,,,,,any,
0711,Gourgeist,1,common,0.3,29,49,Overworld,,night,any,,grounded,Natural,"minecraft:pumpkin, minecraft:carved_pumpkin",,,,any,
0711,Gourgeist,2,uncommon,0.8,29,49,Nether Overgrowth,,any,any,,grounded,Natural,,,,,any,
0712,Bergmite,1,common,9,5,30,Frozen Ocean,,any,any,,grounded,Natural,,,8,15,,
0712,Bergmite,2,common,9,5,30,Frozen Ocean,,any,any,,surface,Water,,,8,15,,
0712,Bergmite,3,common,9,5,30,Frozen Ocean,,any,any,Lure0/1 x0.6,fishing,,,,,,TRUE,
0712,Bergmite,4,common,9,5,30,Nether Frozen,,any,any,,grounded,Natural,,,,,any,
0712,Bergmite,5,common,9,5,30,Frozen Ocean,,any,any,Lure0/1 x0.6,fishing,,,,8,15,FALSE,
0713,Avalugg,1,common,1,37,51,Frozen Ocean,,any,any,,grounded,Natural,,,8,15,,
0713,Avalugg,2,common,1,37,51,Frozen Ocean,,any,any,,surface,Water,,,8,15,,
0713,Avalugg,3,common,1,37,51,Frozen Ocean,,any,any,Lure0/1 x0.6,fishing,,,,,,TRUE,
0713,Avalugg,4,common,1,37,51,Nether Frozen,,any,any,,grounded,Natural,,,,,any,
0713,Avalugg,5,common,1,37,51,Frozen Ocean,,any,any,Lure0/1 x0.6,fishing,,,,8,15,FALSE,
0714,Noibat,1,uncommon,8.4,1,25,"Aether, Deep Dark",,any,any,,grounded,Natural,,,0,7,,
0714,Noibat,2,rare,7.5,1,25,Overworld,Deep Dark,any,any,,grounded,,maxY = 0,,0,7,,
0715,Noivern,1,uncommon,1.6,48,54,"Aether, Deep Dark",,any,any,,grounded,Natural,,,0,7,,
0715,Noivern,2,rare,2.5,48,54,Overworld,Deep Dark,any,any,,grounded,,maxY = 0,,0,7,,
0722,Rowlet,1,ultra-rare,6,5,32,"Forest, Skyroot Forest, Skyroot Woodland, Taiga",Freezing,any,any,,grounded,"Natural, Treetop",,,8,15,,
0722,Rowlet,3,ultra-rare,6,5,32,"Snowy Forest, Snowy Taiga",,any,any,,grounded,"Natural, Treetop",,,8,15,,region_bias=hisui
0723,Dartrix,1,ultra-rare,3.6,17,42,"Forest, Skyroot Forest, Skyroot Woodland, Taiga",Freezing,any,any,,grounded,"Natural, Treetop",,,8,15,,
0723,Dartrix,3,ultra-rare,3.6,17,42,"Snowy Forest, Snowy Taiga",,any,any,,grounded,"Natural, Treetop",,,8,15,,region_bias=hisui
0724,Decidueye,1,ultra-rare,0.4,34,53,"Forest, Skyroot Forest, Skyroot Woodland, Taiga",Freezing,any,any,,grounded,"Natural, Treetop",,,8,15,,
0724,Decidueye [Hisuian],3,ultra-rare,0.4,34,53,"Snowy Forest, Snowy Taiga",,any,any,,grounded,"Natural, Treetop",,,8,15,,
0725,Litten,1,ultra-rare,6,5,32,Jungle,,any,clear,,grounded,Natural,,,8,15,,
0726,Torracat,1,ultra-rare,3.6,17,42,Jungle,,any,clear,,grounded,Natural,,,8,15,,
0727,Incineroar,1,ultra-rare,0.4,34,53,Jungle,,any,clear,,grounded,Natural,,,8,15,,
0728,Popplio,1,ultra-rare,6,5,32,Coast,,any,any,,grounded,Natural,,,8,15,,
0728,Popplio,2,ultra-rare,6,5,32,Coast,,any,any,,submerged,Water,,,,,TRUE,
0728,Popplio,3,ultra-rare,6,5,32,"Coast, Ocean, Tropical Island",Freezing,any,any,,fishing,,,,,,TRUE,
0728,Popplio,4,ultra-rare,6,5,32,Coast,,any,any,,submerged,Water,,,8,15,FALSE,
0728,Popplio,5,ultra-rare,6,5,32,"Coast, Ocean, Tropical Island",Freezing,any,any,,fishing,,,,8,15,FALSE,
0729,Brionne,1,ultra-rare,3.6,17,42,Coast,,any,any,,grounded,Natural,,,8,15,,
0729,Brionne,2,ultra-rare,3.6,17,42,Coast,,any,any,,submerged,Water,,,,,TRUE,
0729,Brionne,3,ultra-rare,3.6,17,42,"Coast, Ocean, Tropical Island",Freezing,any,any,,fishing,,,,,,TRUE,
0729,Brionne,4,ultra-rare,3.6,17,42,Coast,,any,any,,submerged,Water,,,8,15,FALSE,
0729,Brionne,5,ultra-rare,3.6,17,42,"Coast, Ocean, Tropical Island",Freezing,any,any,,fishing,,,,8,15,FALSE,
0730,Primarina,1,ultra-rare,0.4,34,53,Coast,,any,any,,grounded,Natural,,,8,15,,
0730,Primarina,2,ultra-rare,0.4,34,53,Coast,,any,any,,submerged,Water,,,,,TRUE,
0730,Primarina,3,ultra-rare,0.4,34,53,"Coast, Ocean, Tropical Island",Freezing,any,any,,fishing,,,,,,TRUE,
0730,Primarina,4,ultra-rare,0.4,34,53,Coast,,any,any,,submerged,Water,,,8,15,FALSE,
0730,Primarina,5,ultra-rare,0.4,34,53,"Coast, Ocean, Tropical Island",Freezing,any,any,,fishing,,,,8,15,FALSE,
0731,Pikipek,1,common,9,2,27,"Jungle, Sky, Tropical Island",Freezing,day,any,,grounded,,,,8,15,,
0732,Trumbeak,1,common,0.9,14,36,"Jungle, Sky, Tropical Island",Freezing,day,any,,grounded,,,,8,15,,
0733,Toucannon,1,common,0.1,28,49,"Jungle, Sky, Tropical Island",Freezing,day,any,,grounded,,,,8,15,,
0734,Yungoos,1,common,5.4,1,25,Plains,,any,any,Night x0.25,grounded,"Natural, Wild",,,8,15,,
0735,Gumshoos,1,common,0.6,20,42,Plains,,any,any,Night x0.25,grounded,"Natural, Wild",,,8,15,,
0739,Crabrawler,1,common,6,9,34,Coast,,any,any,,grounded,Natural,,,8,15,,
0740,Crabominable,1,uncommon,2,29,48,Peak,Volcanic,any,any,,grounded,Natural,,,8,15,,
0742,Cutiefly,1,common,9,5,30,Floral,,day,clear,,grounded,Natural,,#cobblemon:saccharine_trees,8,15,,
0742,Cutiefly,2,common,1.8,5,30,"Aether, Overworld",Floral,day,clear,,grounded,Natural,"#cobblemon:flowers, #cobblemon:saccharine_trees",,8,15,,
0742,Cutiefly,3,common,42,5,30,"Floral Meadow, Pollinated Fields",,any,any,,grounded,,,structure:#the_bumblezone:sempiternal_sanctums,,,any,
0743,Ribombee,1,common,1,25,46,Floral,,day,clear,,grounded,Natural,,#cobblemon:saccharine_trees,8,15,,
0743,Ribombee,2,common,0.2,25,46,"Aether, Overworld",Floral,day,clear,,grounded,Natural,"#cobblemon:flowers, #cobblemon:saccharine_trees",,8,15,,
0743,Ribombee,3,common,18,25,46,"Floral Meadow, Pollinated Fields",,any,any,,grounded,,,structure:#the_bumblezone:sempiternal_sanctums,,,any,
0746,Wishiwashi,1,common,10,1,18,Ocean,,any,any,,submerged,Water,,,,,TRUE,
0746,Wishiwashi,2,common,10,1,18,"Coast, Ocean",,any,any,,fishing,,,,,,TRUE,
0746,Wishiwashi,3,common,10,1,18,Ocean,,any,any,,submerged,Water,,,8,15,FALSE,
0746,Wishiwashi,4,common,10,1,18,"Coast, Ocean",,any,any,,fishing,,,,8,15,FALSE,
0747,Mareanie,1,uncommon,5.04,6,31,Coast,Freezing,any,any,,grounded,,,,8,15,,
0747,Mareanie,2,common,1.8,6,31,"Coast, Warm Ocean",Freezing,any,any,,seafloor,Water,,,,,TRUE,
0747,Mareanie,3,uncommon,8.4,6,31,Warm Ocean,,any,any,,fishing,,,minLureLevel = 1,,,TRUE,
0747,Mareanie,4,common,10,6,31,Warm Ocean,,any,any,Lure1/2 x0.6,fishing,,minLureLevel = 1,,,,TRUE,
0747,Mareanie,5,uncommon,8.4,6,31,Warm Ocean,,any,any,,fishing,,,minLureLevel = 1,8,15,FALSE,
0747,Mareanie,6,common,10,6,31,Warm Ocean,,any,any,Lure1/2 x0.6,fishing,,minLureLevel = 1,,8,15,FALSE,
0748,Toxapex,1,uncommon,0.96,38,50,Coast,Freezing,any,any,,grounded,,,,8,15,,
0748,Toxapex,2,common,0.2,38,50,"Coast, Warm Ocean",Freezing,any,any,,seafloor,Water,,,,,TRUE,
0748,Toxapex,3,uncommon,1.6,38,50,Warm Ocean,,any,any,,fishing,,,minLureLevel = 1,,,TRUE,
0748,Toxapex,4,common,1,38,50,Warm Ocean,,any,any,Lure1/2 x0.6,fishing,,minLureLevel = 1,,,,TRUE,
0748,Toxapex,5,uncommon,1.6,38,50,Warm Ocean,,any,any,,fishing,,,minLureLevel = 1,8,15,FALSE,
0748,Toxapex,6,common,1,38,50,Warm Ocean,,any,any,Lure1/2 x0.6,fishing,,minLureLevel = 1,,8,15,FALSE,
0749,Mudbray,1,common,1.8,14,39,"Badlands, Grassland",,any,any,Night x0.25,grounded,Natural,,,8,15,,
0750,Mudsdale,1,common,0.2,30,50,"Badlands, Grassland",,any,any,Night x0.25,grounded,Natural,,,8,15,,
0751,Dewpider,1,uncommon,8.4,2,27,Freshwater,Freezing,any,any,,grounded,,,,8,15,,
0751,Dewpider,2,common,1.8,2,27,Freshwater,Freezing,any,any,,seafloor,Water,,,,,TRUE,
0751,Dewpider,3,uncommon,5.04,2,27,"Forest, Freshwater, Grassland, Jungle",Freezing,any,any,,fishing,,,minLureLevel = 1,,,TRUE,
0751,Dewpider,4,common,1.8,2,27,"Forest, Freshwater, Grassland, Jungle",Freezing,any,any,Lure3 x3,fishing,,minLureLevel = 1,,,,TRUE,
0751,Dewpider,5,uncommon,5.04,2,27,"Forest, Freshwater, Grassland, Jungle",Freezing,any,any,,fishing,,,minLureLevel = 1,8,15,FALSE,
0751,Dewpider,6,common,1.8,2,27,"Forest, Freshwater, Grassland, Jungle",Freezing,any,any,Lure3 x3,fishing,,minLureLevel = 1,,8,15,FALSE,
0752,Araquanid,1,uncommon,1.6,22,45,Freshwater,Freezing,any,any,,grounded,,,,8,15,,
0752,Araquanid,2,common,0.2,22,45,Freshwater,Freezing,any,any,,seafloor,Water,,,,,TRUE,
0752,Araquanid,3,uncommon,0.96,22,45,"Forest, Freshwater, Grassland, Jungle",Freezing,any,any,,fishing,,,minLureLevel = 1,,,TRUE,
0752,Araquanid,4,common,0.2,22,45,"Forest, Freshwater, Grassland, Jungle",Freezing,any,any,Lure3 x3,fishing,,minLureLevel = 1,,,,TRUE,
0752,Araquanid,5,uncommon,0.96,22,45,"Forest, Freshwater, Grassland, Jungle",Freezing,any,any,,fishing,,,minLureLevel = 1,8,15,FALSE,
0752,Araquanid,6,common,0.2,22,45,"Forest, Freshwater, Grassland, Jungle",Freezing,any,any,Lure3 x3,fishing,,minLureLevel = 1,,8,15,FALSE,
0753,Fomantis,1,common,9,1,25,Floral,,any,any,Day x0.25,grounded,"Natural, Wild",,,8,15,,
0753,Fomantis,2,common,5.4,1,25,"Jungle, Tropical Island",,any,any,Day x0.25,grounded,"Natural, Wild",,,8,15,,
0753,Fomantis,3,common,9,1,25,Floral Meadow,,any,any,,grounded,,,structure:#the_bumblezone:sempiternal_sanctums,,,any,
0754,Lurantis,1,common,1,34,48,Floral,,any,any,Day x0.25,grounded,"Natural, Wild",,,8,15,,
0754,Lurantis,2,common,0.6,34,48,"Jungle, Tropical Island",,any,any,Day x0.25,grounded,"Natural, Wild",,,8,15,,
0754,Lurantis,3,common,1,34,48,Floral Meadow,,any,any,,grounded,,,structure:#the_bumblezone:sempiternal_sanctums,,,any,
0755,Morelull,1,common,1.8,4,29,"Aether, Jungle, Magical, Mushroom",,any,any,,grounded,Natural,maxLight = 7,,,,any,
0755,Morelull,2,common,1.8,4,29,Lush,,any,any,,grounded,Natural,,"structure:cobblemon:shipwreck_coves/lush_shipwreck_cove, minY = -41, maxY = 9",0,7,,
0755,Morelull,3,common,9,4,29,Nether Fungus,,any,any,,grounded,Natural,,,,,any,
0755,Morelull,4,common,1.8,4,29,Overworld,Lush,any,any,,grounded,Natural,"structure:cobblemon:shipwreck_coves/lush_shipwreck_cove, minY = -41, maxY = 9",,0,7,,
0756,Shiinotic,1,common,0.2,24,41,"Aether, Jungle, Magical, Mushroom",,any,any,,grounded,Natural,maxLight = 7,,,,any,
0756,Shiinotic,2,common,0.2,24,41,Lush,,any,any,,grounded,Natural,,"structure:cobblemon:shipwreck_coves/lush_shipwreck_cove, minY = -41, maxY = 9",0,7,,
0756,Shiinotic,3,common,1,24,41,Nether Fungus,,any,any,,grounded,Natural,,,,,any,
0756,Shiinotic,4,common,0.2,24,41,Overworld,Lush,any,any,,grounded,Natural,"structure:cobblemon:shipwreck_coves/lush_shipwreck_cove, minY = -41, maxY = 9",,0,7,,
0757,Salandit,1,common,9.9,7,32,Volcanic,,any,any,,grounded,Natural,,,,,any,
0757,Salandit,2,common,9.9,7,32,"Badlands, Mountain",Volcanic,any,any,,grounded,Natural,minecraft:lava,,0,7,,
0757,Salandit,3,common,9.9,7,32,Nether Basalt,,any,any,,grounded,Natural,,,,,any,
0757,Salandit,4,common,5.94,7,32,Nether Desert,,any,any,,grounded,Natural,,,,,any,
0758,Salazzle,1,common,0.1,33,48,Volcanic,,any,any,,grounded,Natural,,,,,any,
0758,Salazzle,2,common,0.1,33,48,"Badlands, Mountain",Volcanic,any,any,,grounded,Natural,minecraft:lava,,0,7,,
0758,Salazzle,3,common,0.1,33,48,Nether Basalt,,any,any,,grounded,Natural,,,,,any,
0758,Salazzle,4,common,0.06,33,48,Nether Desert,,any,any,,grounded,Natural,,,,,any,
0759,Stufful,1,common,9,9,34,Bamboo,,any,any,,grounded,Natural,,,8,15,,
0760,Bewear,1,common,1,27,50,Bamboo,,any,any,,grounded,Natural,,,8,15,,
0761,Bounsweet,1,common,1.8,1,21,"Jungle, Tropical Island",,any,any,,grounded,"Natural, Treetop",,,8,15,,
0762,Steenee,1,common,0.18,18,29,"Jungle, Tropical Island",,any,any,,grounded,Natural,,,8,15,,
0763,Tsareena,1,common,0.02,28,51,"Jungle, Tropical Island",,any,any,,grounded,Natural,,,8,15,,
0764,Comfey,1,uncommon,10,24,49,"Floral, Tropical Island",,any,clear,,grounded,Natural,,,8,15,,
0764,Comfey,2,rare,10,24,49,"Aether, Overworld",,any,clear,,grounded,Natural,#cobblemon:flowers,,8,15,,
0764,Comfey,3,uncommon,2,24,49,Floral Meadow,,any,clear,,grounded,,,structure:#the_bumblezone:sempiternal_sanctums,,,any,
0767,Wimpod,1,uncommon,8.4,1,23,Coast,,any,any,,grounded,"Natural, Wild",,,8,15,,
0767,Wimpod,2,uncommon,8.4,1,23,Tropical Island,,any,any,,grounded,"Natural, Wild",minecraft:water,,8,15,,
0767,Wimpod,3,uncommon,5.04,1,23,Overworld,Deep Dark,any,any,,grounded,Natural,"minecraft:water, maxY = 0",,0,7,,
0767,Wimpod,4,uncommon,5.04,1,23,Overworld,Deep Dark,any,any,,seafloor,Water,maxY = 0,,0,7,,
0767,Wimpod,5,uncommon,8.4,1,23,"Coast, Tropical Island",,any,any,,fishing,,,minLureLevel = 1,,,TRUE,
0767,Wimpod,6,common,9,1,23,"Coast, Tropical Island",,any,any,Lure1/2 x0.6,fishing,,minLureLevel = 1,,,,TRUE,
0767,Wimpod,7,common,9,1,23,Overworld,Deep Dark,any,any,Lure0/1 x0.6,fishing,,,,0,7,,
0767,Wimpod,8,uncommon,8.4,1,23,"Coast, Tropical Island",,any,any,,fishing,,,minLureLevel = 1,8,15,FALSE,
0767,Wimpod,9,common,9,1,23,"Coast, Tropical Island",,any,any,Lure1/2 x0.6,fishing,,minLureLevel = 1,,8,15,FALSE,
0768,Golisopod,1,uncommon,1.6,30,53,Coast,,any,any,,grounded,"Natural, Wild",,,8,15,,
0768,Golisopod,2,uncommon,1.6,30,53,Tropical Island,,any,any,,grounded,"Natural, Wild",minecraft:water,,8,15,,
0768,Golisopod,3,uncommon,0.96,30,53,Overworld,Deep Dark,any,any,,grounded,Natural,"minecraft:water, maxY = 0",,0,7,,
0768,Golisopod,4,uncommon,0.96,30,53,Overworld,Deep Dark,any,any,,seafloor,Water,maxY = 0,,0,7,,
0768,Golisopod,5,uncommon,1.6,30,53,"Coast, Tropical Island",,any,any,,fishing,,,minLureLevel = 1,,,TRUE,
0768,Golisopod,6,common,1,30,53,"Coast, Tropical Island",,any,any,Lure1/2 x0.6,fishing,,minLureLevel = 1,,,,TRUE,
0768,Golisopod,7,common,1,30,53,Overworld,Deep Dark,any,any,Lure0/1 x0.6,fishing,,,,0,7,,
0768,Golisopod,8,uncommon,1.6,30,53,"Coast, Tropical Island",,any,any,,fishing,,,minLureLevel = 1,8,15,FALSE,
0768,Golisopod,9,common,1,30,53,"Coast, Tropical Island",,any,any,Lure1/2 x0.6,fishing,,minLureLevel = 1,,8,15,FALSE,
0769,Sandygast,1,common,1.8,7,32,Beach,Freezing,any,any,Night x1.5,grounded,,"on #minecraft:sand, on #c:sand",,8,15,,
0770,Palossand,1,common,0.2,42,48,Beach,Freezing,any,any,Night x1.5,grounded,,"on #minecraft:sand, on #c:sand",,8,15,,
0771,Pyukumuku,1,uncommon,6,16,41,Beach,,any,any,,grounded,Natural,,,8,15,,
0771,Pyukumuku,2,common,2,16,41,Ocean,"Frozen Ocean, Warm Ocean",any,any,,seafloor,Water,minY = 48,,,,TRUE,
0771,Pyukumuku,3,common,10,16,41,Warm Ocean,,any,any,,seafloor,Water,,,,,TRUE,
0771,Pyukumuku,4,common,2,16,41,"Beach, Ocean","Frozen Ocean, Warm Ocean",any,any,"Lure2 x3, Lure3 x5",fishing,,,,,,TRUE,
0771,Pyukumuku,5,common,10,16,41,Warm Ocean,,any,any,,fishing,,,,,,TRUE,
0771,Pyukumuku,6,common,2,16,41,"Beach, Ocean","Frozen Ocean, Warm Ocean",any,any,"Lure2 x3, Lure3 x5",fishing,,,,8,15,FALSE,
0771,Pyukumuku,7,common,10,16,41,Warm Ocean,,any,any,,fishing,,,,8,15,FALSE,
0775,Komala,1,common,6,23,48,"Skyroot Forest, Skyroot Woodland, Savanna",,any,any,,grounded,"Natural, Foliage, Treetop, Wild",,,8,15,,
0776,Turtonator,1,uncommon,10,24,49,Nether Basalt,,any,any,,grounded,"Natural, Wild",,,,,any,
0776,Turtonator,2,,,24,49,Thermal,,any,clear,,grounded,"Natural, Wild",,,8,15,,
0776,Turtonator,3,,,24,49,Thermal,,any,any,,grounded,Natural,,,0,7,,
0776,Turtonator,4,,,24,49,Volcanic,,any,clear,,grounded,"Natural, Wild",,,8,15,,
0776,Turtonator,5,,,24,49,Volcanic,,any,any,,grounded,Natural,,,0,7,,
0777,Togedemaru,1,uncommon,10,19,44,Hills,,any,any,Storm x5,grounded,"Natural, Wild",,,8,15,,
0778,Mimikyu,1,rare,10,23,48,Spooky,,any,any,,grounded,Natural,,,8,15,,
0778,Mimikyu,2,uncommon,10,23,48,Overworld,,any,any,,grounded,Mansion,,,,,FALSE,
0779,Bruxish,1,uncommon,10,23,48,Warm Ocean,,any,any,,submerged,Water,,,,,TRUE,
0779,Bruxish,2,uncommon,10,23,48,Warm Ocean,,any,any,,fishing,,,minLureLevel = 1,,,TRUE,
0779,Bruxish,3,common,10,23,48,Warm Ocean,,any,any,Lure1/2 x0.6,fishing,,minLureLevel = 1,,,,TRUE,
0779,Bruxish,4,uncommon,10,23,48,Warm Ocean,,any,any,,submerged,Water,,,8,15,FALSE,
0779,Bruxish,5,uncommon,10,23,48,Warm Ocean,,any,any,,fishing,,,minLureLevel = 1,8,15,FALSE,
0779,Bruxish,6,common,10,23,48,Warm Ocean,,any,any,Lure1/2 x0.6,fishing,,minLureLevel = 1,,8,15,FALSE,
0780,Drampa,1,uncommon,10,24,49,Peak,,any,any,,grounded,"Natural, Wild",minY = 190,,8,15,,
0780,Drampa,2,uncommon,10,24,49,Sky,,any,any,,grounded,"Natural, Wild",minY = 190,,8,15,,
0781,Dhelmise,1,common,10,27,52,Ocean,,any,any,,submerged,Water,structure:#minecraft:shipwreck,,,,TRUE,
0781,Dhelmise,2,common,10,27,52,Ocean,,any,any,,fishing,,structure:#minecraft:shipwreck,,,,TRUE,
0781,Dhelmise,3,rare,6,27,52,Ocean,,any,any,,fishing,,,,,,TRUE,
0781,Dhelmise,4,common,10,27,52,Ocean,,any,any,,submerged,Water,structure:#minecraft:shipwreck,,8,15,FALSE,
0781,Dhelmise,5,common,10,27,52,Ocean,,any,any,,fishing,,structure:#minecraft:shipwreck,,8,15,FALSE,
0781,Dhelmise,7,rare,6,27,52,Ocean,,any,any,,fishing,,,,8,15,FALSE,
0781,Dhelmise,8,common,20,27,52,Ocean,,any,any,,submerged,Water,"structure:#cobblemon:shipwreck_cove, minY = -60, maxY = 13",,,,any,
0781,Dhelmise,9,common,20,27,52,Ocean,,any,any,,fishing,,"structure:#cobblemon:shipwreck_cove, minY = -60, maxY = 13",,,,any,
0782,Jangmo-o,1,ultra-rare,6,5,30,Jungle,,any,any,,grounded,"Natural, Wild",minY = 0,,,,any,
0782,Jangmo-o,2,rare,7.5,5,30,Tropical Island,,any,any,,grounded,"Natural, Wild",minY = 0,,,,any,
0783,Hakamo-o,1,ultra-rare,3.6,35,42,Jungle,,any,any,,grounded,"Natural, Wild",minY = 0,,,,any,
0783,Hakamo-o,2,rare,2.25,35,42,Tropical Island,,any,any,,grounded,"Natural, Wild",minY = 0,,,,any,
0784,Kommo-o,1,ultra-rare,0.4,45,60,Jungle,,any,any,,grounded,"Natural, Wild",minY = 0,,,,any,
0784,Kommo-o,2,rare,0.25,45,60,Tropical Island,,any,any,,grounded,"Natural, Wild",minY = 0,,,,any,
0810,Grookey,1,ultra-rare,6,5,31,"Jungle, Tropical Island",,any,any,,grounded,"Natural, Treetop",,,8,15,,
0811,Thwackey,1,ultra-rare,3.6,16,42,"Jungle, Tropical Island",,any,any,,grounded,"Natural, Treetop",,,8,15,,
0812,Rillaboom,1,ultra-rare,0.4,35,53,"Jungle, Tropical Island",,any,any,,grounded,"Natural, Treetop",,,8,15,,
0813,Scorbunny,1,ultra-rare,6,5,31,"Grassland, Skyroot Grove, Skyroot Meadow, Tundra",,any,any,,grounded,Natural,,,8,15,,
0814,Raboot,1,ultra-rare,3.6,16,42,"Grassland, Skyroot Grove, Skyroot Meadow, Tundra",,any,any,,grounded,Natural,,,8,15,,
0815,Cinderace,1,ultra-rare,0.4,35,53,"Grassland, Skyroot Grove, Skyroot Meadow, Tundra",,any,any,,grounded,Natural,,,8,15,,
0816,Sobble,1,ultra-rare,6,5,31,Swamp,,any,any,,grounded,Natural,,,8,15,,
0816,Sobble,2,ultra-rare,6,5,31,Jungle,,any,any,,grounded,Natural,minecraft:water,,8,15,,
0816,Sobble,3,ultra-rare,6,5,31,"Jungle, Swamp",,any,any,,submerged,Water,,,,,TRUE,
0816,Sobble,4,ultra-rare,6,5,31,"Forest, Jungle, Swamp",,any,any,,fishing,,,,,,TRUE,
0817,Drizzile,1,ultra-rare,3.6,16,42,Swamp,,any,any,,grounded,Natural,,,8,15,,
0817,Drizzile,2,ultra-rare,3.6,16,42,Jungle,,any,any,,grounded,Natural,minecraft:water,,8,15,,
0817,Drizzile,3,ultra-rare,3.6,16,42,"Jungle, Swamp",,any,any,,submerged,Water,,,,,TRUE,
0817,Drizzile,4,ultra-rare,3.6,16,42,"Forest, Jungle, Swamp",,any,any,,fishing,,,,,,TRUE,
0818,Inteleon,1,ultra-rare,0.4,35,53,Swamp,,any,any,,grounded,Natural,,,8,15,,
0818,Inteleon,2,ultra-rare,0.4,35,53,Jungle,,any,any,,grounded,Natural,minecraft:water,,8,15,,
0818,Inteleon,3,ultra-rare,0.4,35,53,"Jungle, Swamp",,any,any,,submerged,Water,,,,,TRUE,
0818,Inteleon,4,ultra-rare,0.4,35,53,"Forest, Jungle, Swamp",,any,any,,fishing,,,,,,TRUE,
0819,Skwovet,1,common,9,3,28,"Forest, Taiga",,any,any,,grounded,"Natural, Treetop",,,8,15,,
0820,Greedent,1,common,1,24,46,"Forest, Taiga",,any,any,,grounded,"Natural, Treetop",,,8,15,,
0821,Rookidee,1,common,9,1,25,"Hills, Sky, Spooky, Taiga",Arid,day,any,,grounded,"Natural, Treetop",,,8,15,,
0822,Corvisquire,1,common,0.9,18,37,"Hills, Sky, Spooky, Taiga",Arid,day,any,,grounded,"Natural, Treetop",,,8,15,,
0823,Corviknight,1,common,0.1,38,50,"Hills, Sky, Spooky, Taiga",Arid,day,any,,grounded,"Natural, Treetop",,,8,15,,
0827,Nickit,1,common,1.8,1,25,"Forest, Taiga",,night,any,,grounded,Natural,,,8,15,,
0827,Nickit,2,uncommon,8.4,1,25,Plains,,night,any,,grounded,Natural,,,8,15,,
0828,Thievul,1,common,0.2,18,46,"Forest, Taiga",,night,any,,grounded,Natural,,,8,15,,
0828,Thievul,2,uncommon,1.6,18,46,Plains,,night,any,,grounded,Natural,,,8,15,,
0829,Gossifleur,1,common,9,1,25,Floral,,any,clear,Night x0.25,grounded,Natural,,,8,15,,
0829,Gossifleur,2,common,9,1,25,"Skyroot Grove, Skyroot Meadow",,any,any,,grounded,Natural,,,8,15,,
0829,Gossifleur,3,common,9,1,25,Floral Meadow,,any,clear,Night x0.25,grounded,,,structure:#the_bumblezone:sempiternal_sanctums,,,any,
0830,Eldegoss,1,common,1,20,46,Floral,,any,clear,Night x0.25,grounded,Natural,,,8,15,,
0830,Eldegoss,2,common,1,20,46,"Skyroot Grove, Skyroot Meadow",,any,any,,grounded,Natural,,,8,15,,
0830,Eldegoss,3,common,1,20,46,Floral Meadow,,any,clear,Night x0.25,grounded,,,structure:#the_bumblezone:sempiternal_sanctums,,,any,
0831,Wooloo,1,common,9,2,27,"Mountain, Plains",Volcanic,any,any,Night x0.25,grounded,Natural,,,8,15,,
0831,Wooloo,2,common,9,2,27,"Skyroot Grove, Skyroot Meadow",,any,any,,grounded,Natural,,,8,15,,
0832,Dubwool,1,common,1,24,49,"Mountain, Plains",Volcanic,any,any,Night x0.25,grounded,Natural,,,8,15,,
0832,Dubwool,2,common,1,24,49,"Skyroot Grove, Skyroot Meadow",,any,any,,grounded,Natural,,,8,15,,
0833,Chewtle,1,common,5.4,3,28,Freshwater,Freezing,any,any,,grounded,Natural,,,8,15,,
0833,Chewtle,2,common,5.4,3,28,Freshwater,Freezing,any,any,,seafloor,Water,,,,,TRUE,
0833,Chewtle,3,common,9,3,28,"Arid, Freshwater, Hills, Jungle, Temperate",Freezing,any,any,Lure0/1 x0.6,fishing,,,,,,TRUE,
0833,Chewtle,4,common,9,3,28,"Arid, Freshwater, Hills, Jungle, Temperate",Freezing,any,any,Lure0/1 x0.6,fishing,,,,8,15,FALSE,
0834,Drednaw,1,common,0.6,22,49,Freshwater,Freezing,any,any,,grounded,Natural,,,8,15,,
0834,Drednaw,2,common,0.6,22,49,Freshwater,Freezing,any,any,,seafloor,Water,,,,,TRUE,
0834,Drednaw,3,common,1,22,49,"Arid, Freshwater, Hills, Jungle, Temperate",Freezing,any,any,Lure0/1 x0.6,fishing,,,,,,TRUE,
0834,Drednaw,4,common,1,22,49,"Arid, Freshwater, Hills, Jungle, Temperate",Freezing,any,any,Lure0/1 x0.6,fishing,,,,8,15,FALSE,
0835,Yamper,1,common,5.4,2,27,Overworld,Freezing,any,any,Storm x5,grounded,"Natural, Urban",,,8,15,,
0835,Yamper,2,common,5.4,2,27,Overworld,Freezing,any,any,Storm x5,grounded,Natural,structure:#minecraft:village,,8,15,,
0836,Boltund,1,common,0.6,25,49,Overworld,Freezing,any,any,Storm x5,grounded,"Natural, Urban",,,8,15,,
0836,Boltund,2,common,0.6,25,49,Overworld,Freezing,any,any,Storm x5,grounded,Natural,structure:#minecraft:village,,8,15,,
0843,Silicobra,1,common,9,7,32,Desert,,any,any,,grounded,"Natural, Wild",,,8,15,,
0844,Sandaconda,1,common,1,36,51,Desert,,any,any,,grounded,"Natural, Wild",,,8,15,,
0845,Cramorant,1,uncommon,10,23,48,"Coast, Island, Sky",Freezing,any,any,Night x0.25,grounded,,,,8,15,,
0845,Cramorant,2,uncommon,10,23,48,"Coast, Island, Sky",Freezing,day,any,,surface,Water,,,8,15,,
0845,Cramorant,4,uncommon,6,23,48,"Coast, Ocean",Freezing,day,any,,fishing,,,minLureLevel = 1,8,15,,
0845,Cramorant,5,common,2,23,48,"Coast, Ocean",Freezing,day,any,Lure3 x3,fishing,,minLureLevel = 1,,8,15,,
0845,Cramorant,6,uncommon,10,23,48,Aether,,any,any,,grounded,,minecraft:water,,8,15,,
0845,Cramorant,7,uncommon,10,23,48,Aether,,any,any,,surface,Water,,,8,15,,
0845,Cramorant,8,uncommon,6,23,48,Aether,,any,any,,fishing,,,minLureLevel = 1,8,15,,
0845,Cramorant,9,common,2,23,48,Aether,,any,any,Lure3 x3,fishing,,minLureLevel = 1,,8,15,,
0846,Arrokuda,1,common,5.4,3,28,"Ocean, Swamp",Freezing,any,any,,submerged,Water,,,,,TRUE,
0846,Arrokuda,2,common,9,3,28,"Aether, Coast, Ocean, Swamp",Freezing,any,any,Lure0/1 x0.6,fishing,,,,,,TRUE,
0846,Arrokuda,3,common,5.4,3,28,"Ocean, Swamp",Freezing,any,any,,submerged,Water,,,8,15,FALSE,
0846,Arrokuda,4,common,9,3,28,"Aether, Coast, Ocean, Swamp",Freezing,any,any,Lure0/1 x0.6,fishing,,,,8,15,FALSE,
0847,Barraskewda,1,common,0.6,26,49,"Ocean, Swamp",Freezing,any,any,,submerged,Water,,,,,TRUE,
0847,Barraskewda,2,common,1,26,49,"Aether, Coast, Ocean, Swamp",Freezing,any,any,Lure0/1 x0.6,fishing,,,,,,TRUE,
0847,Barraskewda,3,common,0.6,26,49,"Ocean, Swamp",Freezing,any,any,,submerged,Water,,,8,15,FALSE,
0847,Barraskewda,4,common,1,26,49,"Aether, Coast, Ocean, Swamp",Freezing,any,any,Lure0/1 x0.6,fishing,,,,8,15,FALSE,
0848,Toxel,1,uncommon,1.68,1,24,Overworld,,any,any,,grounded,Natural,,,0,7,,
0848,Toxel,2,common,1.8,1,24,Overworld,,any,any,Night x1.5,grounded,"Natural, Urban",,,8,15,,
0849,Toxtricity,1,uncommon,0.32,30,50,Overworld,,any,any,,grounded,Natural,,,0,7,,
0849,Toxtricity,2,common,0.2,30,50,Overworld,,any,any,Night x1.5,grounded,"Natural, Urban",,,8,15,,
0850,Sizzlipede,1,common,5.4,6,31,"Badlands, Volcanic",,any,any,,grounded,"Natural, Wild",,,8,15,,
0850,Sizzlipede,2,common,5.4,6,31,Nether Basalt,,any,any,,grounded,"Natural, Wild",,,,,any,
0850,Sizzlipede,3,common,9,6,31,Nether Wasteland,,any,any,,grounded,"Natural, Wild",,,,,any,
0851,Centiskorch,1,common,0.6,28,53,"Badlands, Volcanic",,any,any,,grounded,"Natural, Wild",,,8,15,,
0851,Centiskorch,2,common,0.6,28,53,Nether Basalt,,any,any,,grounded,"Natural, Wild",,,,,any,
0851,Centiskorch,3,common,1,28,53,Nether Wasteland,,any,any,,grounded,"Natural, Wild",,,,,any,
0852,Clobbopus,1,uncommon,1.68,6,31,Coast,,,,,grounded,"Natural, Wild",,,8,15,,
0852,Clobbopus,2,uncommon,5.04,6,31,Ocean,Frozen Ocean,,,,seafloor,Water,,,,,TRUE,
0852,Clobbopus,3,uncommon,5.04,6,31,Overworld,,,,,seafloor,Water,"structure:cobblemon:shipwreck_coves/submerged_shipwreck_cove, minY = -60, maxY = 13",,,,FALSE,
0852,Clobbopus,4,uncommon,5.04,6,31,Overworld,,,,,fishing,,"structure:cobblemon:shipwreck_coves/submerged_shipwreck_cove, minY = -60, maxY = 13",minLureLevel = 1,,,FALSE,
0852,Clobbopus,5,common,1.8,6,31,Overworld,,,,Lure3 x3,fishing,,"minLureLevel = 1, structure:cobblemon:shipwreck_coves/submerged_shipwreck_cove, minY = -60, maxY = 13",,,,FALSE,
0852,Clobbopus,6,uncommon,5.04,6,31,"Coast, Ocean, Tropical Island",Freezing,,,,fishing,,,minLureLevel = 1,,,TRUE,
0852,Clobbopus,7,common,1.8,6,31,"Coast, Ocean, Tropical Island",Freezing,,,Lure3 x3,fishing,,minLureLevel = 1,,,,TRUE,
0852,Clobbopus,8,uncommon,5.04,6,31,"Coast, Ocean, Tropical Island",Freezing,,,,fishing,,,minLureLevel = 1,8,15,FALSE,
0852,Clobbopus,9,common,1.8,6,31,"Coast, Ocean, Tropical Island",Freezing,,,Lure3 x3,fishing,,minLureLevel = 1,,8,15,FALSE,
0853,Grapploct,1,uncommon,0.32,35,48,Coast,,,,,grounded,"Natural, Wild",,,8,15,,
0853,Grapploct,2,uncommon,0.96,35,48,Ocean,Frozen Ocean,,,,seafloor,Water,,,,,TRUE,
0853,Grapploct,3,uncommon,0.96,35,48,Overworld,,,,,seafloor,Water,"structure:cobblemon:shipwreck_coves/submerged_shipwreck_cove, minY = -60, maxY = 13",,,,FALSE,
0853,Grapploct,4,uncommon,0.96,35,48,Overworld,,,,,fishing,,"structure:cobblemon:shipwreck_coves/submerged_shipwreck_cove, minY = -60, maxY = 13",minLureLevel = 1,,,FALSE,
0853,Grapploct,5,common,0.2,35,48,Overworld,,,,Lure3 x3,fishing,,"minLureLevel = 1, structure:cobblemon:shipwreck_coves/submerged_shipwreck_cove, minY = -60, maxY = 13",,,,FALSE,
0853,Grapploct,6,uncommon,0.96,35,48,"Coast, Ocean, Tropical Island",Freezing,,,,fishing,,,minLureLevel = 1,,,TRUE,
0853,Grapploct,7,common,0.2,35,48,"Coast, Ocean, Tropical Island",Freezing,,,Lure3 x3,fishing,,minLureLevel = 1,,,,TRUE,
0853,Grapploct,8,uncommon,0.96,35,48,"Coast, Ocean, Tropical Island",Freezing,,,,fishing,,,minLureLevel = 1,8,15,FALSE,
0853,Grapploct,9,common,0.2,35,48,"Coast, Ocean, Tropical Island",Freezing,,,Lure3 x3,fishing,,minLureLevel = 1,,8,15,FALSE,
0854,Sinistea,1,uncommon,9.108,6,31,"Floral, Magical, Mountain, Plains, Snowy, Spooky, Taiga, Tundra","Arid, Bamboo, Cherry Blossom, Island, Jungle, Ocean, Swamp, Thermal, Volcanic",day,any,,grounded,,"structure:#minecraft:village, minY = 62",,,,FALSE,tea_authenticity=phony
0854,Sinistea,2,uncommon,0.092,6,31,"Floral, Magical, Mountain, Plains, Snowy, Spooky, Taiga, Tundra","Arid, Bamboo, Cherry Blossom, Island, Jungle, Ocean, Swamp, Thermal, Volcanic",day,any,,grounded,,"structure:#minecraft:village, minY = 62",,,,FALSE,tea_authenticity=antique
0854,Sinistea,3,uncommon,9.108,6,31,"Floral, Magical, Mountain, Plains, Snowy, Spooky, Taiga, Tundra","Arid, Bamboo, Cherry Blossom, Island, Jungle, Ocean, Swamp, Thermal, Volcanic",night,any,,grounded,,"structure:#minecraft:village, minY = 62",,,,any,tea_authenticity=phony
0854,Sinistea,4,uncommon,0.092,6,31,"Floral, Magical, Mountain, Plains, Snowy, Spooky, Taiga, Tundra","Arid, Bamboo, Cherry Blossom, Island, Jungle, Ocean, Swamp, Thermal, Volcanic",night,any,,grounded,,"structure:#minecraft:village, minY = 62",,,,any,tea_authenticity=antique
0854,Sinistea,5,common,9.405,6,31,Overworld,,any,any,,grounded,Mansion_Dining,,,,,FALSE,tea_authenticity=phony
0854,Sinistea,6,common,0.095,6,31,Overworld,,any,any,,grounded,Mansion_Dining,,,,,FALSE,tea_authenticity=antique
0855,Polteageist,1,uncommon,0.792,26,51,"Floral, Magical, Mountain, Plains, Snowy, Spooky, Taiga, Tundra","Arid, Bamboo, Cherry Blossom, Island, Jungle, Ocean, Swamp, Thermal, Volcanic",day,any,,grounded,,"structure:#minecraft:village, minY = 62",,,,FALSE,tea_authenticity=phony
0855,Polteageist,2,uncommon,0.008,26,51,"Floral, Magical, Mountain, Plains, Snowy, Spooky, Taiga, Tundra","Arid, Bamboo, Cherry Blossom, Island, Jungle, Ocean, Swamp, Thermal, Volcanic",day,any,,grounded,,"structure:#minecraft:village, minY = 62",,,,FALSE,tea_authenticity=antique
0855,Polteageist,3,uncommon,0.792,26,51,"Floral, Magical, Mountain, Plains, Snowy, Spooky, Taiga, Tundra","Arid, Bamboo, Cherry Blossom, Island, Jungle, Ocean, Swamp, Thermal, Volcanic",night,any,,grounded,,"structure:#minecraft:village, minY = 62",,,,any,tea_authenticity=phony
0855,Polteageist,4,uncommon,0.008,26,51,"Floral, Magical, Mountain, Plains, Snowy, Spooky, Taiga, Tundra","Arid, Bamboo, Cherry Blossom, Island, Jungle, Ocean, Swamp, Thermal, Volcanic",night,any,,grounded,,"structure:#minecraft:village, minY = 62",,,,any,tea_authenticity=antique
0855,Polteageist,5,common,0.495,26,51,Overworld,,any,any,,grounded,Mansion_Dining,,,,,FALSE,tea_authenticity=phony
0855,Polteageist,6,common,0.005,26,51,Overworld,,any,any,,grounded,Mansion_Dining,,,,,FALSE,tea_authenticity=antique
0856,Hatenna,1,uncommon,8.4,2,27,"Magical, Skyroot Forest, Skyroot Woodland",,any,any,,grounded,"Natural, Wild",,,8,15,,
0856,Hatenna,2,common,1.8,2,27,Overworld,,any,any,,grounded,,structure:minecraft:swamp_hut,,8,15,,
0856,Hatenna,3,common,1.8,2,27,Overworld,,any,any,,grounded,Mansion,,,,,FALSE,
0857,Hattrem,1,uncommon,1.44,32,37,"Magical, Skyroot Forest, Skyroot Woodland",,any,any,,grounded,"Natural, Wild",,,8,15,,
0857,Hattrem,2,common,0.18,32,37,Overworld,,any,any,,grounded,,structure:minecraft:swamp_hut,,8,15,,
0857,Hattrem,3,common,0.18,32,37,Overworld,,any,any,,grounded,Mansion,,,,,FALSE,
0858,Hatterene,1,uncommon,0.16,42,51,"Magical, Skyroot Forest, Skyroot Woodland",,any,any,,grounded,"Natural, Wild",,,8,15,,
0858,Hatterene,2,common,0.02,42,51,Overworld,,any,any,,grounded,,structure:minecraft:swamp_hut,,8,15,,
0858,Hatterene,3,common,0.02,42,51,Overworld,,any,any,,grounded,Mansion,,,,,FALSE,
0859,Impidimp,1,common,5.4,2,27,Magical,,any,any,Night x1.5,grounded,"Natural, Wild",,,8,15,,
0859,Impidimp,2,common,5.4,2,27,"Nether Forest, Nether Warped",Nether Desert,any,any,,grounded,"Natural, Wild",,,,,any,
0860,Morgrem,1,common,0.54,32,37,Magical,,any,any,Night x1.5,grounded,"Natural, Wild",,,8,15,,
0860,Morgrem,2,common,0.54,32,37,"Nether Forest, Nether Warped",Nether Desert,any,any,,grounded,"Natural, Wild",,,,,any,
0861,Grimmsnarl,1,common,0.06,42,51,Magical,,any,any,Night x1.5,grounded,"Natural, Wild",,,8,15,,
0861,Grimmsnarl,2,common,0.06,42,51,"Nether Forest, Nether Warped",Nether Desert,any,any,,grounded,"Natural, Wild",,,,,any,
0862,Obstagoon,1,common,0.1,35,52,Taiga,,any,any,Night x1.5,grounded,"Natural, Wild",,,8,15,,
0863,Perrserker,1,common,1,28,44,"Freezing, Taiga",,any,any,Night x1.5,grounded,"Natural, Urban",,,8,15,,
0863,Perrserker,2,common,1,28,44,"Freezing, Taiga",,any,any,Night x1.5,grounded,Natural,structure:#minecraft:village,,8,15,,
0864,Cursola,1,uncommon,0.32,38,51,Beach,,any,any,,grounded,Natural,,,,,any,
0864,Cursola,2,common,1,38,51,Overworld,,any,any,,grounded,Natural,#cobblemon:dead_coral,,,,any,
0864,Cursola,3,common,1,38,51,Overworld,,any,any,,seafloor,,#cobblemon:dead_coral,,,,any,
0864,Cursola,4,uncommon,0.96,38,51,Nether Quartz,,any,any,,grounded,Natural,on minecraft:quartz_block,,,,any,
0864,Cursola,5,common,1,38,51,Warped Desert,,any,any,,grounded,Natural,,,,,any,
0864,Cursola,6,uncommon,0.32,38,51,"Beach, Warm Ocean",,any,any,,fishing,,,minLureLevel = 1,,,TRUE,
0864,Cursola,7,common,0.2,38,51,"Beach, Warm Ocean",,any,any,Lure3 x3,fishing,,minLureLevel = 1,,,,TRUE,
0864,Cursola,8,uncommon,0.32,38,51,"Beach, Warm Ocean",,any,any,,fishing,,,minLureLevel = 1,8,15,FALSE,
0864,Cursola,9,common,0.2,38,51,"Beach, Warm Ocean",,any,any,Lure3 x3,fishing,,minLureLevel = 1,,8,15,FALSE,
0865,Sirfetch'd,1,rare,1.25,33,51,Forest,,any,any,Night x0.25,grounded,"Natural, Wild",,minecraft:water,8,15,,
0866,Mr. Rime,1,uncommon,0.032,42,52,Freezing,,any,any,,grounded,"Natural, Urban",,,8,15,,
0866,Mr. Rime,2,uncommon,0.032,42,52,Freezing,,any,any,,grounded,Natural,structure:#minecraft:village,,8,15,,
0868,Milcery,1,common,9.5,2,27,"Aether, Overworld",,any,any,,grounded,,minecraft:cake,"minecraft:sugar_cane, #cobblemon:saccharine_trees",,,any,
0868,Milcery,2,common,1.9,2,27,"Aether, Overworld",,any,any,,grounded,Natural,#cobblemon:saccharine_trees,"minecraft:cake, minecraft:sugar_cane",8,15,,
0868,Milcery,3,uncommon,1.84,2,27,"Aether, Overworld",,any,any,,grounded,Natural,minecraft:sugar_cane,"minecraft:cake, #cobblemon:saccharine_trees",8,15,,
0868,Milcery,4,common,1.9,2,27,Overworld,,any,any,,grounded,Mansion_Dining,,,,,FALSE,
0869,Alcremie,1,common,0.5,22,50,"Aether, Overworld",,any,any,,grounded,,minecraft:cake,"minecraft:sugar_cane, #cobblemon:saccharine_trees",,,any,
0869,Alcremie,2,common,0.1,22,50,"Aether, Overworld",,any,any,,grounded,Natural,#cobblemon:saccharine_trees,"minecraft:cake, minecraft:sugar_cane",8,15,,
0869,Alcremie,3,uncommon,0.16,22,50,"Aether, Overworld",,any,any,,grounded,Natural,minecraft:sugar_cane,"minecraft:cake, #cobblemon:saccharine_trees",8,15,,
0869,Alcremie,4,common,0.1,22,50,Overworld,,any,any,,grounded,Mansion_Dining,,,,,FALSE,
0870,Falinks,1,uncommon,2,22,47,Badlands,,any,any,Night x0.25,grounded,Natural,,,8,15,,
0870,Falinks,2,uncommon,100,22,47,Nether,,any,any,,grounded,"Natural, Nether_Structures",,,,,any,
0871,Pincurchin,1,uncommon,10,19,44,"Coast, Ocean",,any,any,,seafloor,Water,"minecraft:kelp_plant, minecraft:seagrass",,,,TRUE,
0871,Pincurchin,2,uncommon,6,19,44,"Coast, Ocean",,any,any,,fishing,,,minLureLevel = 1,,,TRUE,
0871,Pincurchin,3,common,2,19,44,"Coast, Ocean",,any,any,Lure3 x3,fishing,,minLureLevel = 1,,,,TRUE,
0871,Pincurchin,4,uncommon,6,19,44,"Coast, Ocean",,any,any,,fishing,,,minLureLevel = 1,8,15,FALSE,
0871,Pincurchin,5,common,2,19,44,"Coast, Ocean",,any,any,Lure3 x3,fishing,,minLureLevel = 1,,8,15,FALSE,
0871,Pincurchin,6,uncommon,10,19,44,Overworld,,any,any,,seafloor,Water,"structure:cobblemon:shipwreck_coves/submerged_shipwreck_cove, minY = -60, maxY = 13",,,,FALSE,
0871,Pincurchin,7,uncommon,6,19,44,Overworld,,any,any,,fishing,,"structure:cobblemon:shipwreck_coves/submerged_shipwreck_cove, minY = -60, maxY = 13",minLureLevel = 1,,,FALSE,
0871,Pincurchin,8,common,2,19,44,Overworld,,any,any,Lure3 x3,fishing,,"minLureLevel = 1, structure:cobblemon:shipwreck_coves/submerged_shipwreck_cove, minY = -60, maxY = 13",,,,FALSE,
0874,Stonjourner,1,rare,2,22,47,Plains,,any,any,,grounded,"Natural, Wild",,"structure:cobblemon:ruins/stonjourner_henge_ruins, timeRange = dusk",8,15,,
0874,Stonjourner,2,uncommon,10,22,47,Plains,,dusk,any,,grounded,"Natural, Wild",,structure:cobblemon:ruins/stonjourner_henge_ruins,8,15,,
0874,Stonjourner,3,common,20,22,47,Overworld,,any,any,Dusk x5,grounded,Natural,structure:cobblemon:ruins/stonjourner_henge_ruins,,8,15,,
0875,Eiscue,1,common,6,22,47,Frozen Ocean,,any,any,,grounded,Natural,,,8,15,,
0875,Eiscue,2,common,2,22,47,Frozen Ocean,,any,any,,surface,Water,,,8,15,,
0875,Eiscue,3,common,2,22,47,"Frozen Ocean, Glacial, Tundra",,any,any,"Lure2 x3, Lure3 x5",fishing,,,,8,15,,
0877,Morpeko,1,uncommon,10,19,44,Overworld,,any,any,Storm x5,grounded,Natural,#cobblemon:berries,,8,15,,
0878,Cufant,1,uncommon,5.04,8,33,"Badlands, Hills, Savanna",Freezing,any,any,Night x0.25,grounded,"Natural, Wild",,,8,15,,
0879,Copperajah,1,uncommon,0.96,34,50,"Badlands, Hills, Savanna",Freezing,any,any,Night x0.25,grounded,"Natural, Wild",,,8,15,,
0885,Dreepy,1,ultra-rare,3.6,2,27,"Coast, Ocean",Freezing,any,any,Dusk x5,grounded,Natural,,,8,15,FALSE,
0885,Dreepy,2,ultra-rare,3.6,2,27,"Coast, Ocean",Freezing,any,any,Dusk x5,grounded,,,,,,TRUE,
0885,Dreepy,3,ultra-rare,3.6,2,27,"Coast, Ocean",Freezing,dusk,any,,surface,Water,,,8,15,,
0885,Dreepy,4,ultra-rare,3.6,2,27,"Coast, Ocean",Freezing,any,any,Dusk x5,fishing,,,,,,TRUE,
0885,Dreepy,5,ultra-rare,3.6,2,27,"Coast, Ocean",Freezing,any,any,Dusk x5,fishing,,,,8,15,FALSE,
0886,Drakloak,1,ultra-rare,2.16,50,55,"Coast, Ocean",Freezing,any,any,Dusk x5,grounded,Natural,,,8,15,FALSE,
0886,Drakloak,2,ultra-rare,2.16,50,55,"Coast, Ocean",Freezing,any,any,Dusk x5,grounded,,,,,,TRUE,
0886,Drakloak,3,ultra-rare,2.16,50,55,"Coast, Ocean",Freezing,dusk,any,,surface,Water,,,8,15,,
0886,Drakloak,4,ultra-rare,2.16,50,55,"Coast, Ocean",Freezing,any,any,Dusk x5,fishing,,,,,,TRUE,
0886,Drakloak,5,ultra-rare,2.16,50,55,"Coast, Ocean",Freezing,any,any,Dusk x5,fishing,,,,8,15,FALSE,
0887,Dragapult,1,ultra-rare,0.24,60,65,"Coast, Ocean",Freezing,any,any,Dusk x5,grounded,Natural,,,8,15,FALSE,
0887,Dragapult,2,ultra-rare,0.24,60,65,"Coast, Ocean",Freezing,any,any,Dusk x5,grounded,,,,,,TRUE,
0887,Dragapult,3,ultra-rare,0.24,60,65,"Coast, Ocean",Freezing,dusk,any,,surface,Water,,,8,15,,
0887,Dragapult,4,ultra-rare,0.24,60,65,"Coast, Ocean",Freezing,any,any,Dusk x5,fishing,,,,,,TRUE,
0887,Dragapult,5,ultra-rare,0.24,60,65,"Coast, Ocean",Freezing,any,any,Dusk x5,fishing,,,,8,15,FALSE,
0899,Wyrdeer,1,common,0.6,42,53,"Snowy Forest, Snowy Taiga, Tundra",,any,any,Night x0.25,grounded,"Natural, Wild",,,8,15,,
0900,Kleavor,1,rare,0.25,45,50,"Forest, Hills","Freezing, Spooky",day,any,,grounded,"Natural, Wild",,,8,15,,
0900,Kleavor,2,rare,0.25,45,50,"Skyroot Forest, Skyroot Woodland",,any,any,,grounded,Natural,,,8,15,,
0901,Ursaluna,1,common,0.01,45,55,"Forest, Mountain, Skyroot Forest, Skyroot Woodland, Taiga",Volcanic,any,any,,grounded,"Natural, Wild",minY = 48,#cobblemon:saccharine_trees,,,any,
0901,Ursaluna,2,common,0.03,45,55,"Aether, Overworld",,any,any,,grounded,"Natural, Wild",#cobblemon:saccharine_trees,,8,15,,
0901,Ursaluna,3,common,0.01,45,55,"Crystal Canyon, Floral Meadow",,any,any,,grounded,,,structure:#the_bumblezone:sempiternal_sanctums,,,any,
0902,Basculegion,1,common,0.2,41,53,Freshwater,,any,any,,submerged,Water,"moonPhase = 0, 4",,,,TRUE,
0902,Basculegion,2,common,0.2,41,53,"Arid, Forest, Freshwater, Grassland, Jungle, Mountain, Snowy Forest, Taiga, Tundra",,any,any,,fishing,,"moonPhase = 0, 4",,,,TRUE,
0902,Basculegion,3,common,0.2,41,53,Freshwater,,any,any,,submerged,Water,"moonPhase = 0, 4",,8,15,FALSE,
0902,Basculegion,4,common,0.2,41,53,"Arid, Forest, Freshwater, Grassland, Jungle, Mountain, Snowy Forest, Taiga, Tundra",,any,any,,fishing,,"moonPhase = 0, 4",,8,15,FALSE,
0903,Sneasler,1,uncommon,0.8,38,51,Mountain,"Arid, Taiga, Volcanic",any,any,Night x0.25,grounded,"Natural, Wild",,,8,15,,
0904,Overqwil,1,uncommon,1.6,39,51,Cold Ocean,,any,any,,submerged,Water,,structure:minecraft:monument,,,TRUE,
0904,Overqwil,2,common,6,39,51,"Cold Ocean, Frozen Ocean",,any,any,,submerged,"Water, Ocean_Monument",,,,,TRUE,
0904,Overqwil,3,uncommon,1.6,39,51,Cold Ocean,,any,any,,fishing,,,"minLureLevel = 1, structure:minecraft:monument",,,TRUE,
0904,Overqwil,4,common,1,39,51,Cold Ocean,,any,any,Lure1/2 x0.6,fishing,,minLureLevel = 1,structure:minecraft:monument,,,TRUE,
0904,Overqwil,5,common,6,39,51,"Cold Ocean, Frozen Ocean",,any,any,Lure0/1 x0.6,fishing,,structure:minecraft:monument,,,,TRUE,
0904,Overqwil,6,uncommon,1.6,39,51,Cold Ocean,,any,any,,submerged,Water,,structure:minecraft:monument,8,15,FALSE,
0904,Overqwil,7,common,6,39,51,"Cold Ocean, Frozen Ocean",,any,any,,submerged,"Water, Ocean_Monument",,,8,15,FALSE,
0904,Overqwil,8,uncommon,1.6,39,51,Cold Ocean,,any,any,,fishing,,,"minLureLevel = 1, structure:minecraft:monument",8,15,FALSE,
0904,Overqwil,9,common,1,39,51,Cold Ocean,,any,any,Lure1/2 x0.6,fishing,,minLureLevel = 1,structure:minecraft:monument,8,15,FALSE,
0904,Overqwil,10,common,6,39,51,"Cold Ocean, Frozen Ocean",,any,any,Lure0/1 x0.6,fishing,,structure:minecraft:monument,,8,15,FALSE,
0904,Overqwil,11,uncommon,1.6,39,51,Cold,,any,any,,submerged,Water,"structure:cobblemon:shipwreck_coves/submerged_shipwreck_cove, minY = -60, maxY = 13",,,,FALSE,
0904,Overqwil,12,uncommon,1.6,39,51,Cold,,any,any,,fishing,,"structure:cobblemon:shipwreck_coves/submerged_shipwreck_cove, minY = -60, maxY = 13",minLureLevel = 1,,,FALSE,
0904,Overqwil,13,common,1,39,51,Cold,,any,any,Lure1/2 x0.6,fishing,,"minLureLevel = 1, structure:cobblemon:shipwreck_coves/submerged_shipwreck_cove, minY = -60, maxY = 13",,,,FALSE,
0906,Sprigatito,1,ultra-rare,6,5,31,"Floral, Magical",,any,any,,grounded,Natural,,,8,15,,
0907,Floragato,1,ultra-rare,3.6,16,41,"Floral, Magical",,any,any,,grounded,Natural,,,8,15,,
0908,Meowscarada,1,ultra-rare,0.4,36,53,"Floral, Magical",,any,any,,grounded,Natural,,,8,15,,
0909,Fuecoco,1,ultra-rare,6,5,31,Badlands,,any,any,,grounded,Natural,,,8,15,,
0909,Fuecoco,2,ultra-rare,6,5,31,Nether Wasteland,,any,any,,grounded,Natural,,,,,any,
0910,Crocalor,1,ultra-rare,3.6,16,41,Badlands,,any,any,,grounded,Natural,,,8,15,,
0910,Crocalor,2,ultra-rare,3.6,16,41,Nether Wasteland,,any,any,,grounded,Natural,,,,,any,
0911,Skeledirge,1,ultra-rare,0.4,36,53,Badlands,,any,any,,grounded,Natural,,,8,15,,
0911,Skeledirge,2,ultra-rare,0.4,36,53,Nether Wasteland,,any,any,,grounded,Natural,,,,,any,
0912,Quaxly,1,ultra-rare,6,5,31,"Forest, Grassland, River",Freezing,any,any,,grounded,Natural,minecraft:water,,8,15,,
0912,Quaxly,2,ultra-rare,6,5,31,"Forest, Grassland, River",Freezing,any,any,,submerged,,,,8,15,,
0912,Quaxly,3,ultra-rare,6,5,31,"Forest, Freshwater, Grassland, Jungle",Freezing,any,any,,fishing,,,,8,15,,
0913,Quaxwell,1,ultra-rare,3.6,16,41,"Forest, Grassland, River",Freezing,any,any,,grounded,Natural,minecraft:water,,8,15,,
0913,Quaxwell,2,ultra-rare,3.6,16,41,"Forest, Grassland, River",Freezing,any,any,,submerged,,,,8,15,,
0913,Quaxwell,3,ultra-rare,3.6,16,41,"Forest, Freshwater, Grassland, Jungle",Freezing,any,any,,fishing,,,,8,15,,
0914,Quaquaval,1,ultra-rare,0.4,36,53,"Forest, Grassland, River",Freezing,any,any,,grounded,Natural,minecraft:water,,8,15,,
0914,Quaquaval,2,ultra-rare,0.4,36,53,"Forest, Grassland, River",Freezing,any,any,,submerged,,,,8,15,,
0914,Quaquaval,3,ultra-rare,0.4,36,53,"Forest, Freshwater, Grassland, Jungle",Freezing,any,any,,fishing,,,,8,15,,
0915,Lechonk,1,common,9,1,25,"Mushroom, Temperate",Mushroom Fields,any,any,Night x0.25,grounded,Natural,,,8,15,,
0915,Lechonk,2,common,1.8,1,25,Swamp,,any,any,Night x0.25,grounded,Natural,,,8,15,,
0915,Lechonk,3,common,9,1,25,"Nether Crimson, Nether Fungus, Nether Overgrowth",Nether Warped,any,any,,grounded,Natural,,,,,any,
0916,Oinkologne,1,common,1,18,49,"Mushroom, Temperate",Mushroom Fields,any,any,Night x0.25,grounded,Natural,,,8,15,,
0916,Oinkologne,2,common,0.2,18,49,Swamp,,any,any,Night x0.25,grounded,Natural,,,8,15,,
0916,Oinkologne,3,common,1,18,49,"Nether Crimson, Nether Fungus, Nether Overgrowth",Nether Warped,any,any,,grounded,Natural,,,,,any,
0917,Tarountula,1,common,9,1,21,"Forest, Spooky, Swamp",Freezing,any,any,Day x0.25,grounded,Natural,,,8,15,,
0918,Spidops,1,common,1,15,40,"Forest, Spooky, Swamp",Freezing,any,any,Day x0.25,grounded,Natural,,,8,15,,
0924,Tandemaus,1,common,1.8,6,31,Temperate,,any,any,Day x0.25,grounded,"Natural, Wild",,,8,15,,
0924,Tandemaus,2,common,5.4,6,31,Overworld,"Freezing, Sandy",any,any,Day x0.25,grounded,"Natural, Urban",,,8,15,,
0924,Tandemaus,3,common,5.4,6,31,Overworld,"Freezing, Sandy",any,any,Day x0.25,grounded,Natural,structure:#minecraft:village,,8,15,,
0924,Tandemaus,4,common,9,6,31,Overworld,,any,any,,grounded,Mansion,,,,,FALSE,
0924,Tandemaus,5,common,1.8,6,31,Aether,,any,any,,grounded,Natural,,,8,15,,
0925,Maushold,1,common,0.198,25,47,Temperate,,any,any,Day x0.25,grounded,"Natural, Wild",,,8,15,,maushold_family=four
0925,Maushold,2,common,0.002,25,47,Temperate,,any,any,Day x0.25,grounded,"Natural, Wild",,,8,15,,maushold_family=three
0925,Maushold,3,common,0.594,25,47,Overworld,"Freezing, Sandy",any,any,Day x0.25,grounded,"Natural, Urban",,,8,15,,maushold_family=four
0925,Maushold,4,common,0.006,25,47,Overworld,"Freezing, Sandy",any,any,Day x0.25,grounded,"Natural, Urban",,,8,15,,maushold_family=three
0925,Maushold,5,common,0.594,25,47,Overworld,"Freezing, Sandy",any,any,Day x0.25,grounded,Natural,structure:#minecraft:village,,8,15,,maushold_family=four
0925,Maushold,6,common,0.006,25,47,Overworld,"Freezing, Sandy",any,any,Day x0.25,grounded,Natural,structure:#minecraft:village,,8,15,,maushold_family=three
0925,Maushold,7,common,0.99,25,47,Overworld,,any,any,,grounded,Mansion,,,,,FALSE,maushold_family=four
0925,Maushold,8,common,0.01,25,47,Overworld,,any,any,,grounded,Mansion,,,,,FALSE,maushold_family=three
0925,Maushold,9,common,0.198,25,47,Aether,,any,any,,grounded,Natural,,,8,15,,maushold_family=four
0925,Maushold,10,common,0.002,25,47,Aether,,any,any,,grounded,Natural,,,8,15,,maushold_family=three
0926,Fidough,1,common,9,6,31,Overworld,,any,any,,grounded,"Natural, Urban",,,8,15,,
0926,Fidough,2,common,9,6,31,Overworld,,any,any,,grounded,Natural,structure:#minecraft:village,,8,15,,
0927,Dachsbun,1,common,1,26,48,Overworld,,any,any,,grounded,"Natural, Urban",,,8,15,,
0927,Dachsbun,2,common,1,26,48,Overworld,,any,any,,grounded,Natural,structure:#minecraft:village,,8,15,,
0928,Smoliv,1,uncommon,8.4,1,26,Savanna,,any,any,Night x0.25,grounded,Natural,,,8,15,,
0929,Dolliv,1,uncommon,1.44,25,35,Savanna,,any,any,Night x0.25,grounded,Natural,,,8,15,,
0930,Arboliva,1,uncommon,0.16,35,51,Savanna,,any,any,Night x0.25,grounded,Natural,,,8,15,,
0931,Squawkabilly,1,common,2,17,42,"Jungle, Savanna, Tropical Island",,day,any,,grounded,"Natural, Treetop",,,8,15,,
0931,Squawkabilly,2,common,6,17,42,Overworld,"Freezing, Sandy",day,clear,,grounded,"Urban, Natural, Treetop",,,8,15,,
0931,Squawkabilly,3,common,6,17,42,Overworld,"Freezing, Sandy",day,clear,,grounded,"Natural, Treetop",structure:#minecraft:village,,8,15,,
0931,Squawkabilly,4,common,10,17,42,Sky,,day,any,,grounded,"Natural, Treetop",,,8,15,,
0932,Nacli,1,common,5.4,3,28,Badlands,,any,any,,grounded,"Natural, Wild",,,8,15,,
0932,Nacli,2,common,9,3,28,,,any,any,,grounded,"Salt, Natural, Wild",,,,,any,
0932,Nacli,3,common,9,3,28,Nether Quartz,,any,any,,grounded,,,,,,any,
0933,Naclstack,1,common,0.54,24,36,Badlands,,any,any,,grounded,"Natural, Wild",,,8,15,,
0933,Naclstack,2,common,0.9,24,36,,,any,any,,grounded,"Salt, Natural, Wild",,,,,any,
0933,Naclstack,3,common,0.9,24,36,Nether Quartz,,any,any,,grounded,,,,,,any,
0934,Garganacl,1,common,0.06,38,50,Badlands,,any,any,,grounded,"Natural, Wild",,,8,15,,
0934,Garganacl,2,common,0.1,38,50,,,any,any,,grounded,"Salt, Natural, Wild",,,,,any,
0934,Garganacl,3,common,0.1,38,50,Nether Quartz,,any,any,,grounded,,,,,,any,
0935,Charcadet,1,uncommon,92,1,26,Nether,,any,any,,grounded,"Natural, Nether_Structures",,,,,any,
0935,Charcadet,2,uncommon,18.4,1,26,Overworld,,any,any,,grounded,Ruined_Portal,,,,,any,
0935,Charcadet,3,uncommon,9.2,1,26,Aether,,any,any,,grounded,,structure:#aether:dungeons,,0,7,,
0936,Armarouge,1,uncommon,4,21,53,Nether,,any,any,,grounded,"Natural, Nether_Structures",,,,,any,
0936,Armarouge,2,uncommon,0.8,21,53,Overworld,,any,any,,grounded,Ruined_Portal,,,,,any,
0936,Armarouge,3,uncommon,0.4,21,53,Aether,,any,any,,grounded,,structure:#aether:dungeons,,0,7,,
0937,Ceruledge,1,uncommon,4,21,53,Nether,,any,any,,grounded,"Natural, Nether_Structures",,,,,any,
0937,Ceruledge,2,uncommon,0.8,21,53,Overworld,,any,any,,grounded,Ruined_Portal,,,,,any,
0937,Ceruledge,3,uncommon,0.4,21,53,Aether,,any,any,,grounded,,structure:#aether:dungeons,,0,7,,
0938,Tadbulb,1,common,5.7,2,27,Freshwater,Freezing,any,any,Storm x5,grounded,Natural,,,8,15,,
0939,Bellibolt,1,common,0.3,22,50,Freshwater,Freezing,any,any,Storm x5,grounded,Natural,,,8,15,,
0940,Wattrel,1,common,1.8,3,28,"Island, Ocean, Sky",,any,any,Storm x5,grounded,Natural,,,8,15,FALSE,
0940,Wattrel,2,common,1.8,3,28,"Island, Ocean, Sky",,any,any,Storm x5,grounded,,,,,,TRUE,
0940,Wattrel,3,common,1.8,3,28,Coast,"Beach, Freezing",night,any,Storm x5,grounded,Natural,,,8,15,FALSE,
0940,Wattrel,4,common,1.8,3,28,Coast,"Beach, Freezing",night,any,Storm x5,grounded,,,,,,TRUE,
0940,Wattrel,5,uncommon,9,3,28,"Coast, Island, Ocean, Sky","Beach, Freezing",any,any,Storm x5,surface,Water,,,8,15,,
0940,Wattrel,7,uncommon,5.04,3,28,"Ocean, Sky",Freezing,day,any,Storm x5,fishing,,,minLureLevel = 1,8,15,,
0940,Wattrel,8,common,1.8,3,28,"Ocean, Sky",Freezing,day,any,"Storm x5, Lure3 x3",fishing,,minLureLevel = 1,,8,15,,
0941,Kilowattrel,1,common,0.2,25,49,"Island, Ocean, Sky",,any,any,Storm x5,grounded,Natural,,,8,15,FALSE,
0941,Kilowattrel,2,common,0.2,25,49,"Island, Ocean, Sky",,any,any,Storm x5,grounded,,,,,,TRUE,
0941,Kilowattrel,3,common,0.2,25,49,Coast,"Beach, Freezing",night,any,Storm x5,grounded,Natural,,,8,15,FALSE,
0941,Kilowattrel,4,common,0.2,25,49,Coast,"Beach, Freezing",night,any,Storm x5,grounded,,,,,,TRUE,
0941,Kilowattrel,5,uncommon,1,25,49,"Coast, Island, Ocean, Sky","Beach, Freezing",any,any,Storm x5,surface,Water,,,8,15,,
0941,Kilowattrel,7,uncommon,0.96,25,49,"Ocean, Sky",Freezing,day,any,Storm x5,fishing,,,minLureLevel = 1,8,15,,
0941,Kilowattrel,8,common,0.2,25,49,"Ocean, Sky",Freezing,day,any,"Storm x5, Lure3 x3",fishing,,minLureLevel = 1,,8,15,,
0942,Maschiff,1,common,5.4,9,34,Overworld,,any,any,,grounded,"Natural, Urban",,,8,15,,
0942,Maschiff,2,common,5.4,9,34,Overworld,,any,any,,grounded,Natural,structure:#minecraft:village,,8,15,,
0942,Maschiff,3,common,90,9,34,Overworld,,any,any,,grounded,"Natural, Pillager_Outpost",,,8,15,,
0942,Maschiff,4,common,90,9,34,Overworld,,any,any,,grounded,"Natural, Mansion",,,8,15,,
0943,Mabosstiff,1,common,0.6,30,51,Overworld,,any,any,,grounded,"Natural, Urban",,,8,15,,
0943,Mabosstiff,2,common,0.6,30,51,Overworld,,any,any,,grounded,Natural,structure:#minecraft:village,,8,15,,
0943,Mabosstiff,3,common,10,30,51,Overworld,,any,any,,grounded,"Natural, Pillager_Outpost",,,8,15,,
0943,Mabosstiff,4,common,10,30,51,Overworld,,any,any,,grounded,"Natural, Mansion",,,8,15,,
0944,Shroodle,1,common,1.8,4,29,"Jungle, Tropical Island",,night,any,,grounded,"Natural, Treetop, Wild",,,8,15,,
0945,Grafaiai,1,common,0.2,28,49,"Jungle, Tropical Island",,night,any,,grounded,"Natural, Treetop, Wild",,,8,15,,
0946,Bramblin,1,common,9,3,28,"Badlands, Desert",,any,any,Night x1.5,grounded,Natural,,,8,15,,
0946,Bramblin,2,common,9,3,28,Nether Desert,,any,any,,grounded,Natural,,,,,any,
0947,Brambleghast,1,common,1,23,48,"Badlands, Desert",,any,any,Night x1.5,grounded,Natural,,,8,15,,
0947,Brambleghast,2,common,1,23,48,Nether Desert,,any,any,,grounded,Natural,,,,,any,
0948,Toedscool,1,common,9,9,34,Mushroom,,any,any,,grounded,"Natural, Wild",,,8,15,,
0948,Toedscool,2,common,5.4,9,34,Nether Fungus,Nether Warped,any,any,,grounded,"Natural, Wild",,,,,any,
0949,Toedscruel,1,common,1,30,52,Mushroom,,any,any,,grounded,"Natural, Wild",,,8,15,,
0949,Toedscruel,2,common,0.6,30,52,Nether Fungus,Nether Warped,any,any,,grounded,"Natural, Wild",,,,,any,
0950,Klawf,1,uncommon,10,20,45,Badlands,,any,any,,grounded,"Natural, Wild",,,8,15,,
0951,Capsakid,1,common,1.9,5,30,Arid,,any,any,,grounded,Natural,,,8,15,,
0951,Capsakid,2,common,5.7,5,30,Nether Overgrowth,,any,any,,grounded,Natural,,,,,any,
0952,Scovillain,1,common,0.1,25,49,Arid,,any,any,,grounded,Natural,,,8,15,,
0952,Scovillain,2,common,0.3,25,49,Nether Overgrowth,,any,any,,grounded,Natural,,,,,any,
0953,Rellor,1,common,1.9,2,27,Arid,,,,,grounded,"Natural, Wild",,,,,,
0954,Rabsca,1,common,0.1,22,47,Arid,,,,,grounded,"Natural, Wild",,,,,,
0955,Flittle,1,uncommon,5.04,1,26,Arid,,any,any,Night x0.25,grounded,"Natural, Wild",,,8,15,,
0956,Espathra,1,uncommon,0.96,35,48,Arid,,any,any,Night x0.25,grounded,"Natural, Wild",,,8,15,,
0957,Tinkatink,1,common,18,5,30,Overworld,,any,any,,grounded,"Natural, Wild",structure:#cobblemon:ruin,,8,15,,
0957,Tinkatink,2,uncommon,8.4,5,30,Aether,,any,any,,grounded,,structure:#aether:dungeons,,0,7,,
0958,Tinkatuff,1,common,1.8,24,38,Overworld,,any,any,,grounded,"Natural, Wild",structure:#cobblemon:ruin,,8,15,,
0958,Tinkatuff,2,uncommon,1.44,24,38,Aether,,any,any,,grounded,,structure:#aether:dungeons,,0,7,,
0959,Tinkaton,1,common,0.2,38,51,Overworld,,any,any,,grounded,"Natural, Wild",structure:#cobblemon:ruin,,8,15,,
0959,Tinkaton,2,uncommon,0.16,38,51,Aether,,any,any,,grounded,,structure:#aether:dungeons,,0,7,,
0960,Wiglett,1,common,1.8,1,25,Beach,Freezing,any,any,,grounded,Natural,,,8,15,,
0960,Wiglett,2,common,5.4,1,25,"Lukewarm Ocean, Warm Ocean",,any,any,,seafloor,Water,,,,,TRUE,
0961,Wugtrio,1,common,0.2,26,43,Beach,Freezing,any,any,,grounded,Natural,,,8,15,,
0961,Wugtrio,2,common,0.6,26,43,"Lukewarm Ocean, Warm Ocean",,any,any,,seafloor,Water,,,,,TRUE,
0963,Finizen,1,uncommon,5.04,7,32,Ocean,,any,any,,submerged,Water,,,,,TRUE,
0963,Finizen,2,uncommon,5.04,7,32,Ocean,,any,any,,fishing,,,minLureLevel = 1,,,TRUE,
0963,Finizen,3,common,1.8,7,32,Ocean,,any,any,Lure3 x3,fishing,,minLureLevel = 1,,,,TRUE,
0963,Finizen,4,uncommon,5.04,7,32,Ocean,,any,any,,submerged,Water,,,8,15,FALSE,
0963,Finizen,5,uncommon,5.04,7,32,Ocean,,any,any,,fishing,,,minLureLevel = 1,8,15,FALSE,
0963,Finizen,6,common,1.8,7,32,Ocean,,any,any,Lure3 x3,fishing,,minLureLevel = 1,,8,15,FALSE,
0964,Palafin,1,uncommon,0.96,38,46,Ocean,,any,any,,submerged,Water,,,,,TRUE,
0964,Palafin,2,uncommon,0.96,38,46,Ocean,,any,any,,fishing,,,minLureLevel = 1,,,TRUE,
0964,Palafin,3,common,0.2,38,46,Ocean,,any,any,Lure3 x3,fishing,,minLureLevel = 1,,,,TRUE,
0964,Palafin,4,uncommon,0.96,38,46,Ocean,,any,any,,submerged,Water,,,8,15,FALSE,
0964,Palafin,5,uncommon,0.96,38,46,Ocean,,any,any,,fishing,,,minLureLevel = 1,8,15,FALSE,
0964,Palafin,6,common,0.2,38,46,Ocean,,any,any,Lure3 x3,fishing,,minLureLevel = 1,,8,15,FALSE,
0965,Varoom,1,uncommon,5.04,5,30,Badlands,,any,any,,grounded,Natural,,,8,15,,
0965,Varoom,2,uncommon,5.04,5,30,Overworld,,any,any,,grounded,,"on minecraft:white_concrete, on minecraft:orange_concrete, on minecraft:magenta_concrete, on minecraft:light_blue_concrete, on minecraft:yellow_concrete, on minecraft:lime_concrete, on minecraft:pink_concrete, on minecraft:gray_concrete, on minecraft:light_gray_concrete, on minecraft:cyan_concrete, on minecraft:purple_concrete, on minecraft:blue_concrete, on minecraft:brown_concrete, on minecraft:green_concrete, on minecraft:red_concrete, on minecraft:black_concrete",,8,15,,
0966,Revavroom,1,uncommon,0.96,40,50,Badlands,,any,any,,grounded,Natural,,,8,15,,
0966,Revavroom,2,uncommon,0.96,40,50,Overworld,,any,any,,grounded,,"on minecraft:white_concrete, on minecraft:orange_concrete, on minecraft:magenta_concrete, on minecraft:light_blue_concrete, on minecraft:yellow_concrete, on minecraft:lime_concrete, on minecraft:pink_concrete, on minecraft:gray_concrete, on minecraft:light_gray_concrete, on minecraft:cyan_concrete, on minecraft:purple_concrete, on minecraft:blue_concrete, on minecraft:brown_concrete, on minecraft:green_concrete, on minecraft:red_concrete, on minecraft:black_concrete",,8,15,,
0967,Cyclizar,1,rare,6,25,50,"Badlands, Grassland",,any,any,Night x0.25,grounded,Natural,,,8,15,,
0968,Orthworm,1,uncommon,6,23,48,"Badlands, Desert",,any,any,,grounded,Natural,,,8,15,,
0968,Orthworm,2,common,6,23,48,"Badlands, Desert",,any,any,,grounded,Natural,minY = 0,,0,7,,
0968,Orthworm,3,uncommon,6,23,48,Overworld,"Badlands, Desert",any,any,,grounded,Natural,minY = 0,#minecraft:iron_ores,0,7,,
0968,Orthworm,4,common,6,23,48,Overworld,"Badlands, Desert",any,any,,grounded,Natural,"minY = 0, #minecraft:iron_ores",,0,7,,
0968,Orthworm,5,uncommon,10,23,48,Nether Desert,,any,any,,grounded,Natural,,,,,any,
0969,Glimmet,1,common,9,10,35,Overworld,,any,any,,grounded,Natural,#cobblemon:gemstones,,0,7,,
0969,Glimmet,2,common,1.8,10,35,Nether Quartz,,any,any,,grounded,,,,,,any,
0969,Glimmet,3,common,9,10,35,"Crystal Canyon, Crystalline Chasm",,any,any,,grounded,,,,,,any,
0970,Glimmora,1,common,1,35,53,Overworld,,any,any,,grounded,Natural,#cobblemon:gemstones,,0,7,,
0970,Glimmora,2,common,0.2,35,53,Nether Quartz,,any,any,,grounded,,,,,,any,
0970,Glimmora,3,common,1,35,53,"Crystal Canyon, Crystalline Chasm",,any,any,,grounded,,,,,,any,
0973,Flamigo,1,common,6,25,50,"Jungle, Savanna, Swamp, Tropical Island",,any,any,Night x0.25,grounded,Natural,minecraft:water,,8,15,,
0973,Flamigo,2,uncommon,6,25,50,"Jungle, Savanna, Swamp, Tropical Island",,day,any,,surface,Water,,,8,15,,
0973,Flamigo,4,uncommon,6,25,50,Aether,,any,any,,grounded,Natural,minecraft:water,,8,15,,
0974,Cetoddle,1,uncommon,5.52,8,33,Frozen Ocean,,any,any,,grounded,"Natural, Wild",,,8,15,,
0974,Cetoddle,2,uncommon,9.2,8,33,"Glacial, Tundra",,any,any,,grounded,"Natural, Wild",,,8,15,,
0975,Cetitan,1,uncommon,0.48,28,52,Frozen Ocean,,any,any,,grounded,"Natural, Wild",,,8,15,,
0975,Cetitan,2,uncommon,0.8,28,52,"Glacial, Tundra",,any,any,,grounded,"Natural, Wild",,,8,15,,
0976,Veluza,1,uncommon,10,23,48,Ocean,,any,any,,submerged,Water,,,,,TRUE,
0976,Veluza,2,uncommon,10,23,48,Ocean,,any,any,,fishing,,,minLureLevel = 1,,,TRUE,
0976,Veluza,3,common,2,23,48,Ocean,,any,any,Lure3 x3,fishing,,minLureLevel = 1,,,,TRUE,
0976,Veluza,4,uncommon,10,23,48,Ocean,,any,any,,submerged,Water,,,8,15,FALSE,
0976,Veluza,5,uncommon,10,23,48,Ocean,,any,any,,fishing,,,minLureLevel = 1,8,15,FALSE,
0976,Veluza,6,common,2,23,48,Ocean,,any,any,Lure3 x3,fishing,,minLureLevel = 1,,8,15,FALSE,
0976,Veluza,7,uncommon,10,23,48,Overworld,,any,any,,submerged,Water,"structure:cobblemon:shipwreck_coves/submerged_shipwreck_cove, minY = -60, maxY = 13",,,,FALSE,
0976,Veluza,8,uncommon,10,23,48,Overworld,,any,any,,fishing,,"structure:cobblemon:shipwreck_coves/submerged_shipwreck_cove, minY = -60, maxY = 13",minLureLevel = 1,,,FALSE,
0976,Veluza,9,common,2,23,48,Overworld,,any,any,Lure3 x3,fishing,,"minLureLevel = 1, structure:cobblemon:shipwreck_coves/submerged_shipwreck_cove, minY = -60, maxY = 13",,,,FALSE,
0977,Dondozo,1,rare,10,28,53,Swamp,,any,any,,submerged,Water,,,,,TRUE,
0977,Dondozo,2,rare,10,28,53,"Bamboo, Forest, Jungle, Swamp",,any,any,,fishing,,,,,,TRUE,
0977,Dondozo,3,rare,10,28,53,Swamp,,any,any,,submerged,Water,,,8,15,FALSE,
0977,Dondozo,4,rare,10,28,53,"Bamboo, Forest, Jungle, Swamp",,any,any,,fishing,,,,8,15,FALSE,
0978,Tatsugiri,1,rare,10,23,48,Swamp,,any,any,,grounded,"Natural, Wild",,,8,15,,
0978,Tatsugiri,2,rare,10,23,48,Swamp,,any,any,,submerged,Water,,,,,TRUE,
0978,Tatsugiri,3,rare,10,23,48,"Bamboo, Forest, Jungle, Swamp",,any,any,,fishing,,,,,,TRUE,
0978,Tatsugiri,4,rare,10,23,48,Swamp,,any,any,,submerged,Water,,,8,15,FALSE,
0978,Tatsugiri,5,rare,10,23,48,"Bamboo, Forest, Jungle, Swamp",,any,any,,fishing,,,,8,15,FALSE,
0979,Annihilape,1,common,0.06,35,54,"Hills, Jungle",,any,any,,grounded,"Natural, Treetop",,,8,15,,
0980,Clodsire,1,common,1,20,43,Muddy,,any,any,,grounded,Natural,,,8,15,,
0980,Clodsire,2,common,1,20,43,Muddy,,any,any,,submerged,Water,,,,,TRUE,
0980,Clodsire,3,uncommon,1.6,20,43,Savanna,,any,any,,submerged,Water,,,,,TRUE,
0980,Clodsire,4,uncommon,1.6,20,43,Savanna,,any,any,,grounded,Natural,minecraft:water,,8,15,,
0980,Clodsire,5,common,1,20,43,Muddy,,any,any,,fishing,,,,,,TRUE,
0980,Clodsire,6,uncommon,1.6,20,43,Arid,,any,any,,fishing,,,minLureLevel = 1,,,TRUE,
0980,Clodsire,7,common,1,20,43,Arid,,any,any,Lure1/2 x0.6,fishing,,minLureLevel = 1,,,,TRUE,
0980,Clodsire,8,common,1,20,43,Muddy,,any,any,,submerged,Water,,,8,15,FALSE,
0980,Clodsire,9,uncommon,1.6,20,43,Savanna,,any,any,,submerged,Water,,,8,15,FALSE,
0980,Clodsire,10,common,1,20,43,Muddy,,any,any,,fishing,,,,8,15,FALSE,
0980,Clodsire,11,uncommon,1.6,20,43,Arid,,any,any,,fishing,,,minLureLevel = 1,8,15,FALSE,
0980,Clodsire,12,common,1,20,43,Arid,,any,any,Lure1/2 x0.6,fishing,,minLureLevel = 1,,8,15,FALSE,
0981,Farigiraf,1,common,0.6,32,45,Savanna,,any,any,Night x0.25,grounded,"Natural, Wild",,,8,15,,
0982,Dudunsparce,1,uncommon,0.3168,32,52,Overworld,Deep Dark,any,any,,grounded,Natural,,,0,7,,landsnake_form=two-segment
0982,Dudunsparce,2,uncommon,0.0032,32,52,Overworld,Deep Dark,any,any,,grounded,Natural,,,0,7,,landsnake_form=three-segment
0999,Gimmighoul [Roaming],1,common,60,5,30,Overworld,,any,any,,grounded,,"structure:#cobblemon:ruin, minY = 48",,,,any,
0999,Gimmighoul [Roaming],2,common,100,5,30,Overworld,,any,any,,grounded,,"structure:#cobblemon:ruins/arch, minY = -37, maxY = 10",,,,any,
0999,Gimmighoul [Roaming],3,uncommon,10,5,30,Aether,,any,any,,grounded,,structure:#aether:dungeons,,0,7,,
0999,Gimmighoul [Chest],4,rare,60,5,30,Overworld,,any,any,,grounded,,"structure:#cobblemon:ruin, minY = 48",,,,any,
0999,Gimmighoul [Chest],5,rare,100,5,30,Overworld,,any,any,,grounded,,"structure:#cobblemon:ruins/arch, minY = -37, maxY = 10",,,,any,
0999,Gimmighoul [Chest],6,rare,10,5,30,Aether,,any,any,,grounded,,structure:#aether:dungeons,,0,7,,
1012,Poltchageist,1,uncommon,9.108,6,31,"Arid, Bamboo, Cherry Blossom, Forest, Island, Jungle, Ocean, Swamp, Thermal, Volcanic","Magical, Spooky",day,any,,grounded,,"structure:#minecraft:village, minY = 62",,,,FALSE,matcha_authenticity=counterfeit
1012,Poltchageist,2,uncommon,0.092,6,31,"Arid, Bamboo, Cherry Blossom, Forest, Island, Jungle, Ocean, Swamp, Thermal, Volcanic","Magical, Spooky",day,any,,grounded,,"structure:#minecraft:village, minY = 62",,,,FALSE,matcha_authenticity=artisan
1012,Poltchageist,3,uncommon,9.108,6,31,"Arid, Bamboo, Cherry Blossom, Forest, Island, Jungle, Ocean, Swamp, Thermal, Volcanic","Magical, Spooky",night,any,,grounded,,"structure:#minecraft:village, minY = 62",,,,any,matcha_authenticity=counterfeit
1012,Poltchageist,4,uncommon,0.092,6,31,"Arid, Bamboo, Cherry Blossom, Forest, Island, Jungle, Ocean, Swamp, Thermal, Volcanic","Magical, Spooky",night,any,,grounded,,"structure:#minecraft:village, minY = 62",,,,any,matcha_authenticity=artisan
1013,Sinistcha,1,uncommon,0.792,26,51,"Arid, Bamboo, Cherry Blossom, Forest, Island, Jungle, Ocean, Swamp, Thermal, Volcanic","Magical, Spooky",day,any,,grounded,,"structure:#minecraft:village, minY = 62",,,,FALSE,matcha_authenticity=unremarkable
1013,Sinistcha,2,uncommon,0.008,26,51,"Arid, Bamboo, Cherry Blossom, Forest, Island, Jungle, Ocean, Swamp, Thermal, Volcanic","Magical, Spooky",day,any,,grounded,,"structure:#minecraft:village, minY = 62",,,,FALSE,matcha_authenticity=masterpiece
1013,Sinistcha,3,uncommon,0.792,26,51,"Arid, Bamboo, Cherry Blossom, Forest, Island, Jungle, Ocean, Swamp, Thermal, Volcanic","Magical, Spooky",night,any,,grounded,,"structure:#minecraft:village, minY = 62",,,,any,matcha_authenticity=unremarkable
1013,Sinistcha,4,uncommon,0.008,26,51,"Arid, Bamboo, Cherry Blossom, Forest, Island, Jungle, Ocean, Swamp, Thermal, Volcanic","Magical, Spooky",night,any,,grounded,,"structure:#minecraft:village, minY = 62",,,,any,matcha_authenticity=masterpiece